{"type": "Topology", "objects": {"data": {"geometries": [{"properties": {"state_abbr": "NY", "state_name": "New York", "emissions": {"2010": {"total_direct": 51365072.483277, "total_supplier": 58307653.3}, "2011": {"total_direct": 49137462.3532903, "total_supplier": 59193209.3}, "2012": {"total_direct": 47685653.647327, "total_supplier": 99130072.9}, "2013": {"total_direct": 44713490.9308889, "total_supplier": 91762602.115909}, "2014": {"total_direct": 45057164.7428018, "total_supplier": 88422731.884}, "2015": {"total_direct": 43944275.7991024, "total_supplier": 95332333.0}, "2016": {"total_direct": 40936215.5389021, "total_supplier": 96332538.07}, "2017": {"total_direct": 35484459.4353075, "total_supplier": 81768708.1192448}, "2018": {"total_direct": 38282811.6985066, "total_supplier": 85051656.030517}, "2019": {"total_direct": 35192945.7974111, "total_supplier": 84092388.8732043}, "2020": {"total_direct": 36612463.7931051, "total_supplier": 76538055.417902}, "2021": {"total_direct": 38086620.7195102, "total_supplier": 69206292.276468}, "2022": {"total_direct": 40360777.8004925, "total_supplier": 72128583.394069}, "2023": {"total_direct": 38090037.3433306, "total_supplier": 73347453.45538}}, "company_violations_2023": null}, "type": "Polygon", "arcs": [[-57, -81, -59, -161, 0, -187, -261, 1]], "id": "NY"}, {"properties": {"state_abbr": "NV", "state_name": "Nevada", "emissions": {"2010": {"total_direct": 20057971.05857, "total_supplier": 11859339.4}, "2011": {"total_direct": 18106771.87125, "total_supplier": 11863301.8}, "2012": {"total_direct": 18362186.891036, "total_supplier": 11880143.1}, "2013": {"total_direct": 19288901.652, "total_supplier": 12554736.188855}, "2014": {"total_direct": 19833535.472, "total_supplier": 10892754.2}, "2015": {"total_direct": 18269929.954, "total_supplier": 11884657.5}, "2016": {"total_direct": 17584541.442, "total_supplier": 11647543.8}, "2017": {"total_direct": 16339289.762, "total_supplier": 11601884.1}, "2018": {"total_direct": 17129182.658, "total_supplier": 12619851.0}, "2019": {"total_direct": 17169348.6032, "total_supplier": 13577217.8}, "2020": {"total_direct": 16957748.7328, "total_supplier": 12880476.2}, "2021": {"total_direct": 17320531.5616, "total_supplier": 12648332.6}, "2022": {"total_direct": 16333834.4328, "total_supplier": 13371821.0}, "2023": {"total_direct": 15785487.586321998, "total_supplier": 13158776.0}}, "company_violations_2023": null}, "type": "Polygon", "arcs": [[-167, -71, -91, -179, -63]], "id": "NV"}, {"properties": {"state_abbr": "AK", "state_name": "Alaska", "emissions": {"2010": {"total_direct": 17544758.662, "total_supplier": 2607191.4}, "2011": {"total_direct": 20227318.286, "total_supplier": 2674696.9}, "2012": {"total_direct": 20396143.286321, "total_supplier": 16533468.688}, "2013": {"total_direct": 20250210.782, "total_supplier": 17443786.7}, "2014": {"total_direct": 19580624.878, "total_supplier": 15666712.792912}, "2015": {"total_direct": 19879134.68, "total_supplier": 15548391.81}, "2016": {"total_direct": 20321383.084, "total_supplier": 14673083.9}, "2017": {"total_direct": 20840268.662, "total_supplier": 14579952.3951}, "2018": {"total_direct": 19762193.252, "total_supplier": 13957303.4741}, "2019": {"total_direct": 19964751.042, "total_supplier": 13560998.7647786}, "2020": {"total_direct": 19484735.954, "total_supplier": 12146185.2}, "2021": {"total_direct": 19376105.716, "total_supplier": 14478114.6}, "2022": {"total_direct": 19631251.7852, "total_supplier": 13725739.3969}, "2023": {"total_direct": 19581671.8476, "total_supplier": 14831870.8277017}}, "company_violations_2023": null}, "type": "MultiPolygon", "arcs": [[[2]], [[3]], [[4]], [[5]], [[6]], [[7]], [[8]], [[9]], [[10]], [[11]], [[12]], [[13]], [[14]], [[15]], [[16]], [[17]], [[18]], [[19]], [[20]], [[21]], [[22]], [[23]], [[24]], [[25]], [[26]], [[27]], [[28]], [[29]], [[30]], [[31]], [[32]], [[33]], [[34]], [[35]], [[36]], [[37]], [[38]], [[39]], [[40]], [[41]], [[42]], [[43]], [[44]], [[45]], [[46]], [[47]], [[48]], [[49]], [[50]], [[51]]], "id": "AK"}, {"properties": {"state_abbr": "AS", "state_name": "American Samoa", "emissions": {}, "company_violations_2023": null}, "type": "MultiPolygon", "arcs": [[[52]], [[53]], [[54]], [[55]]], "id": "AS"}, {"properties": {"state_abbr": "VT", "state_name": "Vermont", "emissions": {"2010": {"total_direct": 288909.25, "total_supplier": 464670.7}, "2011": {"total_direct": 663797.6096, "total_supplier": 470947.8}, "2012": {"total_direct": 615030.3169, "total_supplier": 450872.6}, "2013": {"total_direct": 532414.8842, "total_supplier": 526866.3}, "2014": {"total_direct": 504407.08888, "total_supplier": 568822.4}, "2015": {"total_direct": 509491.209242, "total_supplier": 640909.5}, "2016": {"total_direct": 458215.365228, "total_supplier": 661158.8}, "2017": {"total_direct": 435206.6993, "total_supplier": 0.0}, "2018": {"total_direct": 440835.8006270001, "total_supplier": 744991.0}, "2019": {"total_direct": 467825.341656, "total_supplier": 759771.7}, "2020": {"total_direct": 437124.9293420001, "total_supplier": 703885.7}, "2021": {"total_direct": 446168.465097, "total_supplier": 728698.8}, "2022": {"total_direct": 422093.191299, "total_supplier": 744808.3}, "2023": {"total_direct": 293263.302772, "total_supplier": 698287.0}}, "company_violations_2023": null}, "type": "Polygon", "arcs": [[-82, 56, 57, -174, -173, -172]], "id": "VT"}, {"properties": {"state_abbr": "CT", "state_name": "Connecticut", "emissions": {"2010": {"total_direct": 10307078.672125, "total_supplier": 8942095.7}, "2011": {"total_direct": 9117371.436373, "total_supplier": 9152834.4}, "2012": {"total_direct": 9324963.102327, "total_supplier": 15632245.8}, "2013": {"total_direct": 9293746.141, "total_supplier": 13357916.1936}, "2014": {"total_direct": 9186232.937, "total_supplier": 26042740.04344}, "2015": {"total_direct": 9930416.846, "total_supplier": 24125278.5499269}, "2016": {"total_direct": 9394609.774, "total_supplier": 28067992.528468}, "2017": {"total_direct": 8603202.485, "total_supplier": 30683871.890098}, "2018": {"total_direct": 10446138.656, "total_supplier": 27085444.815443}, "2019": {"total_direct": 9729531.196, "total_supplier": 28620498.819191}, "2020": {"total_direct": 10946572.372, "total_supplier": 24833214.3839181}, "2021": {"total_direct": 11358830.757, "total_supplier": 19640220.183216}, "2022": {"total_direct": 11216873.997, "total_supplier": 18247974.625743}, "2023": {"total_direct": 11068507.6302, "total_supplier": 22669796.7043}}, "company_violations_2023": null}, "type": "Polygon", "arcs": [[-80, -162, 58]], "id": "CT"}, {"properties": {"state_abbr": "DE", "state_name": "Delaware", "emissions": {"2010": {"total_direct": 4750822.898, "total_supplier": 2605023.9}, "2011": {"total_direct": 6870282.943, "total_supplier": 3518352.6}, "2012": {"total_direct": 9246066.735, "total_supplier": 24928478.4}, "2013": {"total_direct": 8287914.385, "total_supplier": 23796696.1}, "2014": {"total_direct": 8204662.074, "total_supplier": 24354305.9}, "2015": {"total_direct": 8086462.149, "total_supplier": 22437567.0}, "2016": {"total_direct": 8355470.982, "total_supplier": 24451624.6}, "2017": {"total_direct": 7068132.143, "total_supplier": 21929906.7}, "2018": {"total_direct": 7037571.48, "total_supplier": 23743311.2}, "2019": {"total_direct": 5947428.8100000005, "total_supplier": 21960667.7}, "2020": {"total_direct": 5906935.234, "total_supplier": 15204857.1}, "2021": {"total_direct": 6062394.149999999, "total_supplier": 15388852.8353675}, "2022": {"total_direct": 6644048.603999999, "total_supplier": 22485707.9}, "2023": {"total_direct": 5816608.504000001, "total_supplier": 20242697.1}}, "company_violations_2023": null}, "type": "Polygon", "arcs": [[59, -159, -263, -186]], "id": "DE"}, {"properties": {"state_abbr": "NM", "state_name": "New Mexico", "emissions": {"2010": {"total_direct": 35731684.215411, "total_supplier": 13274892.5}, "2011": {"total_direct": 43720308.932021, "total_supplier": 12755732.5}, "2012": {"total_direct": 42548820.237678, "total_supplier": 29522928.5742}, "2013": {"total_direct": 42410297.975454, "total_supplier": 28476490.2104}, "2014": {"total_direct": 38487092.9140236, "total_supplier": 27789197.7045294}, "2015": {"total_direct": 38235748.5340246, "total_supplier": 27857136.5093665}, "2016": {"total_direct": 34925826.76268, "total_supplier": 27070654.97001}, "2017": {"total_direct": 34831417.217574, "total_supplier": 27374793.4155}, "2018": {"total_direct": 31840173.772407863, "total_supplier": 28991033.470110837}, "2019": {"total_direct": 33150370.869898044, "total_supplier": 27258498.74990551}, "2020": {"total_direct": 30151845.4036705, "total_supplier": 22862251.96326585}, "2021": {"total_direct": 29028302.71233394, "total_supplier": 21204156.764315262}, "2022": {"total_direct": 28524566.814383432, "total_supplier": 20622102.72106873}, "2023": {"total_direct": 23748877.563545093, "total_supplier": 19351624.7758284}}, "company_violations_2023": null}, "type": "Polygon", "arcs": [[60, -89, -256, -73, -94]], "id": "NM"}, {"properties": {"state_abbr": "NC", "state_name": "North Carolina", "emissions": {"2010": {"total_direct": 80847772.4414, "total_supplier": 20694374.7}, "2011": {"total_direct": 71879981.381975, "total_supplier": 18875928.6}, "2012": {"total_direct": 67241763.315835, "total_supplier": 22012548.6}, "2013": {"total_direct": 65564167.190771, "total_supplier": 26012337.1}, "2014": {"total_direct": 67631143.862611, "total_supplier": 27044769.7}, "2015": {"total_direct": 63112242.962436, "total_supplier": 29351202.6}, "2016": {"total_direct": 63107917.738066, "total_supplier": 31361492.0}, "2017": {"total_direct": 58024179.461966, "total_supplier": 30260743.4}, "2018": {"total_direct": 59348255.365884, "total_supplier": 36290237.7}, "2019": {"total_direct": 56640602.125092, "total_supplier": 34972631.4}, "2020": {"total_direct": 45928973.493955, "total_supplier": 34611335.3}, "2021": {"total_direct": 49449728.861853, "total_supplier": 38920573.2}, "2022": {"total_direct": 49432406.76832301, "total_supplier": 44545017.7}, "2023": {"total_direct": 44658027.997787, "total_supplier": 41563953.0}}, "company_violations_2023": null}, "type": "Polygon", "arcs": [[61, -198, -65, -74, -85]], "id": "NC"}, {"properties": {"state_abbr": "WI", "state_name": "Wisconsin", "emissions": {"2010": {"total_direct": 56084090.230995, "total_supplier": 20271635.4}, "2011": {"total_direct": 55613788.537499, "total_supplier": 20939013.3}, "2012": {"total_direct": 49982146.35314, "total_supplier": 26226352.277}, "2013": {"total_direct": 55711551.456, "total_supplier": 28312798.71458}, "2014": {"total_direct": 52336540.206, "total_supplier": 30132647.4515}, "2015": {"total_direct": 53882568.95, "total_supplier": 28824360.1}, "2016": {"total_direct": 50327922.126, "total_supplier": 30345012.4995}, "2017": {"total_direct": 52637500.294, "total_supplier": 30289184.112000003}, "2018": {"total_direct": 50693553.82, "total_supplier": 29707629.0}, "2019": {"total_direct": 43461533.356, "total_supplier": 29503198.2312}, "2020": {"total_direct": 40443249.79, "total_supplier": 27467527.46}, "2021": {"total_direct": 44538148.764, "total_supplier": 27578495.0}, "2022": {"total_direct": 39541754.166, "total_supplier": 30325619.9}, "2023": {"total_direct": 39516432.21751832, "total_supplier": 32193785.0522412}}, "company_violations_2023": null}, "type": "Polygon", "arcs": [[-146, -87, -147, -205, -204, -203, -202, -201]], "id": "WI"}, {"properties": {"state_abbr": "OR", "state_name": "Oregon", "emissions": {"2010": {"total_direct": 13696991.616807, "total_supplier": 5640233.0}, "2011": {"total_direct": 10590514.9409054, "total_supplier": 6165520.5}, "2012": {"total_direct": 11321770.6198048, "total_supplier": 5923544.2}, "2013": {"total_direct": 13310882.9472014, "total_supplier": 6039078.7}, "2014": {"total_direct": 12595512.960526, "total_supplier": 5846809.0}, "2015": {"total_direct": 13127027.1262043, "total_supplier": 5476121.3}, "2016": {"total_direct": 12144836.6756484, "total_supplier": 5805254.5}, "2017": {"total_direct": 11932563.954096, "total_supplier": 6636205.0}, "2018": {"total_direct": 12922456.00784, "total_supplier": 6028434.8}, "2019": {"total_direct": 15196460.59452, "total_supplier": 6524304.399999999}, "2020": {"total_direct": 13635158.141687, "total_supplier": 6060700.0}, "2021": {"total_direct": 13119864.0297483, "total_supplier": 6421675.899999999}, "2022": {"total_direct": 12120495.2650037, "total_supplier": 6761268.399999999}, "2023": {"total_direct": 13807369.8022543, "total_supplier": 6653513.8}}, "company_violations_2023": null}, "type": "Polygon", "arcs": [[-168, 62, -178, 63, -266]], "id": "OR"}, {"properties": {"state_abbr": "NE", "state_name": "Nebraska", "emissions": {"2010": {"total_direct": 31088106.1107, "total_supplier": 5813788.1}, "2011": {"total_direct": 33592107.50515, "total_supplier": 5496668.100000001}, "2012": {"total_direct": 32280083.865169, "total_supplier": 5218822.8}, "2013": {"total_direct": 33977912.872, "total_supplier": 6098420.9}, "2014": {"total_direct": 32371932.724, "total_supplier": 5956636.300000001}, "2015": {"total_direct": 31338797.454, "total_supplier": 5532272.4}, "2016": {"total_direct": 28889963.296, "total_supplier": 5444176.5}, "2017": {"total_direct": 29163890.634, "total_supplier": 5487675.199999999}, "2018": {"total_direct": 31623197.688, "total_supplier": 6195764.1}, "2019": {"total_direct": 28909544.7944, "total_supplier": 6334679.3}, "2020": {"total_direct": 26735050.0588, "total_supplier": 5988589.1}, "2021": {"total_direct": 26801083.3124, "total_supplier": 5982587.0}, "2022": {"total_direct": 27842237.3968, "total_supplier": 6231929.699999999}, "2023": {"total_direct": 25712581.4732, "total_supplier": 5890582.800000001}}, "company_violations_2023": null}, "type": "Polygon", "arcs": [[-226, -233, -253, -78, -247, -88]], "id": "NE"}, {"properties": {"state_abbr": "GA", "state_name": "Georgia", "emissions": {"2010": {"total_direct": 96153848.483396, "total_supplier": 16099647.9}, "2011": {"total_direct": 87529034.94734901, "total_supplier": 14425836.7}, "2012": {"total_direct": 75253387.010152, "total_supplier": 15034844.40443}, "2013": {"total_direct": 73691245.398, "total_supplier": 15329556.2512}, "2014": {"total_direct": 79089169.526, "total_supplier": 15899634.9576}, "2015": {"total_direct": 74462758.19, "total_supplier": 14444857.9}, "2016": {"total_direct": 75347752.0828, "total_supplier": 14396664.9}, "2017": {"total_direct": 68596517.8752, "total_supplier": 14312207.9}, "2018": {"total_direct": 69173472.8682118, "total_supplier": 15851415.900000002}, "2019": {"total_direct": 65877582.427534, "total_supplier": 15155742.6}, "2020": {"total_direct": 53272054.857111104, "total_supplier": 14634646.9}, "2021": {"total_direct": 57022057.439597, "total_supplier": 15379703.0}, "2022": {"total_direct": 55405079.3305988, "total_supplier": 15886563.3}, "2023": {"total_direct": 55111656.849206895, "total_supplier": 14791233.1}}, "company_violations_2023": null}, "type": "Polygon", "arcs": [[-141, -140, -139, -138, -137, -136, -135, -134, -133, -70, -75, 64, -197, -196, -195, -194, 192, 65, 66, -190, 67]], "id": "GA"}, {"properties": {"state_abbr": "AL", "state_name": "Alabama", "emissions": {"2010": {"total_direct": 101858388.012511, "total_supplier": 11959184.5}, "2011": {"total_direct": 111534101.98408, "total_supplier": 11940114.1}, "2012": {"total_direct": 103377032.56055, "total_supplier": 32737793.0836941}, "2013": {"total_direct": 102342840.0458, "total_supplier": 34658692.5366806}, "2014": {"total_direct": 104396193.46056, "total_supplier": 34677968.4340646}, "2015": {"total_direct": 98576807.592244, "total_supplier": 35580857.4260503}, "2016": {"total_direct": 90248524.12766, "total_supplier": 35903475.3668888}, "2017": {"total_direct": 85649276.985572, "total_supplier": 35176351.538073}, "2018": {"total_direct": 88309165.624172, "total_supplier": 36893750.2776851}, "2019": {"total_direct": 81763159.494432, "total_supplier": 36121392.4719847}, "2020": {"total_direct": 73985436.139524, "total_supplier": 35862603.7608649}, "2021": {"total_direct": 78670312.58876, "total_supplier": 40610101.3061112}, "2022": {"total_direct": 79866255.514996, "total_supplier": 39558652.124669}, "2023": {"total_direct": 72203823.206968, "total_supplier": 39320147.3186621}}, "company_violations_2023": null}, "type": "Polygon", "arcs": [[-132, 68, -216, -76, 69]], "id": "AL"}, {"properties": {"state_abbr": "UT", "state_name": "Utah", "emissions": {"2010": {"total_direct": 41540096.674025, "total_supplier": 10661729.1}, "2011": {"total_direct": 43599541.6530983, "total_supplier": 10813928.7}, "2012": {"total_direct": 41932910.4908214, "total_supplier": 34289140.0676575}, "2013": {"total_direct": 45150962.7627223, "total_supplier": 34405825.8364878}, "2014": {"total_direct": 44531805.8174023, "total_supplier": 36534316.8337099}, "2015": {"total_direct": 42899053.002267696, "total_supplier": 33222753.4483817}, "2016": {"total_direct": 37504772.7982896, "total_supplier": 36054100.0755434}, "2017": {"total_direct": 36818238.2756545, "total_supplier": 36827278.142939}, "2018": {"total_direct": 37573001.9959373, "total_supplier": 36404515.8411874}, "2019": {"total_direct": 37234717.1237561, "total_supplier": 39424517.9296453}, "2020": {"total_direct": 34458979.5845925, "total_supplier": 33533650.6860188}, "2021": {"total_direct": 38636459.4802579, "total_supplier": 42713858.2916565}, "2022": {"total_direct": 35652968.2518707, "total_supplier": 44802702.17152}, "2023": {"total_direct": 29386889.1438694, "total_supplier": 44551479.3671975}}, "company_violations_2023": null}, "type": "Polygon", "arcs": [[-77, -251, -92, 70, -166]], "id": "UT"}, {"properties": {"state_abbr": "OH", "state_name": "Ohio", "emissions": {"2010": {"total_direct": 156744678.048595, "total_supplier": 21182832.5}, "2011": {"total_direct": 151114814.02981156, "total_supplier": 20190685.0}, "2012": {"total_direct": 134945385.99729833, "total_supplier": 94851427.8728657}, "2013": {"total_direct": 138667494.161, "total_supplier": 98752482.1714955}, "2014": {"total_direct": 138542572.164, "total_supplier": 112188537.6101353}, "2015": {"total_direct": 121498282.62, "total_supplier": 121982463.7055041}, "2016": {"total_direct": 117440115.02743, "total_supplier": 126783321.9686227}, "2017": {"total_direct": 117666639.7474525, "total_supplier": 139724697.6000975}, "2018": {"total_direct": 114792630.504, "total_supplier": 149729453.8261215}, "2019": {"total_direct": 106624740.7844, "total_supplier": 157998176.5343009}, "2020": {"total_direct": 104962449.7977807, "total_supplier": 143589358.0796938}, "2021": {"total_direct": 107593133.4527964, "total_supplier": 151633366.4840425}, "2022": {"total_direct": 107993548.9430912, "total_supplier": 159598658.5937293}, "2023": {"total_direct": 102149369.6065439, "total_supplier": 159497930.6755855}}, "company_violations_2023": null}, "type": "Polygon", "arcs": [[-131, -130, -129, -128, -120, -237, -199, 71, -259]], "id": "OH"}, {"properties": {"state_abbr": "OK", "state_name": "Oklahoma", "emissions": {"2010": {"total_direct": 69072906.08408801, "total_supplier": 30694683.7}, "2011": {"total_direct": 88873546.583425, "total_supplier": 29350743.6}, "2012": {"total_direct": 89576300.959981, "total_supplier": 92045398.8213764}, "2013": {"total_direct": 85377217.46, "total_supplier": 94311338.4755134}, "2014": {"total_direct": 86327624.609, "total_supplier": 90646491.8801744}, "2015": {"total_direct": 84896253.02213, "total_supplier": 92633749.4308222}, "2016": {"total_direct": 86194183.6534, "total_supplier": 91780236.0923886}, "2017": {"total_direct": 83005482.624545, "total_supplier": 94640263.0074937}, "2018": {"total_direct": 87935360.04771991, "total_supplier": 98603171.9922434}, "2019": {"total_direct": 83279081.69675145, "total_supplier": 97724390.8219265}, "2020": {"total_direct": 75385821.72420771, "total_supplier": 93702388.3566757}, "2021": {"total_direct": 71963123.75638422, "total_supplier": 91532875.8499233}, "2022": {"total_direct": 71116410.77775127, "total_supplier": 91757969.8172365}, "2023": {"total_direct": 70043558.07640082, "total_supplier": 78955067.8028339}}, "company_violations_2023": null}, "type": "Polygon", "arcs": [[-225, -211, -100, -99, -98, -97, -96, -95, 72, -255, -232]], "id": "OK"}, {"properties": {"state_abbr": "TN", "state_name": "Tennessee", "emissions": {"2010": {"total_direct": 57319219.719738, "total_supplier": 7835777.2}, "2011": {"total_direct": 56461663.770481, "total_supplier": 7352507.2}, "2012": {"total_direct": 54406949.634746, "total_supplier": 28482607.1}, "2013": {"total_direct": 50619672.984, "total_supplier": 30868799.76564}, "2014": {"total_direct": 53511960.914, "total_supplier": 29764092.585711952}, "2015": {"total_direct": 48917044.263, "total_supplier": 31460077.6872015}, "2016": {"total_direct": 50827433.639, "total_supplier": 32547319.1094618}, "2017": {"total_direct": 47837098.901, "total_supplier": 32193738.5434824}, "2018": {"total_direct": 42178455.671, "total_supplier": 34423459.2534639}, "2019": {"total_direct": 40481814.721, "total_supplier": 32299000.9715583}, "2020": {"total_direct": 34506237.2960943, "total_supplier": 27896978.4}, "2021": {"total_direct": 39544123.671152, "total_supplier": 33229273.43}, "2022": {"total_direct": 38515366.69902935, "total_supplier": 37571646.0}, "2023": {"total_direct": 37409611.376628, "total_supplier": 36703387.2}}, "company_violations_2023": null}, "type": "Polygon", "arcs": [[-83, 73, 74, 75, -215, -212, -221, -123, -219, -119]], "id": "TN"}, {"properties": {"state_abbr": "WY", "state_name": "Wyoming", "emissions": {"2010": {"total_direct": 60085247.457, "total_supplier": 4705298.0}, "2011": {"total_direct": 65133433.784, "total_supplier": 4542627.6}, "2012": {"total_direct": 67530821.162, "total_supplier": 28163335.041746803}, "2013": {"total_direct": 67959047.17999999, "total_supplier": 25721303.71767}, "2014": {"total_direct": 63004353.704, "total_supplier": 26646104.0279752}, "2015": {"total_direct": 63367471.364, "total_supplier": 27638011.7906451}, "2016": {"total_direct": 59293038.862, "total_supplier": 28086496.1938}, "2017": {"total_direct": 61953097.426, "total_supplier": 27178144.38331}, "2018": {"total_direct": 60980528.778000005, "total_supplier": 26874463.29}, "2019": {"total_direct": 56276686.936, "total_supplier": 26703037.8844084}, "2020": {"total_direct": 54213935.32, "total_supplier": 22765750.14}, "2021": {"total_direct": 52184555.5, "total_supplier": 19072264.7}, "2022": {"total_direct": 53759723.716, "total_supplier": 20504438.519945}, "2023": {"total_direct": 50847431.14205912, "total_supplier": 22838104.0394613}}, "company_violations_2023": null}, "type": "Polygon", "arcs": [[76, -165, -229, -248, 77, -252]], "id": "WY"}, {"properties": {"state_abbr": "MA", "state_name": "Massachusetts", "emissions": {"2010": {"total_direct": 21667167.830347, "total_supplier": 14657128.2}, "2011": {"total_direct": 19021983.704873, "total_supplier": 14663654.3}, "2012": {"total_direct": 16616944.0263658, "total_supplier": 14129472.1}, "2013": {"total_direct": 17077796.9948, "total_supplier": 15393101.284}, "2014": {"total_direct": 15176834.757075, "total_supplier": 16288112.231199998}, "2015": {"total_direct": 15535615.966471, "total_supplier": 16373650.2}, "2016": {"total_direct": 14772368.679349, "total_supplier": 15245054.7}, "2017": {"total_direct": 14162632.363122, "total_supplier": 15985593.1}, "2018": {"total_direct": 11785258.159683, "total_supplier": 16365610.1}, "2019": {"total_direct": 9939666.155601, "total_supplier": 16426085.5}, "2020": {"total_direct": 9466067.248835, "total_supplier": 14960282.3}, "2021": {"total_direct": 9803899.213208, "total_supplier": 15089231.0}, "2022": {"total_direct": 10412367.046754, "total_supplier": 15351491.3}, "2023": {"total_direct": 9341762.816699, "total_supplier": 15075922.1}}, "company_violations_2023": null}, "type": "Polygon", "arcs": [[78, -163, 79, 80, 81, -171]], "id": "MA"}, {"properties": {"state_abbr": "VA", "state_name": "Virginia", "emissions": {"2010": {"total_direct": 47416740.003733, "total_supplier": 17045299.5}, "2011": {"total_direct": 46065814.7864332, "total_supplier": 15669115.8}, "2012": {"total_direct": 42513905.1450613, "total_supplier": 16741975.5}, "2013": {"total_direct": 47736453.6463457, "total_supplier": 17444467.7}, "2014": {"total_direct": 46584254.5627204, "total_supplier": 18128033.0}, "2015": {"total_direct": 46940825.5998391, "total_supplier": 18764416.2}, "2016": {"total_direct": 49949809.2957485, "total_supplier": 18626051.6}, "2017": {"total_direct": 45071265.9616826, "total_supplier": 16878594.0}, "2018": {"total_direct": 45770899.3104848, "total_supplier": 18851383.9}, "2019": {"total_direct": 42755442.0973193, "total_supplier": 17964717.6}, "2020": {"total_direct": 44186199.0640019, "total_supplier": 17203636.4}, "2021": {"total_direct": 39290715.689007, "total_supplier": 16938898.3}, "2022": {"total_direct": 36879920.0009287, "total_supplier": 17816021.2}, "2023": {"total_direct": 35065430.80438453, "total_supplier": 17265022.1}}, "company_violations_2023": null}, "type": "Polygon", "arcs": [[82, -122, -126, -157, -86, -155, 83, 84]], "id": "VA"}, {"properties": {"state_abbr": "DC", "state_name": "District of Columbia", "emissions": {"2010": {"total_direct": 579739.826, "total_supplier": 0.0}, "2011": {"total_direct": 548850.54, "total_supplier": 0.0}, "2012": {"total_direct": 360973.514, "total_supplier": 0.0}, "2013": {"total_direct": 314930.004, "total_supplier": 0.0}, "2014": {"total_direct": 368489.204, "total_supplier": 0.0}, "2015": {"total_direct": 267290.754, "total_supplier": 0.0}, "2016": {"total_direct": 251778.866, "total_supplier": 0.0}, "2017": {"total_direct": 249528.31, "total_supplier": 0.0}, "2018": {"total_direct": 309902.108, "total_supplier": 0.0}, "2019": {"total_direct": 284437.792, "total_supplier": 0.0}, "2020": {"total_direct": 237668.714, "total_supplier": 0.0}, "2021": {"total_direct": 228779.636, "total_supplier": 0.0}, "2022": {"total_direct": 291407.448, "total_supplier": 0.0}, "2023": {"total_direct": 279349.994, "total_supplier": 0.0}}, "company_violations_2023": null}, "type": "Polygon", "arcs": [[85, -156]], "id": "DC"}, {"properties": {"state_abbr": "IA", "state_name": "Iowa", "emissions": {"2010": {"total_direct": 62027756.465583, "total_supplier": 13682764.2}, "2011": {"total_direct": 59881624.764222, "total_supplier": 13392819.2}, "2012": {"total_direct": 56653913.045092, "total_supplier": 12843611.2}, "2013": {"total_direct": 54559424.65, "total_supplier": 14846989.8}, "2014": {"total_direct": 55005642.278, "total_supplier": 15180523.9}, "2015": {"total_direct": 50372933.876, "total_supplier": 14095841.4}, "2016": {"total_direct": 46670063.372, "total_supplier": 14226735.3}, "2017": {"total_direct": 50640239.7387, "total_supplier": 15446570.6}, "2018": {"total_direct": 55852862.1178666, "total_supplier": 17717376.0}, "2019": {"total_direct": 49379549.9394758, "total_supplier": 18469496.6}, "2020": {"total_direct": 40795688.8287824, "total_supplier": 16992064.4}, "2021": {"total_direct": 48240035.6605636, "total_supplier": 16759450.0}, "2022": {"total_direct": 44927359.2108184, "total_supplier": 17695999.6}, "2023": {"total_direct": 43911308.109677896, "total_supplier": 17416245.1}}, "company_violations_2023": null}, "type": "Polygon", "arcs": [[86, -145, -227, 87, -246, -245, -244, -243, -148]], "id": "IA"}, {"properties": {"state_abbr": "AZ", "state_name": "Arizona", "emissions": {"2010": {"total_direct": 61228865.679366, "total_supplier": 1636771.2}, "2011": {"total_direct": 59936738.871716, "total_supplier": 1605194.9}, "2012": {"total_direct": 59626937.01767, "total_supplier": 1668382.9}, "2013": {"total_direct": 62055152.369073, "total_supplier": 1915546.7}, "2014": {"total_direct": 61896085.252095, "total_supplier": 1869599.6}, "2015": {"total_direct": 58649244.326217, "total_supplier": 1791504.0}, "2016": {"total_direct": 52884742.023241, "total_supplier": 1725611.6}, "2017": {"total_direct": 52235268.518684, "total_supplier": 1618257.3}, "2018": {"total_direct": 55956406.3041374, "total_supplier": 1744823.5}, "2019": {"total_direct": 51756032.429212, "total_supplier": 2345946.0}, "2020": {"total_direct": 43669534.332598, "total_supplier": 1997575.2}, "2021": {"total_direct": 42293667.134369, "total_supplier": 2421721.6}, "2022": {"total_direct": 40535734.338818, "total_supplier": 2327318.2}, "2023": {"total_direct": 42051840.313913, "total_supplier": 2688376.6}}, "company_violations_2023": null}, "type": "Polygon", "arcs": [[88, 89, -176, 90, 91]], "id": "AZ"}, {"properties": {"state_abbr": "TX", "state_name": "Texas", "emissions": {"2010": {"total_direct": 387085436.621691, "total_supplier": 137701377.276}, "2011": {"total_direct": 457408169.4803584, "total_supplier": 150997304.016}, "2012": {"total_direct": 443931124.0726156, "total_supplier": 953572692.5753103}, "2013": {"total_direct": 459025595.7223796, "total_supplier": 1102491816.9259272}, "2014": {"total_direct": 463031817.1913456, "total_supplier": 1263574518.6936991}, "2015": {"total_direct": 452132876.0304864, "total_supplier": 1288604656.2139723}, "2016": {"total_direct": 467934207.38061583, "total_supplier": 1329373373.8755226}, "2017": {"total_direct": 473010380.2819216, "total_supplier": 1373867597.1419704}, "2018": {"total_direct": 489251501.7389067, "total_supplier": 1482073432.8829515}, "2019": {"total_direct": 499002400.9095841, "total_supplier": 1526587668.0171003}, "2020": {"total_direct": 460464548.8808012, "total_supplier": 1514598991.3423786}, "2021": {"total_direct": 469898425.1197441, "total_supplier": 1562659416.364014}, "2022": {"total_direct": 481923229.07121456, "total_supplier": 1798759625.9192767}, "2023": {"total_direct": 484813993.3105058, "total_supplier": 1971890572.7446816}}, "company_violations_2023": null}, "type": "Polygon", "arcs": [[-210, 208, -208, -280, -279, -278, -277, 276, -276, 92, 93, 94, 95, 96, 97, 98, 99]], "id": "TX"}, {"properties": {"state_abbr": "HI", "state_name": "Hawaii", "emissions": {"2010": {"total_direct": 9578090.700362, "total_supplier": 138362.8}, "2011": {"total_direct": 9795361.49845, "total_supplier": 140742.5}, "2012": {"total_direct": 9486808.413315, "total_supplier": 16947570.5}, "2013": {"total_direct": 8872298.428, "total_supplier": 12012779.7485728}, "2014": {"total_direct": 9045937.818, "total_supplier": 17231815.9912622}, "2015": {"total_direct": 8905771.598, "total_supplier": 18320227.1518538}, "2016": {"total_direct": 8672767.998, "total_supplier": 17288151.427422002}, "2017": {"total_direct": 8193373.501999999, "total_supplier": 17640507.502843}, "2018": {"total_direct": 8195552.468, "total_supplier": 19060183.9535809}, "2019": {"total_direct": 8026695.526, "total_supplier": 15915176.4911264}, "2020": {"total_direct": 7130160.678, "total_supplier": 11190766.5907478}, "2021": {"total_direct": 7020727.9596, "total_supplier": 12217190.8096082}, "2022": {"total_direct": 6989858.8616, "total_supplier": 12084577.2792064}, "2023": {"total_direct": 6712636.7828, "total_supplier": 12218926.491707}}, "company_violations_2023": null}, "type": "MultiPolygon", "arcs": [[[100]], [[101]], [[102]], [[103]], [[104]], [[105]], [[106]], [[107]], [[108]], [[109]], [[110]], [[111]], [[112]], [[113]], [[114]], [[115]], [[116]]], "id": "HI"}, {"properties": {"state_abbr": "ND", "state_name": "North Dakota", "emissions": {"2010": {"total_direct": 37715618.314626, "total_supplier": 4810547.0}, "2011": {"total_direct": 37934030.06425, "total_supplier": 6234611.5}, "2012": {"total_direct": 39720588.147633, "total_supplier": 15474875.6}, "2013": {"total_direct": 38222116.076, "total_supplier": 17043064.2}, "2014": {"total_direct": 39334859.076, "total_supplier": 18389020.6}, "2015": {"total_direct": 42614205.734, "total_supplier": 22320745.593}, "2016": {"total_direct": 41259541.148, "total_supplier": 23376138.2626696}, "2017": {"total_direct": 41451933.0972, "total_supplier": 22367806.7652}, "2018": {"total_direct": 45567916.35136573, "total_supplier": 26348371.5786}, "2019": {"total_direct": 44877738.73324152, "total_supplier": 27891984.93085}, "2020": {"total_direct": 39998590.14411569, "total_supplier": 32393713.3212}, "2021": {"total_direct": 40955404.67661128, "total_supplier": 23399022.761}, "2022": {"total_direct": 40386002.162242815, "total_supplier": 23110788.875647}, "2023": {"total_direct": 37270794.04824819, "total_supplier": 23769753.912679}}, "company_violations_2023": null}, "type": "Polygon", "arcs": [[-152, 150, -150, -149, -250, -228, 117]], "id": "ND"}, {"properties": {"state_abbr": "KY", "state_name": "Kentucky", "emissions": {"2010": {"total_direct": 114207046.056728, "total_supplier": 5921153.8}, "2011": {"total_direct": 121921147.9724906, "total_supplier": 5664386.9}, "2012": {"total_direct": 111125560.3057751, "total_supplier": 41175588.3}, "2013": {"total_direct": 110050193.96138, "total_supplier": 39116378.81}, "2014": {"total_direct": 110649681.56776, "total_supplier": 39508469.06}, "2015": {"total_direct": 99804699.807, "total_supplier": 39037790.19}, "2016": {"total_direct": 91440641.613, "total_supplier": 42568169.19}, "2017": {"total_direct": 84247553.2535, "total_supplier": 42348813.2589667}, "2018": {"total_direct": 86520774.019, "total_supplier": 45490804.4564}, "2019": {"total_direct": 78573431.52, "total_supplier": 44916161.014521}, "2020": {"total_direct": 66462515.902, "total_supplier": 38527763.243}, "2021": {"total_direct": 73813651.6897, "total_supplier": 42810505.3}, "2022": {"total_direct": 72649837.8079, "total_supplier": 47974435.203255}, "2023": {"total_direct": 65118213.2162, "total_supplier": 47867150.42525}}, "company_violations_2023": null}, "type": "MultiPolygon", "arcs": [[[118, -218, -144, -238, 119, 127, 120, 121]], [[122, -220]]], "id": "KY"}, {"properties": {"state_abbr": "VI", "state_name": "United States Virgin Islands", "emissions": {"2010": {"total_direct": 6327077.812, "total_supplier": 0.0}, "2011": {"total_direct": 5492411.242, "total_supplier": 0.0}, "2012": {"total_direct": 1579789.41, "total_supplier": 4673559.0}, "2013": {"total_direct": 918587.376, "total_supplier": 0.0}, "2014": {"total_direct": 865800.368, "total_supplier": 295171.9}, "2015": {"total_direct": 891703.076, "total_supplier": 0.0}, "2016": {"total_direct": 909047.18, "total_supplier": 0.0}, "2017": {"total_direct": 654352.086, "total_supplier": 0.0}, "2018": {"total_direct": 676118.082, "total_supplier": 0.0}, "2019": {"total_direct": 785977.922, "total_supplier": 0.0}, "2020": {"total_direct": 1073727.53, "total_supplier": 1494971.263594}, "2021": {"total_direct": 1570237.666, "total_supplier": 3372102.561126}, "2022": {"total_direct": 728850.01, "total_supplier": 0.0}, "2023": {"total_direct": 581163.676, "total_supplier": 0.0}}, "company_violations_2023": null}, "type": "MultiPolygon", "arcs": [[[123]], [[124]]], "id": "VI"}, {"properties": {"state_abbr": "WV", "state_name": "West Virginia", "emissions": {"2010": {"total_direct": 79464011.955605, "total_supplier": 4841862.9}, "2011": {"total_direct": 91731998.8107732, "total_supplier": 4881956.300000001}, "2012": {"total_direct": 86072594.7296886, "total_supplier": 7319236.5055071}, "2013": {"total_direct": 88518232.4309132, "total_supplier": 8244252.9228}, "2014": {"total_direct": 95237273.8422982, "total_supplier": 10992218.0346548}, "2015": {"total_direct": 88676246.97706, "total_supplier": 13221151.2}, "2016": {"total_direct": 90571216.954465, "total_supplier": 13626211.0}, "2017": {"total_direct": 87318513.81332, "total_supplier": 14032274.4551738}, "2018": {"total_direct": 80196964.100755, "total_supplier": 14397335.5}, "2019": {"total_direct": 75942839.083845, "total_supplier": 16996737.5950262}, "2020": {"total_direct": 68352830.855195, "total_supplier": 17991983.3560667}, "2021": {"total_direct": 77606519.726995, "total_supplier": 18623062.8338994}, "2022": {"total_direct": 68837558.131316, "total_supplier": 17643135.22}, "2023": {"total_direct": 65699256.624675, "total_supplier": 19417536.0823952}}, "company_violations_2023": null}, "type": "Polygon", "arcs": [[125, 126, 127, 128, 129, 130, -258, -158]], "id": "WV"}, {"properties": {"state_abbr": "FL", "state_name": "Florida", "emissions": {"2010": {"total_direct": 146422359.800443, "total_supplier": 10851234.0}, "2011": {"total_direct": 140960997.113866, "total_supplier": 10070074.8}, "2012": {"total_direct": 133267081.246784, "total_supplier": 12417241.48}, "2013": {"total_direct": 129203005.313, "total_supplier": 11702569.6552}, "2014": {"total_direct": 134998471.7389062, "total_supplier": 11552598.152377}, "2015": {"total_direct": 132771204.33069478, "total_supplier": 12078152.3}, "2016": {"total_direct": 134177748.04406908, "total_supplier": 12875586.6}, "2017": {"total_direct": 131981768.24124314, "total_supplier": 11939076.7}, "2018": {"total_direct": 133432052.00796668, "total_supplier": 13987046.4}, "2019": {"total_direct": 120108906.71941, "total_supplier": 14272504.7}, "2020": {"total_direct": 120238975.37833, "total_supplier": 12349225.9}, "2021": {"total_direct": 117345030.89171, "total_supplier": 12087723.9}, "2022": {"total_direct": 112884040.27022, "total_supplier": 12108356.5}, "2023": {"total_direct": 109166906.64951444, "total_supplier": 11140444.1}}, "company_violations_2023": null}, "type": "MultiPolygon", "arcs": [[[131, 132, 133, 134, 135, 136, 137, 138, 139, 140, 141]], [[142]]], "id": "FL"}, {"properties": {"state_abbr": "IL", "state_name": "Illinois", "emissions": {"2010": {"total_direct": 134226896.261978, "total_supplier": 51143109.8}, "2011": {"total_direct": 137175329.0831521, "total_supplier": 52218994.2}, "2012": {"total_direct": 130535114.49981555, "total_supplier": 212536708.6}, "2013": {"total_direct": 134218313.8456, "total_supplier": 208822075.1635244}, "2014": {"total_direct": 131946672.6472, "total_supplier": 213224046.6597613}, "2015": {"total_direct": 120048020.9217, "total_supplier": 197525596.6566894}, "2016": {"total_direct": 107089918.1767, "total_supplier": 195798177.360254}, "2017": {"total_direct": 102036457.43465, "total_supplier": 217812416.1954415}, "2018": {"total_direct": 105671766.90855, "total_supplier": 224375853.1908112}, "2019": {"total_direct": 96659623.68853, "total_supplier": 234694393.8135839}, "2020": {"total_direct": 77815448.62449, "total_supplier": 220217223.0550724}, "2021": {"total_direct": 87165858.87738, "total_supplier": 232555769.6258112}, "2022": {"total_direct": 83116182.47016, "total_supplier": 231326520.6361537}, "2023": {"total_direct": 72016519.61976, "total_supplier": 237347825.055089}}, "company_violations_2023": null}, "type": "Polygon", "arcs": [[143, -217, 144, 145, -200, -235]], "id": "IL"}, {"properties": {"state_abbr": "MN", "state_name": "Minnesota", "emissions": {"2010": {"total_direct": 46933861.035573, "total_supplier": 18209749.8}, "2011": {"total_direct": 47431529.42296141, "total_supplier": 18573511.1}, "2012": {"total_direct": 42784502.868543565, "total_supplier": 74251747.1336}, "2013": {"total_direct": 43373929.8309072, "total_supplier": 75924109.1128}, "2014": {"total_direct": 47247789.9486938, "total_supplier": 79000060.6377203}, "2015": {"total_direct": 43380842.445664905, "total_supplier": 77270616.2827777}, "2016": {"total_direct": 42552515.482262, "total_supplier": 81506594.7341}, "2017": {"total_direct": 42769346.473829, "total_supplier": 83859502.24408731}, "2018": {"total_direct": 44600642.9951823, "total_supplier": 87226858.6970619}, "2019": {"total_direct": 39884265.2363741, "total_supplier": 89603900.6}, "2020": {"total_direct": 34924745.2679531, "total_supplier": 82636325.7}, "2021": {"total_direct": 38234336.5763848, "total_supplier": 88740514.01657951}, "2022": {"total_direct": 36623646.0488685, "total_supplier": 90448392.9794328}, "2023": {"total_direct": 34763142.7805224, "total_supplier": 90238605.521649}}, "company_violations_2023": null}, "type": "Polygon", "arcs": [[-206, 146, 147, -242, 148, 149, 150, 151, 152]], "id": "MN"}, {"properties": {"state_abbr": "MD", "state_name": "Maryland", "emissions": {"2010": {"total_direct": 33742445.889314, "total_supplier": 5445422.7}, "2011": {"total_direct": 31111051.597, "total_supplier": 5293527.4}, "2012": {"total_direct": 25129605.758, "total_supplier": 4818154.9}, "2013": {"total_direct": 23228190.384, "total_supplier": 5130651.8}, "2014": {"total_direct": 25651013.06, "total_supplier": 5388948.5}, "2015": {"total_direct": 22786895.144, "total_supplier": 5375630.9}, "2016": {"total_direct": 22692677.472, "total_supplier": 5347075.6}, "2017": {"total_direct": 17839921.25, "total_supplier": 4972367.6}, "2018": {"total_direct": 22600965.172, "total_supplier": 5590030.1}, "2019": {"total_direct": 18706094.858, "total_supplier": 5395238.4}, "2020": {"total_direct": 15914588.53, "total_supplier": 4802690.3}, "2021": {"total_direct": 18571948.254, "total_supplier": 5084548.5}, "2022": {"total_direct": 17196383.868, "total_supplier": 5108004.4}, "2023": {"total_direct": 14587848.092, "total_supplier": 4778860.2}}, "company_violations_2023": null}, "type": "Polygon", "arcs": [[153, 154, 155, 156, 157, -257, 158]], "id": "MD"}, {"properties": {"state_abbr": "RI", "state_name": "Rhode Island", "emissions": {"2010": {"total_direct": 3642999.382, "total_supplier": 2141314.8}, "2011": {"total_direct": 4086826.268, "total_supplier": 1998804.1}, "2012": {"total_direct": 4013539.132, "total_supplier": 1905155.4}, "2013": {"total_direct": 3030877.294, "total_supplier": 2160483.4}, "2014": {"total_direct": 2994200.0500000003, "total_supplier": 2266487.6}, "2015": {"total_direct": 3299446.792, "total_supplier": 2293570.4}, "2016": {"total_direct": 3063354.5, "total_supplier": 2158569.7}, "2017": {"total_direct": 3401813.773, "total_supplier": 1852947.5}, "2018": {"total_direct": 3691410.925, "total_supplier": 2114629.9}, "2019": {"total_direct": 3377550.273, "total_supplier": 2121881.8}, "2020": {"total_direct": 3636473.736, "total_supplier": 1934533.9}, "2021": {"total_direct": 3837281.296, "total_supplier": 1998162.9}, "2022": {"total_direct": 3158998.571, "total_supplier": 2201619.8}, "2023": {"total_direct": 4238399.6, "total_supplier": 2064530.0}}, "company_violations_2023": null}, "type": "MultiPolygon", "arcs": [[[159, 160, 161, 162]], [[163]]], "id": "RI"}, {"properties": {"state_abbr": "ID", "state_name": "Idaho", "emissions": {"2010": {"total_direct": 3197555.948, "total_supplier": 2832208.1}, "2011": {"total_direct": 3510985.3226, "total_supplier": 3058616.9}, "2012": {"total_direct": 3758155.5536, "total_supplier": 3118805.0}, "2013": {"total_direct": 4790928.6013, "total_supplier": 3377143.8}, "2014": {"total_direct": 4224090.875819, "total_supplier": 3150280.5}, "2015": {"total_direct": 4918781.607303999, "total_supplier": 3364230.2}, "2016": {"total_direct": 4608910.300743, "total_supplier": 3600260.4}, "2017": {"total_direct": 4436820.429725, "total_supplier": 3888069.7}, "2018": {"total_direct": 4386608.615513, "total_supplier": 3803148.6}, "2019": {"total_direct": 5138892.620501, "total_supplier": 4175123.8}, "2020": {"total_direct": 5043365.685489, "total_supplier": 4014775.2}, "2021": {"total_direct": 5387762.1705224, "total_supplier": 4015428.4}, "2022": {"total_direct": 5247504.1132865, "total_supplier": 4717704.5}, "2023": {"total_direct": 5703362.816486, "total_supplier": 4651599.5}}, "company_violations_2023": null}, "type": "Polygon", "arcs": [[-230, 164, 165, 166, 167, -265, 168]], "id": "ID"}, {"properties": {"state_abbr": "NH", "state_name": "New Hampshire", "emissions": {"2010": {"total_direct": 6017622.222175, "total_supplier": 766517.2}, "2011": {"total_direct": 5722772.172, "total_supplier": 792292.3}, "2012": {"total_direct": 4827400.949287, "total_supplier": 755820.4}, "2013": {"total_direct": 3952772.17, "total_supplier": 858357.6016}, "2014": {"total_direct": 3809416.358, "total_supplier": 905274.192}, "2015": {"total_direct": 4037503.402, "total_supplier": 932689.8}, "2016": {"total_direct": 2898767.288, "total_supplier": 858401.3}, "2017": {"total_direct": 2393887.736, "total_supplier": 898314.89}, "2018": {"total_direct": 2723778.972, "total_supplier": 932699.1}, "2019": {"total_direct": 2436896.164, "total_supplier": 964076.3}, "2020": {"total_direct": 2176746.942, "total_supplier": 860060.4}, "2021": {"total_direct": 2727080.62, "total_supplier": 880084.4}, "2022": {"total_direct": 2905627.626, "total_supplier": 884745.7}, "2023": {"total_direct": 2392512.722282, "total_supplier": 846712.9}}, "company_violations_2023": null}, "type": "Polygon", "arcs": [[169, 170, 171, 172, 173, 174, -295]], "id": "NH"}, {"properties": {"state_abbr": "CA", "state_name": "California", "emissions": {"2010": {"total_direct": 110200169.71418925, "total_supplier": 93396291.684}, "2011": {"total_direct": 108089658.39686182, "total_supplier": 92724424.0}, "2012": {"total_direct": 119053736.4039935, "total_supplier": 367686815.3163145}, "2013": {"total_direct": 119398723.7170495, "total_supplier": 393081001.2765507}, "2014": {"total_direct": 120372587.9829434, "total_supplier": 388584219.8748251}, "2015": {"total_direct": 116541514.172751, "total_supplier": 397488344.3819242}, "2016": {"total_direct": 108327877.7019822, "total_supplier": 381060271.8548014}, "2017": {"total_direct": 105337650.9311019, "total_supplier": 399017431.5015237}, "2018": {"total_direct": 106830297.83776432, "total_supplier": 402230431.8199729}, "2019": {"total_direct": 103515879.8082358, "total_supplier": 400675828.5286097}, "2020": {"total_direct": 101497621.9719355, "total_supplier": 341999159.6390107}, "2021": {"total_direct": 102389786.5678524, "total_supplier": 349873725.281054}, "2022": {"total_direct": 101020654.6693175, "total_supplier": 347296479.8857475}, "2023": {"total_direct": 99387178.6089976, "total_supplier": 349195836.4759129}}, "company_violations_2023": null}, "type": "MultiPolygon", "arcs": [[[175, 176, 177, 178]], [[179]], [[180]], [[181]], [[182]], [[183]], [[184]]], "id": "CA"}, {"properties": {"state_abbr": "NJ", "state_name": "New Jersey", "emissions": {"2010": {"total_direct": 26676065.457604, "total_supplier": 33765740.8}, "2011": {"total_direct": 26648353.719, "total_supplier": 33253981.6}, "2012": {"total_direct": 25450778.126399, "total_supplier": 91814875.9329}, "2013": {"total_direct": 24688803.268, "total_supplier": 96753160.6487}, "2014": {"total_direct": 27132326.884, "total_supplier": 98539114.4431}, "2015": {"total_direct": 28226772.523, "total_supplier": 97260970.8706}, "2016": {"total_direct": 29150732.302, "total_supplier": 98788224.5088}, "2017": {"total_direct": 25906575.995, "total_supplier": 89184385.2931}, "2018": {"total_direct": 25598549.858, "total_supplier": 89503430.7922}, "2019": {"total_direct": 25778940.884, "total_supplier": 87363706.448118}, "2020": {"total_direct": 20972138.39, "total_supplier": 67838012.9}, "2021": {"total_direct": 20496428.8808, "total_supplier": 75021198.65167549}, "2022": {"total_direct": 21238397.1616, "total_supplier": 81095183.2554967}, "2023": {"total_direct": 19927978.194, "total_supplier": 68979950.2583421}}, "company_violations_2023": null}, "type": "Polygon", "arcs": [[185, -262, 186, 187]], "id": "NJ"}, {"properties": {"state_abbr": "SC", "state_name": "South Carolina", "emissions": {"2010": {"total_direct": 50943894.346583, "total_supplier": 5045055.3}, "2011": {"total_direct": 48252889.503, "total_supplier": 4772396.100000001}, "2012": {"total_direct": 43847588.057412, "total_supplier": 5114788.5}, "2013": {"total_direct": 38203448.258, "total_supplier": 4793564.800000001}, "2014": {"total_direct": 42793674.881, "total_supplier": 5295320.0}, "2015": {"total_direct": 39637660.647, "total_supplier": 4968224.6}, "2016": {"total_direct": 37630411.658, "total_supplier": 5129784.3}, "2017": {"total_direct": 34164524.061000004, "total_supplier": 5136664.7}, "2018": {"total_direct": 38141957.846, "total_supplier": 5460163.3}, "2019": {"total_direct": 33883223.209, "total_supplier": 5085878.6}, "2020": {"total_direct": 32092316.142, "total_supplier": 4999577.6}, "2021": {"total_direct": 35081872.754, "total_supplier": 5557284.399999999}, "2022": {"total_direct": 35044680.9882, "total_supplier": 5442030.4}, "2023": {"total_direct": 35207451.681, "total_supplier": 5177933.0}}, "company_violations_2023": null}, "type": "Polygon", "arcs": [[188, 189, 190, 191, 192, 193, 194, 195, 196, 197]], "id": "SC"}, {"properties": {"state_abbr": "MI", "state_name": "Michigan", "emissions": {"2010": {"total_direct": 99287132.4109665, "total_supplier": 36909809.2}, "2011": {"total_direct": 95746445.89905284, "total_supplier": 38850780.4}, "2012": {"total_direct": 93978912.72216009, "total_supplier": 51510456.7}, "2013": {"total_direct": 93791861.4794, "total_supplier": 59623577.854}, "2014": {"total_direct": 89852610.336, "total_supplier": 63221176.7}, "2015": {"total_direct": 91460740.38699, "total_supplier": 60684151.1}, "2016": {"total_direct": 84339355.576, "total_supplier": 61189835.9057}, "2017": {"total_direct": 83537641.72, "total_supplier": 59991908.8}, "2018": {"total_direct": 86503777.5547049, "total_supplier": 62897961.3}, "2019": {"total_direct": 80535617.65433, "total_supplier": 66292360.4660728}, "2020": {"total_direct": 67981524.0188402, "total_supplier": 61024232.5634976}, "2021": {"total_direct": 75981633.39818, "total_supplier": 64515361.1363019}, "2022": {"total_direct": 76347066.4931415, "total_supplier": 66082878.2}, "2023": {"total_direct": 69044082.3684, "total_supplier": 64256303.9227276}}, "company_violations_2023": null}, "type": "Polygon", "arcs": [[198, -236, 199, 200, 201, 202, 203, 204, 205, 206]], "id": "MI"}, {"properties": {"state_abbr": "AR", "state_name": "Arkansas", "emissions": {"2010": {"total_direct": 41939225.621127, "total_supplier": 2085356.1}, "2011": {"total_direct": 46411246.22784, "total_supplier": 1935825.3}, "2012": {"total_direct": 47476514.076696, "total_supplier": 12622250.1}, "2013": {"total_direct": 47142045.864, "total_supplier": 14762365.4}, "2014": {"total_direct": 47060332.27, "total_supplier": 13150321.8008}, "2015": {"total_direct": 37847814.088, "total_supplier": 13633893.7804}, "2016": {"total_direct": 39201598.104, "total_supplier": 12464238.4999}, "2017": {"total_direct": 41275452.08, "total_supplier": 13128194.4983}, "2018": {"total_direct": 47523060.299, "total_supplier": 12186470.7702}, "2019": {"total_direct": 42281864.4552, "total_supplier": 10284985.4211}, "2020": {"total_direct": 33004636.836, "total_supplier": 12932996.0}, "2021": {"total_direct": 39911331.815, "total_supplier": 12149601.4}, "2022": {"total_direct": 41093371.15, "total_supplier": 14502984.3}, "2023": {"total_direct": 37891409.94725313, "total_supplier": 14364605.5432}}, "company_violations_2023": null}, "type": "Polygon", "arcs": [[-281, 207, -209, 209, 210, -224, -223, -222, 211, -214]], "id": "AR"}, {"properties": {"state_abbr": "MS", "state_name": "Mississippi", "emissions": {"2010": {"total_direct": 39619947.055762, "total_supplier": 17617363.099999998}, "2011": {"total_direct": 35986530.537775, "total_supplier": 18655102.6}, "2012": {"total_direct": 36851603.77909, "total_supplier": 77068660.5334}, "2013": {"total_direct": 36134913.704, "total_supplier": 72710996.0256}, "2014": {"total_direct": 38121466.831, "total_supplier": 75496255.17830001}, "2015": {"total_direct": 40266589.445, "total_supplier": 69694680.7740225}, "2016": {"total_direct": 41424329.178, "total_supplier": 71250304.3782741}, "2017": {"total_direct": 40092635.1, "total_supplier": 70352243.6980992}, "2018": {"total_direct": 41919042.013, "total_supplier": 67112519.7927243}, "2019": {"total_direct": 40261661.954, "total_supplier": 68155929.0486853}, "2020": {"total_direct": 41476938.276, "total_supplier": 52706845.7929828}, "2021": {"total_direct": 40140883.15, "total_supplier": 59298477.7115763}, "2022": {"total_direct": 42081604.15, "total_supplier": 63895210.5827232}, "2023": {"total_direct": 41837251.12030544, "total_supplier": 63265985.329390906}}, "company_violations_2023": null}, "type": "Polygon", "arcs": [[212, -274, -273, -272, 270, -270, -269, -268, -267, 213, 214, 215]], "id": "MS"}, {"properties": {"state_abbr": "MO", "state_name": "Missouri", "emissions": {"2010": {"total_direct": 92031602.353375, "total_supplier": 11929292.4}, "2011": {"total_direct": 95101716.86406328, "total_supplier": 11441486.2}, "2012": {"total_direct": 88561763.99019462, "total_supplier": 9839957.2}, "2013": {"total_direct": 89799060.002, "total_supplier": 12219417.4}, "2014": {"total_direct": 86870352.565, "total_supplier": 12855748.7}, "2015": {"total_direct": 80418506.114, "total_supplier": 11175817.8}, "2016": {"total_direct": 75301989.813197, "total_supplier": 11083921.5}, "2017": {"total_direct": 81527007.147983, "total_supplier": 10893274.0}, "2018": {"total_direct": 79171843.45300001, "total_supplier": 12983861.5}, "2019": {"total_direct": 71532930.38599999, "total_supplier": 12857215.9}, "2020": {"total_direct": 68230178.0884, "total_supplier": 11851291.7}, "2021": {"total_direct": 73369843.1414, "total_supplier": 11745278.7}, "2022": {"total_direct": 70608257.541, "total_supplier": 12814911.6}, "2023": {"total_direct": 59670947.749400005, "total_supplier": 11182810.7}}, "company_violations_2023": null}, "type": "Polygon", "arcs": [[216, 217, 218, 219, 220, 221, 222, 223, 224, -234, 225, 226]], "id": "MO"}, {"properties": {"state_abbr": "MT", "state_name": "Montana", "emissions": {"2010": {"total_direct": 25220750.66, "total_supplier": 4229508.1}, "2011": {"total_direct": 21934407.564, "total_supplier": 5090835.4}, "2012": {"total_direct": 21193913.454, "total_supplier": 31054575.2}, "2013": {"total_direct": 21915167.502, "total_supplier": 32530072.7152993}, "2014": {"total_direct": 22576003.016000003, "total_supplier": 31332875.1409028}, "2015": {"total_direct": 23172777.51, "total_supplier": 38556956.2861604}, "2016": {"total_direct": 21171851.88, "total_supplier": 38423555.3953017}, "2017": {"total_direct": 20131000.49, "total_supplier": 37565374.6375695}, "2018": {"total_direct": 19917856.008, "total_supplier": 40729884.8143162}, "2019": {"total_direct": 21058898.914, "total_supplier": 41433561.5892192}, "2020": {"total_direct": 14659017.912, "total_supplier": 41309089.855777}, "2021": {"total_direct": 16994515.694000002, "total_supplier": 36508469.0802693}, "2022": {"total_direct": 17624137.036, "total_supplier": 34307710.4252873}, "2023": {"total_direct": 18108432.566, "total_supplier": 37020480.0890166}}, "company_violations_2023": null}, "type": "Polygon", "arcs": [[227, -249, 228, 229, 230]], "id": "MT"}, {"properties": {"state_abbr": "KS", "state_name": "Kansas", "emissions": {"2010": {"total_direct": 48946131.118277006, "total_supplier": 32792205.7}, "2011": {"total_direct": 49106139.170875, "total_supplier": 33722580.9}, "2012": {"total_direct": 45513398.10365901, "total_supplier": 94134255.7}, "2013": {"total_direct": 46750143.16, "total_supplier": 89223157.53999999}, "2014": {"total_direct": 45975623.528000005, "total_supplier": 87176677.1864}, "2015": {"total_direct": 41220659.06, "total_supplier": 85256015.9}, "2016": {"total_direct": 40092775.022, "total_supplier": 92616804.7388}, "2017": {"total_direct": 36043370.004818, "total_supplier": 93380495.4483}, "2018": {"total_direct": 37725035.6662099, "total_supplier": 93618772.7309}, "2019": {"total_direct": 34517182.8169606, "total_supplier": 95049345.8695}, "2020": {"total_direct": 33057004.6644342, "total_supplier": 87773503.2825}, "2021": {"total_direct": 34909488.0288625, "total_supplier": 102481893.9555}, "2022": {"total_direct": 36562017.6036589, "total_supplier": 103536275.8751}, "2023": {"total_direct": 32817907.672035094, "total_supplier": 100849544.6487495}}, "company_violations_2023": null}, "type": "Polygon", "arcs": [[231, -254, 232, 233]], "id": "KS"}, {"properties": {"state_abbr": "IN", "state_name": "Indiana", "emissions": {"2010": {"total_direct": 162682555.02201, "total_supplier": 55511641.7}, "2011": {"total_direct": 166058446.842021, "total_supplier": 56799481.1}, "2012": {"total_direct": 155820214.117973, "total_supplier": 115365936.687602}, "2013": {"total_direct": 156590612.338, "total_supplier": 108221890.1072}, "2014": {"total_direct": 160790867.666197, "total_supplier": 119432669.6696}, "2015": {"total_direct": 142474720.15119702, "total_supplier": 118160750.188109}, "2016": {"total_direct": 139008607.820773, "total_supplier": 115526536.39787}, "2017": {"total_direct": 136515370.3468225, "total_supplier": 121669169.2810405}, "2018": {"total_direct": 143886611.5998586, "total_supplier": 129688422.3821928}, "2019": {"total_direct": 129244467.9676687, "total_supplier": 132125131.22606447}, "2020": {"total_direct": 112622521.7, "total_supplier": 128779106.1909686}, "2021": {"total_direct": 120670254.307, "total_supplier": 128759338.2639297}, "2022": {"total_direct": 117436498.4016, "total_supplier": 136886672.3329514}, "2023": {"total_direct": 108605521.70640224, "total_supplier": 137553111.8873783}}, "company_violations_2023": null}, "type": "Polygon", "arcs": [[234, 235, 236, 237]], "id": "IN"}, {"properties": {"state_abbr": "PR", "state_name": "Puerto Rico", "emissions": {"2010": {"total_direct": 18917173.58125, "total_supplier": 0.0}, "2011": {"total_direct": 19457425.36845, "total_supplier": 0.0}, "2012": {"total_direct": 18387774.52845, "total_supplier": 0.0}, "2013": {"total_direct": 16855602.236, "total_supplier": 0.0}, "2014": {"total_direct": 16377035.45, "total_supplier": 0.0}, "2015": {"total_direct": 16817742.51, "total_supplier": 0.0}, "2016": {"total_direct": 14581470.208, "total_supplier": 0.0}, "2017": {"total_direct": 11788543.458, "total_supplier": 0.0}, "2018": {"total_direct": 11575909.352, "total_supplier": 0.0}, "2019": {"total_direct": 12521918.386, "total_supplier": 0.0}, "2020": {"total_direct": 13925393.368, "total_supplier": 0.0}, "2021": {"total_direct": 14354734.2212, "total_supplier": 0.0}, "2022": {"total_direct": 14802263.7288, "total_supplier": 0.0}, "2023": {"total_direct": 13803419.7336, "total_supplier": 0.0}}, "company_violations_2023": null}, "type": "MultiPolygon", "arcs": [[[238]], [[239]], [[240]]], "id": "PR"}, {"properties": {"state_abbr": "SD", "state_name": "South Dakota", "emissions": {"2010": {"total_direct": 6020997.236, "total_supplier": 230791.1}, "2011": {"total_direct": 5457415.696, "total_supplier": 228294.5}, "2012": {"total_direct": 5568522.312, "total_supplier": 219825.9}, "2013": {"total_direct": 5928230.052, "total_supplier": 243061.4}, "2014": {"total_direct": 6187047.041999999, "total_supplier": 254283.0}, "2015": {"total_direct": 4842183.068, "total_supplier": 233893.0}, "2016": {"total_direct": 5578160.466, "total_supplier": 235231.5}, "2017": {"total_direct": 5461749.078000001, "total_supplier": 238870.5}, "2018": {"total_direct": 5828470.7916654, "total_supplier": 273038.4}, "2019": {"total_direct": 6365107.5386258, "total_supplier": 255783.5}, "2020": {"total_direct": 5220648.576, "total_supplier": 245959.2}, "2021": {"total_direct": 5621093.6680854, "total_supplier": 244620.5}, "2022": {"total_direct": 6107227.252, "total_supplier": 267294.9}, "2023": {"total_direct": 6299962.496, "total_supplier": 251857.3}}, "company_violations_2023": null}, "type": "Polygon", "arcs": [[241, 242, -244, 244, 245, 246, 247, 248, 249]], "id": "SD"}, {"properties": {"state_abbr": "CO", "state_name": "Colorado", "emissions": {"2010": {"total_direct": 50539694.653943, "total_supplier": 46839438.091}, "2011": {"total_direct": 64830405.773527, "total_supplier": 46151203.153}, "2012": {"total_direct": 65983544.597415, "total_supplier": 58825075.479}, "2013": {"total_direct": 67258779.518046, "total_supplier": 60947833.2662}, "2014": {"total_direct": 66206361.71698, "total_supplier": 61151974.86504}, "2015": {"total_direct": 64386041.396748, "total_supplier": 59143228.051}, "2016": {"total_direct": 72185054.5920575, "total_supplier": 57440258.98}, "2017": {"total_direct": 71361416.1646627, "total_supplier": 59519709.6}, "2018": {"total_direct": 72998563.620391, "total_supplier": 61031493.15}, "2019": {"total_direct": 73523686.5276357, "total_supplier": 62549289.4}, "2020": {"total_direct": 64791015.1704052, "total_supplier": 52990387.6}, "2021": {"total_direct": 66402923.6277591, "total_supplier": 49169445.3252402}, "2022": {"total_direct": 65049001.431772, "total_supplier": 53567885.8802688}, "2023": {"total_direct": 62481986.6247702, "total_supplier": 48911346.8242315}}, "company_violations_2023": null}, "type": "Polygon", "arcs": [[250, 251, 252, 253, 254, 255]], "id": "CO"}, {"properties": {"state_abbr": "PA", "state_name": "Pennsylvania", "emissions": {"2010": {"total_direct": 152925723.411256, "total_supplier": 30849205.4}, "2011": {"total_direct": 158573524.076518, "total_supplier": 31463344.0}, "2012": {"total_direct": 146913525.129696, "total_supplier": 90245389.3581186}, "2013": {"total_direct": 150115966.131, "total_supplier": 112900564.89552}, "2014": {"total_direct": 141478733.071, "total_supplier": 119035248.96814}, "2015": {"total_direct": 131831165.66573, "total_supplier": 118953902.83}, "2016": {"total_direct": 125889804.47726, "total_supplier": 122686983.0084577}, "2017": {"total_direct": 122640541.1880348, "total_supplier": 124136538.0432989}, "2018": {"total_direct": 120744826.4634309, "total_supplier": 124427488.411403}, "2019": {"total_direct": 121800347.018569, "total_supplier": 107322331.8124497}, "2020": {"total_direct": 111448279.5616488, "total_supplier": 79925471.9756925}, "2021": {"total_direct": 118837002.386567, "total_supplier": 82304389.8776505}, "2022": {"total_direct": 115473572.2393643, "total_supplier": 85974746.2944214}, "2023": {"total_direct": 109301536.7382143, "total_supplier": 83096585.6778413}}, "company_violations_2023": null}, "type": "Polygon", "arcs": [[256, 257, 258, 259, 260, 261, 262]], "id": "PA"}, {"properties": {"state_abbr": "WA", "state_name": "Washington", "emissions": {"2010": {"total_direct": 25804953.772275, "total_supplier": 13544730.6}, "2011": {"total_direct": 20788319.0705, "total_supplier": 13579341.4}, "2012": {"total_direct": 19189419.65765, "total_supplier": 108459614.9}, "2013": {"total_direct": 25367356.8033, "total_supplier": 116971329.68889073}, "2014": {"total_direct": 25051978.63199, "total_supplier": 119961625.59969872}, "2015": {"total_direct": 23824436.320669, "total_supplier": 115704513.06645}, "2016": {"total_direct": 22646064.776972, "total_supplier": 127949877.0610418}, "2017": {"total_direct": 23119931.648896, "total_supplier": 121987537.4072583}, "2018": {"total_direct": 23046328.120136, "total_supplier": 107892382.5606115}, "2019": {"total_direct": 27407851.640329, "total_supplier": 114097525.2688279}, "2020": {"total_direct": 23362626.275063, "total_supplier": 95674931.5896718}, "2021": {"total_direct": 22042746.772451, "total_supplier": 103657074.0210301}, "2022": {"total_direct": 21883656.374351, "total_supplier": 105634059.3749981}, "2023": {"total_direct": 24423327.84392084, "total_supplier": 105925600.1903217}}, "company_violations_2023": null}, "type": "Polygon", "arcs": [[263, 264, 265]], "id": "WA"}, {"properties": {"state_abbr": "LA", "state_name": "Louisiana", "emissions": {"2010": {"total_direct": 131640875.619055, "total_supplier": 34235150.6}, "2011": {"total_direct": 145219507.7393, "total_supplier": 31710942.7}, "2012": {"total_direct": 141184197.548, "total_supplier": 373165775.0489434}, "2013": {"total_direct": 137668934.81, "total_supplier": 443566959.9998905}, "2014": {"total_direct": 137928885.65, "total_supplier": 457524139.8633657}, "2015": {"total_direct": 138934985.2742, "total_supplier": 476459940.7194389}, "2016": {"total_direct": 140120686.6924466, "total_supplier": 474804552.7066972}, "2017": {"total_direct": 141506264.3657039, "total_supplier": 489062301.8461202}, "2018": {"total_direct": 146049947.92288035, "total_supplier": 493753433.7871812}, "2019": {"total_direct": 148126067.30016327, "total_supplier": 496114994.7516952}, "2020": {"total_direct": 137142919.8867551, "total_supplier": 403881944.3521247}, "2021": {"total_direct": 142442167.24551275, "total_supplier": 405319886.3392228}, "2022": {"total_direct": 149314418.8355321, "total_supplier": 435549778.857167}, "2023": {"total_direct": 146131822.1014755, "total_supplier": 434464268.5902514}}, "company_violations_2023": null}, "type": "Polygon", "arcs": [[266, 267, 268, 269, 270, 271, 272, 273, 274, 275, -277, 276, 277, 278, 279, 280]], "id": "LA"}, {"properties": {"state_abbr": "MP", "state_name": "Commonwealth of the Northern Mariana Islands", "emissions": {"2010": {"total_direct": 0.0, "total_supplier": 0.0}, "2011": {"total_direct": 0.0, "total_supplier": 0.0}, "2012": {"total_direct": 0.0, "total_supplier": 0.0}, "2013": {"total_direct": 0.0, "total_supplier": 0.0}, "2014": {"total_direct": 0.0, "total_supplier": 0.0}, "2015": {"total_direct": 0.0, "total_supplier": 0.0}, "2016": {"total_direct": 0.0, "total_supplier": 0.0}, "2017": {"total_direct": 0.0, "total_supplier": 0.0}}, "company_violations_2023": null}, "type": "MultiPolygon", "arcs": [[[281]], [[282]], [[283]], [[284]], [[285]], [[286]], [[287]], [[288]], [[289]], [[290]], [[291]], [[292]]], "id": "MP"}, {"properties": {"state_abbr": "GU", "state_name": "Guam", "emissions": {"2010": {"total_direct": 1270953.568, "total_supplier": 0.0}, "2011": {"total_direct": 1318871.114, "total_supplier": 0.0}, "2012": {"total_direct": 1065650.608, "total_supplier": 0.0}, "2013": {"total_direct": 1113787.62, "total_supplier": 0.0}, "2014": {"total_direct": 1248516.406, "total_supplier": 0.0}, "2015": {"total_direct": 1271513.716, "total_supplier": 0.0}, "2016": {"total_direct": 1153742.202, "total_supplier": 0.0}, "2017": {"total_direct": 1220878.234, "total_supplier": 0.0}, "2018": {"total_direct": 1236383.3739999998, "total_supplier": 0.0}, "2019": {"total_direct": 1248818.328, "total_supplier": 0.0}, "2020": {"total_direct": 1213148.368, "total_supplier": 0.0}, "2021": {"total_direct": 1363715.4300000002, "total_supplier": 0.0}, "2022": {"total_direct": 1308218.662, "total_supplier": 0.0}, "2023": {"total_direct": 1304859.404, "total_supplier": 0.0}}, "company_violations_2023": null}, "type": "Polygon", "arcs": [[293]], "id": "GU"}, {"properties": {"state_abbr": "ME", "state_name": "Maine", "emissions": {"2010": {"total_direct": 5884875.795751, "total_supplier": 1056614.3}, "2011": {"total_direct": 5877289.915577, "total_supplier": 1054733.3}, "2012": {"total_direct": 5191078.686688, "total_supplier": 1002032.6}, "2013": {"total_direct": 4570917.6848, "total_supplier": 1981640.2}, "2014": {"total_direct": 4727329.288373, "total_supplier": 1326669.0}, "2015": {"total_direct": 4079006.042391, "total_supplier": 1100740.2000000002}, "2016": {"total_direct": 3685147.303863, "total_supplier": 1123781.0}, "2017": {"total_direct": 3071883.646799, "total_supplier": 825081.0}, "2018": {"total_direct": 3191199.938432, "total_supplier": 190380.1}, "2019": {"total_direct": 2923516.10599, "total_supplier": 225280.7}, "2020": {"total_direct": 2894692.788462, "total_supplier": 268175.6}, "2021": {"total_direct": 3318132.880608, "total_supplier": 271040.5}, "2022": {"total_direct": 3811800.760626, "total_supplier": 248052.5}, "2023": {"total_direct": 3421059.713632, "total_supplier": 213221.7}}, "company_violations_2023": null}, "type": "Polygon", "arcs": [[294, 295]], "id": "ME"}], "type": "GeometryCollection"}}, "bbox": [-179.23108600000003, -14.601813, 179.859681, 71.439786], "transform": {"scale": [0.0035909435794357946, 0.0008604245942459423], "translate": [-179.23108600000003, -14.601813]}, "arcs": [[[29920, 64835], [0, -95], [2, -7], [1, -9], [0, -24], [-1, -14], [-3, -22], [-12, -30], [-8, -12], [-1, -4], [-4, -6], [-5, -3], [-5, -4], [-4, -5], [-10, -16], [-8, -14], [-15, -21], [-20, -31], [-28, -42], [-7, -10], [-35, -56], [-6, -6], [-29, -36], [-30, -37], [-4, -5], [-35, -38], [-22, -31], [-13, -13], [-39, -58], [-5, -7], [-11, -11], [-7, -5], [-8, -8], [-34, -42], [-7, -13], [-5, 0], [-6, 3], [-4, 3], [-5, -3], [-9, -10], [-8, -9], [-10, -7], [-7, -6], [-5, -7], [-9, 3], [-10, 7], [-20, 6], [-23, 0], [-17, -1], [-4, -1], [-12, -11], [-8, -13], [-4, -11], [-2, -1], [-4, -17]], [[27700, 66383], [27, 44], [37, 58], [15, 25], [29, 44], [17, 28], [18, 27], [29, 46], [5, 9], [35, 54], [20, 54], [6, 57], [0, 28], [-1, 11], [-2, 16], [-4, 11], [-8, 2], [-4, 12], [-10, 20], [-2, 11], [-1, 25], [3, 15], [2, 20], [1, 11], [-2, 11], [-5, 4], [-14, 10], [0, 4], [3, 12], [2, 18], [-1, 8], [-2, 8], [4, 10], [1, 7], [2, 4], [0, 15], [-1, 12], [-2, 14], [0, 12], [2, 18], [-3, 12], [1, 15], [0, 37], [-4, 9], [-16, 90], [-6, 41], [-15, 87], [21, 33], [17, 25], [19, 26], [34, 51], [35, 50], [11, 19], [6, 10], [18, 0], [35, -1], [34, 0], [0, -2], [35, 0], [35, -1], [36, 0], [34, 1], [174, 0], [0, -1], [34, 0], [35, -2], [62, 0], [7, 64], [5, 28], [9, 48], [22, 112], [6, 34], [28, 144], [1, 1], [17, 109], [17, 35], [6, 13], [12, 74], [7, 6], [11, 0], [11, 12], [4, 8], [8, 22], [1, 47], [8, 19], [1, -2], [3, 0], [2, 4], [4, 1], [14, 38], [10, 14], [2, 4], [5, -1], [1, 1], [0, -2], [2, 0], [0, -3], [1, -1], [6, 8], [2, 6], [3, 6], [2, 11], [3, -1], [12, 32], [13, 42], [4, 46], [12, 51], [11, 33], [2, 5], [5, 20], [22, 62], [33, 101], [8, 18], [14, 41], [3, 19], [5, 1], [2, 7], [5, 4], [0, 6], [7, 24], [3, -3], [9, 24], [-2, 12], [7, 14], [4, 7], [4, 2], [4, 12], [4, 1], [2, 11], [5, 0], [2, 6], [2, 0], [6, 12], [7, 4], [2, 22], [4, 7], [4, -2], [2, 8], [9, 3], [1, 6], [10, 14], [6, 14], [0, 5], [1, 4], [0, 6], [2, 7], [6, 7], [6, 1], [2, 0], [10, -1], [2, 11], [3, 8], [3, 2], [3, -1], [1, 5], [2, -1], [3, 7], [1, 2], [2, 3], [2, 2], [3, -5], [1, 2], [3, 1], [1, -4], [2, -7], [8, 1], [1, -13], [4, -5], [4, 0], [2, 9], [6, 6], [5, -4], [3, 1], [1, 7], [2, -9], [0, 1], [9, 0], [15, -1], [10, 0], [21, -2], [7, -1], [20, -3], [9, -2], [37, 0], [15, -1], [7, 1], [11, 2], [26, 4], [30, 4], [12, 2], [16, 1], [37, 0], [22, 2], [22, 3], [18, 2], [10, 1], [14, 1]], [[3251, 86964], [1, 13], [1, 6], [3, 10], [3, 7], [6, 9], [9, 2], [10, -2], [3, 6], [4, 4], [6, 4], [6, 1], [5, 9], [4, 5], [8, 3], [9, -2], [6, -6], [4, 3], [4, 2], [6, 1], [7, -2], [7, -5], [5, 6], [5, 4], [5, -2], [9, -6], [7, -7], [7, -14], [8, 9], [6, 4], [7, 1], [1, 9], [3, 11], [3, 10], [4, 9], [5, 7], [3, 15], [4, 9], [4, 8], [9, 6], [4, 14], [5, 12], [5, 10], [7, 7], [10, 2], [10, -4], [4, 11], [3, 10], [6, 10], [7, 8], [7, 4], [2, 8], [5, 9], [4, 8], [7, 4], [7, 1], [10, -5], [7, -10], [4, -11], [5, 0], [4, -3], [6, -7], [5, 13], [4, 12], [6, 9], [6, 5], [0, 21], [1, 11], [6, 14], [6, 10], [5, 7], [8, 4], [8, 2], [9, -11], [10, -18], [8, -19], [2, -9], [5, -26], [3, -10], [4, -13], [2, -10], [0, -12], [-3, -15], [6, -10], [2, -6], [3, 11], [2, 7], [4, 5], [9, 8], [5, 3], [6, 0], [8, -5], [5, -10], [4, 7], [5, 6], [4, 4], [7, 2], [5, -1], [7, -6], [6, -9], [6, -11], [5, -14], [2, -10], [-1, -16], [5, -1], [4, -4], [5, -7], [4, -10], [3, -10], [2, -12], [2, -11], [0, -11], [-1, -11], [-3, -11], [1, -11], [0, -5], [-2, -10], [-3, -11], [2, -5], [2, -6], [1, -8], [1, -11], [0, -9], [-1, -11], [-2, -12], [-3, -11], [3, -8], [1, -7], [0, -8], [-1, -9], [3, -6], [2, -7], [0, -19], [-1, -13], [1, -7], [1, -8], [-1, -12], [-2, -10], [-2, -6], [2, -6], [1, -7], [-1, -6], [4, -6], [2, -7], [2, -15], [3, -1], [4, -3], [5, -4], [4, -7], [5, -14], [3, -12], [0, -11], [14, -23], [0, -3], [-3, -16], [-6, -16], [-1, -5], [0, -5], [-2, -18], [-4, -25], [-10, -28], [-12, -13], [-6, -8], [-12, -5], [-6, -2], [-9, -12], [-12, -1], [-10, 5], [-1, 2], [-2, -6], [-7, -18], [-9, -13], [-6, -3], [-3, -11], [-11, -25], [-6, -16], [-7, -17], [-12, -29], [-13, -20], [-13, -11], [-11, -2], [-16, 4], [-6, 3], [-5, 4], [-13, 16], [-9, 19], [-5, 16], [-2, 15], [-6, 15], [-4, 3], [-4, 1], [-4, 3], [-7, 11], [-11, 15], [-3, -4], [-6, -3], [-13, 4], [-16, -3], [-17, 1], [-8, 6], [-9, 15], [-12, 22], [-2, 5], [-3, -1], [-10, 6], [-12, 11], [-4, 11], [-2, 11], [-5, 12], [-10, 19], [-10, 16], [-18, 18], [-11, 10], [-7, -1], [-10, 2], [-9, 9], [-9, 19], [-7, 16], [-8, 22], [-20, 7], [-4, 9], [-4, 13], [-3, -1], [-7, 1], [-7, 3], [-5, 6], [-4, 9], [-5, 14], [-2, 12], [0, 53], [2, 8], [-5, 9], [-3, 9], [-2, 14], [-1, 15], [-5, 3], [-4, 6], [-2, 8], [-1, 10], [-5, 7], [-7, 32], [1, 21]], [[1767, 86946], [5, 16], [9, 13], [6, 7], [5, 11], [6, 7], [12, 8], [9, -4], [7, -10], [7, -15], [3, -21], [1, -21], [-1, -6], [-5, -20], [-7, -22], [-4, -6], [-7, -7], [-11, -9], [-11, -2], [-8, 4], [-6, 7], [-9, 24], [-2, 15], [1, 31]], [[1671, 87464], [3, 25], [8, 16], [0, 20], [4, 15], [5, 11], [5, 5], [11, 13], [12, 4], [13, -9], [6, -10], [5, -18], [3, -7], [2, -18], [2, -23], [1, -28], [9, -5], [6, -3], [8, -8], [6, -10], [3, -7], [2, -10], [2, -13], [-2, -8], [2, -44], [5, -22], [10, -29], [15, -28], [5, -12], [10, -12], [34, -39], [9, -4], [6, 5], [4, 2], [2, 0], [4, -2], [13, 0], [13, -10], [8, -13], [3, -13], [4, -7], [4, -13], [5, -10], [5, -8], [6, -10], [10, -13], [5, -5], [6, -10], [7, -15], [3, -16], [0, -12], [-3, -19], [-6, -18], [-6, -8], [-1, -5], [-6, -11], [-8, -7], [-8, -4], [-6, 4], [-8, -7], [-5, 3], [-5, 4], [-8, 8], [-5, 10], [-2, 18], [-6, 3], [-5, -4], [-8, -5], [-11, 4], [-8, -4], [-3, -6], [-3, -4], [-6, -5], [-8, 1], [-8, 6], [-8, 7], [-8, 10], [-9, 21], [-9, 5], [-7, 10], [-9, 11], [-5, -3], [-7, 3], [-9, 9], [-9, 15], [-4, 15], [-2, 21], [0, 22], [-15, 26], [-12, 16], [-11, 17], [-2, 1], [-5, 1], [-6, 6], [-8, 12], [-4, 12], [-3, 16], [0, 18], [1, 20], [3, 9], [-2, 19], [2, 31], [4, 12], [-1, 8], [-7, 13], [-2, 7], [-1, 8], [-14, 36], [-2, 10], [2, 10]], [[5328, 85076], [3, 26], [1, 10], [3, 11], [3, 7], [4, 6], [9, 10], [3, 7], [5, -2], [5, -4], [8, -5], [7, -7], [3, -4], [3, -8], [2, -10], [5, -24], [1, -10], [1, -9], [0, -10], [-2, -16], [-3, -11], [-5, -10], [-7, -12], [-8, -6], [-6, -3], [-9, 1], [-1, -3], [-3, 5], [-7, 6], [-4, 5], [-2, 7], [-2, 12], [-4, 17], [-2, 10], [0, 6], [-1, 8]], [[5204, 85178], [2, 15], [2, 7], [1, 3], [0, 25], [1, 12], [2, 12], [3, 12], [4, 14], [5, 12], [6, 9], [10, 8], [6, -2], [7, -3], [5, -6], [5, -8], [2, -8], [4, 2], [8, -2], [5, -4], [7, -7], [7, -12], [7, 1], [8, -4], [6, -5], [6, -11], [4, -17], [2, -22], [-1, -10], [-3, -18], [-8, -20], [-4, -7], [0, -24], [-2, -13], [-2, -9], [-4, -10], [-9, -17], [0, -12], [-1, -8], [-2, -15], [-4, -11], [-6, -13], [-11, -10], [-9, 0], [-10, 7], [-8, 14], [-3, 15], [-2, 23], [2, 19], [2, 11], [1, 10], [3, 7], [-4, -3], [-9, -3], [-6, 1], [-6, 5], [-4, 7], [-5, 11], [-6, 13], [-3, 12], [-1, 12], [0, 15]], [[4955, 91508], [5, 28], [7, 16], [11, 14], [13, 6], [12, -5], [12, -10], [7, -14], [3, -9], [3, -11], [0, -8], [-1, -9], [-2, -7], [1, -12], [0, -11], [-4, -17], [-4, -11], [-3, -8], [-8, -11], [-15, -5], [-19, 9], [-11, 20], [-5, 22], [-2, 33]], [[4838, 90900], [1, 13], [4, 15], [4, 9], [3, 5], [2, 1], [3, 3], [5, 3], [6, 2], [8, -3], [4, 1], [5, -5], [5, -7], [5, -8], [3, -9], [3, -12], [1, -16], [-2, -18], [-2, -10], [-7, -16], [-5, -8], [-5, -5], [-3, -1], [-8, -2], [-10, 2], [-7, 7], [-8, 12], [-3, 8], [-2, 12], [0, 27]], [[3068, 92496], [1, 17], [1, 5], [4, 9], [7, 16], [3, 5], [4, 3], [4, 4], [9, 7], [5, 3], [12, -2], [8, -3], [9, -10], [6, -8], [8, -24], [2, -17], [1, -21], [-2, -11], [-4, -10], [-5, -22], [-7, -12], [-7, -8], [-10, -8], [-15, 2], [-13, 9], [-13, 19], [-7, 19], [-1, 19], [0, 19]], [[2886, 93236], [1, 10], [2, 13], [4, 14], [6, 15], [7, 7], [10, 2], [7, 1], [7, -1], [9, -11], [3, -5], [4, -9], [4, -14], [3, -16], [0, -16], [-2, -12], [-5, -13], [-6, -7], [-11, -10], [-6, -4], [-4, -1], [-5, 0], [-6, 4], [-5, 4], [-6, 7], [-5, 9], [-3, 10], [-3, 7], [0, 16]], [[2857, 93344], [0, 117], [6, 5], [6, 4], [10, -1], [9, -4], [7, -8], [5, -10], [5, -8], [3, -13], [2, -12], [0, -11], [5, -15], [1, -13], [-2, -11], [-2, -9], [-3, -8], [-20, -29], [-7, -6], [-10, -2], [-15, 5], [0, 29]], [[2026, 90796], [3, 57], [6, 47], [4, 8], [1, 25], [4, 19], [9, 22], [-2, 17], [0, 19], [6, 25], [3, 19], [-2, 11], [0, 19], [-4, 19], [3, 17], [8, 24], [5, 12], [6, 8], [6, 0], [7, -1], [4, -1], [3, 5], [8, 4], [8, -3], [8, -9], [6, -11], [3, -8], [10, -19], [6, -28], [2, -31], [-2, -18], [-2, -15], [79, -63], [24, -10], [58, -39], [13, 14], [10, 21], [8, 12], [25, 36], [14, 19], [14, 12], [10, 0], [15, 15], [5, 6], [12, 14], [10, 2], [48, 0], [15, -12], [21, -29], [18, -42], [21, -41], [12, -30], [6, -47], [10, -65], [22, -22], [15, -20], [16, -5], [25, -3], [12, -3], [10, -9], [7, -16], [9, -15], [7, -13], [5, -14], [3, -9], [24, -10], [38, -19], [55, -4], [43, -15], [49, -23], [18, -11], [9, -11], [6, -12], [2, -19], [-2, -42], [-5, -24], [-1, -26], [-7, -29], [-6, -14], [-3, -8], [-7, -31], [-12, -32], [11, -26], [3, -29], [-5, -32], [-17, -34], [-11, -11], [-10, -2], [-8, 4], [-14, 13], [-6, 18], [-3, 19], [1, 14], [3, 15], [4, 14], [-17, 15], [-13, 14], [-10, 4], [-22, 0], [-24, -5], [-9, -6], [-6, -5], [-11, -33], [-12, -29], [-11, -16], [-9, -7], [-3, -3], [1, -11], [5, -34], [2, -30], [-4, -31], [-7, -17], [-9, -7], [-9, -2], [-8, -26], [-10, -17], [-14, -4], [-25, 14], [-24, 24], [-6, 10], [-8, 22], [0, 18], [1, 23], [-4, 20], [-2, 27], [-5, 20], [-14, 31], [-22, 36], [-14, 18], [-6, 12], [-4, 7], [-6, -3], [-11, 1], [-3, 1], [-4, 6], [-7, -2], [-6, 3], [-3, 5], [-8, -2], [-11, 4], [-8, 11], [-5, 9], [-5, 18], [-2, 13], [0, 13], [2, 11], [3, 9], [-16, 48], [-21, 42], [-23, 27], [-28, 23], [-33, 28], [-25, 17], [-24, 6], [-15, -2], [-5, -3], [-10, -17], [-7, -7], [-6, -2], [-5, 0], [-2, -14], [-5, -13], [-4, -8], [-2, -3], [-4, -13], [-7, -14], [-8, -8], [-9, -3], [-4, 0], [-10, -17], [-10, -12], [-10, -6], [-13, 2], [-9, 7], [-5, 7], [-8, -2], [-9, 5], [-8, 9], [-8, 16], [-11, 8], [-9, 12], [-6, 6], [-8, 3], [-11, 15], [-8, 16], [-3, 13], [-1, 9], [-8, 19], [-6, 24], [-7, 32], [-4, 34], [-3, 13], [-3, 8], [3, 56]], [[9113, 85995], [0, 10], [1, 10], [3, 15], [2, 7], [8, 32], [4, 8], [4, 7], [-1, 9], [-1, 13], [0, 5], [1, 12], [1, 7], [2, 8], [-2, 12], [-1, 10], [0, 10], [1, 12], [1, 9], [3, 11], [4, 7], [5, 8], [3, 3], [3, 2], [3, 1], [4, 1], [5, -1], [5, -3], [3, -3], [3, -4], [7, -14], [2, -11], [2, -10], [0, -18], [-1, -8], [0, -7], [3, -2], [5, -7], [3, -5], [4, -9], [3, -12], [1, -8], [2, -13], [0, -10], [3, -10], [1, -8], [2, -13], [0, -10], [-1, -12], [-2, -6], [-2, -10], [-3, -8], [-4, -6], [-5, -6], [-4, -3], [-2, -7], [-1, -5], [-4, -12], [-3, -7], [-5, -8], [-4, -3], [-3, -2], [-4, -1], [-3, 0], [-5, -6], [-4, -4], [-3, -2], [-6, -1], [-4, 1], [-4, 2], [-3, 3], [-3, 4], [-3, 2], [-3, 4], [-5, 8], [-3, 7], [-2, 7], [-2, 11], [-1, 8], [0, 9]], [[11912, 84183], [-2, 4], [0, 3], [-21, 12], [-4, 4], [-6, 8], [-4, 6], [-4, 4], [-4, 3], [-8, 17], [-3, 21], [-1, 21], [0, 22], [2, 16], [1, 7], [-2, 23], [2, 18], [-5, 5], [-3, 19], [0, 25], [3, 14], [2, 18], [1, 24], [2, 21], [10, 21], [9, 13], [10, 15], [7, 6], [3, 4], [-2, 32], [-4, -11], [-4, -8], [-2, -3], [-2, 0], [-9, -11], [-7, -6], [-11, -2], [-15, 12], [-4, 6], [-6, 11], [-3, 7], [-1, 3], [-6, 2], [-9, 9], [-5, 13], [-3, 8], [-3, 15], [0, 13], [-2, 5], [-2, 7], [-2, 8], [-3, 9], [-3, 5], [-6, 5], [-5, 5], [-3, 9], [-8, 23], [-6, 26], [-3, 17], [-1, 8], [-1, 5], [-8, -16], [-8, -8], [-13, 7], [-8, 14], [-13, 31], [-14, 29], [-10, 12], [-10, 8], [-12, 23], [-4, 12], [-4, 6], [-7, 6], [-10, 16], [-12, 25], [-11, 27], [-6, 11], [-7, 11], [-6, 16], [-8, 7], [-13, 8], [-12, 18], [-12, 30], [-2, 36], [-2, 16], [-6, 18], [-20, 41], [-18, 34], [-17, 33], [-4, 19], [-2, 7], [-1, 12], [0, 9], [-1, 8], [-1, 10], [0, 12], [1, 8], [4, 19], [0, 3], [-2, 12], [-1, 11], [-4, 13], [-22, 55], [-30, 57], [-4, 9], [-4, 15], [-8, 13], [-19, 25], [-34, 31], [-41, 30], [-4, 3], [-3, 5], [-31, 49], [-1, 3], [-32, 63], [-26, 36], [-24, 26], [-30, 29], [-28, 26], [-1, 1], [-35, 41], [-1, 1], [-33, 44], [-19, 25], [-2, 4], [-36, 62], [-31, 44], [-21, 30], [-23, 29], [-30, 39], [-35, 44], [-27, 35], [-30, 38], [-22, 6], [-23, 5], [-8, 1], [-4, -2], [-5, 1], [-10, 3], [-19, 9], [-2, 1], [-15, 10], [-6, 1], [-4, 2], [-16, 9], [-6, 6], [-7, 9], [-12, 15], [-16, 18], [-48, 50], [-33, 34], [-16, 14], [-2, 2], [-20, 22], [-41, 47], [-36, 41], [-5, 4], [-6, 5], [-7, 8], [-19, 23], [-14, 13], [-17, 12], [-6, 3], [-11, 4], [-8, 2], [-13, 6], [-9, 6], [-7, 6], [-19, 11], [-10, 5], [-3, 1], [-12, 5], [-5, 2], [-11, 2], [-4, -2], [-3, 0], [-6, 3], [-4, 3], [-2, 3], [-5, 8], [-11, 5], [-12, 7], [-16, 3], [-15, 4], [-19, 3], [-19, -1], [-36, -16], [-17, -7], [-10, -4], [-15, -8], [-3, -2], [-10, 0], [-14, -3], [-11, -3], [-16, -3], [-18, -3], [-19, -4], [-16, -2], [-14, -5], [-18, -8], [-10, -4], [-19, -16], [-14, -11], [-11, -13], [-10, -10], [-6, -4], [-4, -1], [-7, 1], [-2, -3], [-12, -11], [-24, -13], [-31, 0], [-31, -85], [-43, -116], [-37, -32], [-37, 10], [-29, 59], [0, 60], [38, 110], [29, 99], [-19, 80], [-25, 32], [-22, 27], [-90, 19], [-61, 39], [-30, 32], [-21, 21], [-34, 36], [-56, 69], [-42, -1], [-57, -40], [-61, -60], [-19, -18], [-74, -68], [-45, -46], [-12, -13], [-18, -7], [-28, -19], [-16, -33], [-22, -62], [-1, -2], [-8, -40], [-3, -46], [0, -53], [-15, -52], [-19, -26], [-32, -43], [-47, -38], [-37, -6], [-38, 9], [-23, 29], [-17, 54], [-33, 70], [-61, 20], [-46, -10], [-92, 9], [-13, 2], [-21, -15], [-59, -41], [-33, -76], [-22, -54], [-14, -77], [-15, -80], [-14, -83], [-29, -32], [-23, -24], [-43, -47], [-11, -13], [-75, -81], [-52, -57], [-8, -7], [-7, -6], [-6, -5], [-5, -7], [-6, -6], [-5, -3], [-34, -34], [-16, -13], [-4, -5], [-5, -3], [-53, -60], [-6, -3], [-67, -47], [-8, -7], [-9, -7], [-17, -17], [-19, -13], [-13, -4], [-16, -3], [-36, -8], [-49, -10], [-63, -17], [-53, -15], [-104, -28], [-46, -12], [-59, -16], [-21, -50], [-24, -62], [2, -7], [3, -8], [2, -14], [1, -14], [1, -13], [-1, -12], [-1, -14], [-3, -14], [-5, -18], [-5, -8], [4, -8], [4, -11], [1, -11], [2, -12], [-1, -11], [-2, -16], [-3, -14], [-8, -15], [-8, -11], [-10, 0], [-8, 2], [-3, 5], [-5, -18], [-6, -19], [-4, -9], [-8, -11], [-17, -21], [-5, -5], [6, -21], [2, -15], [1, -15], [-1, -15], [-3, -14], [-2, -8], [-6, -12], [-7, -9], [-11, -5], [-10, -2], [-2, -10], [-3, -16], [-5, -13], [-7, -10], [-11, -7], [-7, 4], [-7, 2], [-10, 6], [-6, 6], [-3, 7], [0, -5], [-3, -27], [-6, -18], [-7, -14], [-4, -4], [0, -21], [2, -9], [1, -18], [2, -8], [2, -13], [0, -27], [-4, -15], [-6, -20], [-4, -17], [-5, -11], [-7, -6], [-5, -3], [-9, -46], [-4, -15], [-3, -15], [-4, -19], [-3, -34], [0, -14], [-2, -16], [-3, -15], [-4, -10], [-3, -5], [-4, -4], [0, -17], [-3, -21], [-4, -16], [-6, -10], [-7, -7], [-9, -6], [-2, -16], [-5, -14], [-5, -11], [-3, -8], [-6, -8], [-8, -4], [-5, -1], [-5, -12], [-5, -10], [-6, -10], [-41, -13], [-14, 2], [-15, -5], [-8, 0], [-10, -3], [-11, -16], [-8, -7], [-7, -4], [-11, 3], [-7, 7], [-8, 18], [-13, -10], [0, -2], [-3, -27], [-5, -26], [-3, -38], [-4, -37], [-7, -31], [-1, -4], [-3, -10], [-2, -14], [-5, -11], [-5, -9], [-6, -4], [-8, -4], [-9, 3], [3, -22], [0, -25], [-8, -21], [-9, -19], [-4, -20], [-6, -20], [-8, -6], [0, -7], [-1, -16], [-6, -16], [-7, -12], [-10, -9], [-5, 1], [-14, 8], [-8, 6], [-36, -34], [-4, 3], [-10, -10], [2, -18], [-2, -30], [-1, -25], [-1, -20], [-4, -11], [-2, -5], [-4, -4], [-10, -9], [-13, 2], [-9, -4], [-6, 2], [-7, 0], [-2, -11], [-8, -26], [-11, -38], [-6, -23], [-11, -20], [-6, -4], [-12, -6], [-15, -9], [-5, -13], [-7, -17], [-7, -9], [-1, -4], [0, -10], [-4, -19], [-3, -9], [-2, -10], [-4, -22], [-8, -45], [1, -13], [5, -18], [3, -25], [-4, -38], [-10, -34], [-15, -32], [2, -44], [-6, -20], [0, -351], [-55, -139], [-56, -139], [-56, -140], [-55, -140], [8, -35], [-14, -40], [-22, -60], [-15, -42], [-20, -57], [-28, -76], [-16, -46], [-24, -66], [-13, -37], [-21, -58], [-26, -72], [-28, -77], [-24, -65], [-93, 0], [-47, -1], [-263, 0], [-6, -23], [-5, -12], [-7, -9], [-2, 0], [3, -17], [0, -9], [2, -13], [-1, -11], [-2, -10], [-7, -20], [-4, -5], [-9, -4], [-7, -1], [-6, 0], [-4, 3], [-3, 3], [-59, -18], [-23, -7], [0, -6], [-3, -14], [-6, -16], [-3, -9], [-2, -11], [-2, -2], [-3, -6], [-3, -3], [-3, -1], [-5, -38], [2, -10], [-1, -9], [1, -5], [12, -6], [2, -2], [1, 2], [3, -5], [4, -12], [3, -8], [3, -15], [5, -22], [5, 5], [4, 3], [5, 2], [11, -6], [5, -6], [3, -7], [3, -6], [3, -8], [7, -28], [3, -20], [0, -16], [1, -10], [3, -23], [1, -13], [1, 4], [4, 8], [5, 8], [5, 4], [5, 1], [2, -1], [2, 5], [3, 8], [4, 7], [5, 9], [2, 5], [1, 9], [5, 25], [2, 12], [3, 10], [5, 9], [7, 7], [6, 3], [4, -1], [10, -8], [9, -16], [3, -8], [1, -7], [1, -11], [0, -39], [-2, -5], [-4, -6], [0, -31], [-2, -13], [0, -13], [2, -15], [3, -16], [1, -17], [0, -26], [-1, -10], [0, -6], [2, 1], [4, 0], [3, -1], [3, -3], [3, -5], [2, -4], [1, 3], [6, 3], [5, -2], [4, -3], [3, -2], [1, -4], [2, 1], [5, -4], [5, -9], [5, -13], [2, -12], [1, -13], [0, -26], [-2, -20], [-5, -10], [-6, -13], [-1, 0], [1, -8], [0, -2], [2, 0], [3, -5], [3, -6], [2, -5], [3, -2], [7, -7], [9, -15], [1, -4], [3, -5], [2, -7], [2, -10], [1, -13], [1, -17], [-2, -15], [-4, -20], [-5, -17], [-6, -19], [-8, -24], [-7, -15], [-6, -6], [-4, -3], [-4, -2], [-7, 2], [-9, 7], [-8, 11], [-5, 14], [-3, 14], [-1, 7], [-3, 4], [-3, 12], [-2, 14], [-2, 8], [0, 3], [-2, 3], [-5, -5], [-7, 3], [-6, 7], [-8, 16], [-3, 11], [-1, 11], [0, 11], [1, 20], [0, 19], [-2, 4], [-3, 9], [-1, 4], [-2, -2], [-3, -2], [-3, 0], [-3, 2], [-6, -3], [-7, 1], [-4, -1], [-4, 1], [-5, 6], [-3, 5], [1, 3], [-6, 21], [-1, -21], [-2, -11], [-7, -21], [-2, -4], [-2, 0], [2, -6], [0, -8], [-2, -22], [-4, -14], [-7, -19], [-9, -8], [-8, 2], [-9, 6], [-8, 11], [-4, 12], [-1, -11], [-1, -7], [-4, -15], [-4, -11], [-7, -9], [-6, -4], [-9, 1], [-6, 6], [-2, 5], [-1, -6], [-1, -18], [-3, -17], [-5, -14], [-7, -16], [-8, -16], [-6, -10], [-4, -1], [-2, -2], [-4, -1], [-4, 4], [-6, 10], [-7, 17], [-4, 15], [-2, 14], [0, 5], [-1, 5], [-2, 16], [-2, 20], [0, 42], [2, 22], [2, 12], [5, 12], [4, 7], [-2, 6], [1, 6], [0, 7], [2, 9], [5, 10], [5, 9], [3, 7], [-3, 7], [-2, 7], [0, 44], [-4, 19], [-3, 26], [1, 15], [4, 17], [7, 16], [9, 9], [2, 13], [4, 16], [9, 11], [3, 2], [0, 16], [2, 17], [3, 16], [-2, 4], [-5, 13], [-3, 22], [0, 9], [-4, 10], [-1, 9], [-2, 22], [-2, 9], [-1, 15], [-6, 12], [-4, -7], [5, -21], [1, -16], [-1, -22], [-5, -20], [1, -5], [0, -13], [-2, -18], [-10, -42], [-4, -8], [-8, -6], [-9, 0], [-4, 4], [0, -14], [-3, -22], [-4, -13], [-5, -10], [-2, -16], [-4, -11], [-2, -4], [-2, -13], [4, -16], [1, -21], [-1, -13], [-4, -22], [-4, -12], [-5, -7], [-4, -3], [-7, -2], [-10, 6], [-5, 7], [-5, 19], [-2, 13], [-1, 22], [1, 13], [-3, 5], [-1, -4], [-10, 1], [-3, 4], [-5, 9], [-6, 0], [-3, 6], [-4, -15], [-6, -12], [-12, -21], [-6, -3], [-8, 0], [-8, 8], [-5, 11], [-4, 12], [-2, 21], [0, 12], [1, 14], [-1, 20], [0, 8], [-8, 22], [-2, 11], [0, 17], [3, 25], [3, 16], [-5, 17], [-1, 13], [0, 20], [1, 12], [-3, 23], [-1, 17], [1, 6], [1, 12], [4, 18], [4, 9], [1, 4], [4, 12], [2, 3], [0, 9], [1, 9], [4, 14], [4, 13], [-6, 0], [-7, 1], [-2, -4], [-5, -13], [-18, -28], [-32, -44], [-8, -7], [-2, -13], [-2, -3], [-3, -4], [-8, -14], [-7, -7], [-2, -4], [-4, -1], [0, -3], [6, -2], [9, -10], [1, 5], [3, 7], [5, 10], [7, 11], [7, 4], [4, -1], [6, -5], [5, -8], [5, -12], [3, -12], [2, -9], [0, -16], [-1, -13], [-2, -15], [-4, -11], [-5, -11], [-6, -7], [-8, -2], [-7, 2], [-6, 10], [-1, -5], [-3, -8], [-4, -8], [-6, -7], [-8, -5], [-4, -1], [-2, -8], [3, -15], [0, -12], [-1, -11], [-1, -8], [1, -23], [-2, -16], [-5, -15], [-5, -10], [-6, -6], [-9, -1], [-7, 4], [-2, 0], [-3, -12], [-3, -8], [-5, -6], [0, -5], [3, -3], [4, -6], [5, -10], [3, -14], [3, -17], [0, -11], [-1, -12], [-1, -10], [-4, -12], [-6, -14], [-2, -3], [-4, -3], [-5, -1], [-2, 1], [0, -3], [-3, -7], [-2, -4], [-3, -2], [-6, 5], [-4, 0], [-5, -3], [-8, 3], [-4, 4], [-3, 5], [-2, 7], [-2, -5], [-3, -3], [-7, -4], [-5, -1], [-4, 0], [-3, 3], [1, -19], [0, -17], [-2, -11], [-4, -13], [-6, -11], [-2, -3], [2, -5], [3, -2], [2, -1], [7, -7], [4, -9], [3, -13], [3, -16], [0, -11], [5, -2], [4, -11], [6, -17], [4, -20], [-1, -15], [-1, -13], [-2, -15], [-3, -12], [-4, -9], [-10, -7], [-9, 2], [-6, 6], [-1, 5], [-4, -10], [-12, -13], [-3, 0], [0, -4], [-5, -20], [-7, -16], [-9, -10], [-6, 6], [-2, -3], [-2, -1], [-4, 1], [-7, 5], [-6, 4], [-6, 15], [-2, 10], [0, -2], [-5, -3], [-8, 7], [0, -3], [-4, -4], [-5, -8], [-3, -1], [1, -3], [4, -19], [1, -5], [1, -9], [1, -17], [-2, -16], [-4, -15], [-4, -8], [-5, -5], [-7, -3], [-15, 9], [-8, 15], [-1, -3], [-4, -2], [-7, 2], [-2, 5], [0, -2], [-1, -26], [-3, -16], [-7, -24], [-9, -8], [-3, 0], [1, -4], [1, -18], [0, -13], [-2, -16], [-5, -16], [-7, -12], [-8, -3], [-5, 1], [-5, 2], [-4, 6], [-6, 14], [-4, 19], [-1, 20], [1, 20], [4, 14], [-2, 5], [-2, 4], [-2, 17], [-1, 14], [2, 21], [2, 13], [4, 18], [-4, 4], [-9, 15], [-5, 14], [-4, 14], [-3, 21], [-1, 28], [2, 18], [4, 14], [6, 10], [4, 2], [4, 6], [-3, 7], [-4, 9], [-1, 6], [-7, 0], [-9, 5], [-9, 13], [-5, 21], [0, 16], [1, 22], [3, 15], [6, 17], [1, 4], [-3, -2], [-3, 3], [-3, 5], [-4, 9], [-4, 10], [-1, 4], [0, -7], [-2, -6], [-6, -10], [-6, -6], [-3, 1], [-1, -2], [-2, -7], [-5, -7], [-8, -7], [-6, -2], [-2, 1], [0, -12], [-3, -14], [-5, -11], [-7, -10], [-11, -4], [-2, -1], [-5, 6], [-6, 12], [-6, 14], [-4, 13], [-27, -4], [0, -11], [-1, -9], [-3, -9], [-5, -9], [-4, 0], [-1, -8], [-2, -5], [-3, -6], [-1, 0], [-1, -11], [1, -2], [3, -7], [1, 1], [2, -1], [3, -4], [3, -12], [6, -12], [3, -14], [1, -4], [3, -4], [3, -7], [2, -8], [3, -13], [2, -8], [3, -7], [4, -11], [5, -17], [1, -15], [1, -16], [2, -19], [0, -7], [-5, -11], [-4, -15], [-4, -16], [-7, -14], [-9, -6], [-6, 3], [-9, 3], [-4, 5], [-4, -3], [-11, 1], [-4, 0], [-5, 2], [-4, 2], [-9, -6], [-13, -5], [-12, -2], [-10, -4], [-8, -3], [-4, 0], [-2, 3], [-3, -8], [-2, -6], [-4, -5], [-7, -5], [-3, 0], [0, -9], [-4, -16], [-3, -11], [-3, -6], [-4, -6], [-3, -2], [-8, 2], [-10, 10], [-13, 15], [-10, 9], [-13, 2], [-22, -2], [-11, 0], [-11, -1], [-10, -1], [-9, -2], [-5, -4], [-8, 2], [-7, -2], [-8, -4], [-11, -4], [-8, -9], [-7, -9], [-8, -10], [-6, -10], [-2, -7], [-1, -5], [0, -4], [1, -12], [-2, -14], [-2, -11], [0, -12], [-2, -14], [-6, -22], [-5, -13], [-6, -17], [-8, -17], [-8, -10], [-3, -4], [-3, -7], [-5, -11], [-12, -6], [-6, 4], [-2, 3], [-4, -8], [-11, -9], [-7, -4], [-4, -7], [-10, -8], [-13, -2], [-9, 5], [-3, 3], [-2, -3], [-3, -3], [-5, -2], [-10, 2], [-8, 8], [-15, 19], [-3, 2], [-8, 13], [-7, 19], [-10, 41], [-3, 17], [-3, 4], [-4, 15], [-2, 24], [-1, 15], [-2, 12], [-3, 22], [-1, 22], [-1, 16], [-1, 10], [0, 17], [3, 19], [2, 16], [5, 23], [6, 11], [14, 22], [7, 14], [7, 10], [4, 1], [8, 13], [7, 4], [6, 1], [2, 0], [2, 10], [5, 20], [3, 15], [3, 17], [8, 33], [1, 17], [1, 16], [4, 17], [4, 9], [5, 23], [2, 48], [2, 18], [3, 13], [3, 14], [4, 8], [5, 4], [1, 4], [2, 7], [6, 8], [6, 16], [2, 5], [6, 3], [7, 6], [10, 4], [6, 0], [10, -6], [6, -7], [6, -8], [5, -8], [4, -4], [3, 1], [5, 9], [3, 5], [3, 7], [8, 23], [4, 6], [7, 14], [9, 10], [13, 3], [7, -3], [10, 5], [9, 19], [4, 12], [10, 27], [4, 10], [5, 7], [6, 7], [7, 1], [4, -1], [1, -2], [3, 0], [7, 8], [3, 6], [5, 5], [5, 3], [4, 1], [5, -3], [7, -5], [3, -3], [6, -2], [9, -4], [9, -1], [13, 5], [5, 3], [10, 13], [7, 6], [8, 9], [5, 4], [5, 9], [24, 35], [4, 8], [14, 24], [13, 16], [10, 15], [9, 7], [7, 4], [3, 3], [2, 5], [10, 30], [32, 85], [7, 22], [1, 6], [1, 1], [1, 5], [1, 6], [2, 14], [3, 8], [5, 7], [5, 13], [5, 11], [7, 10], [4, 7], [7, 8], [6, 9], [7, 8], [9, 9], [8, 3], [5, 2], [2, 5], [2, 7], [2, 9], [4, 8], [10, 11], [4, 9], [6, 12], [7, 15], [9, 37], [4, 14], [8, 20], [16, 43], [5, 18], [6, 19], [4, 16], [6, 19], [5, 18], [5, 15], [4, 9], [5, 8], [5, 10], [6, 10], [6, 12], [6, 10], [4, 6], [4, 14], [5, 19], [2, 9], [4, 7], [5, 5], [6, 5], [4, 0], [2, 1], [1, 4], [3, 4], [2, 11], [1, 4], [6, 8], [3, -3], [6, 12], [12, 36], [9, 26], [13, 23], [9, 12], [11, 4], [16, 10], [22, 22], [14, 15], [17, 9], [3, 1], [4, 7], [9, 3], [15, 9], [14, 14], [32, 37], [14, 14], [14, 5], [33, 0], [32, 9], [17, 0], [20, -5], [13, -4], [26, 0], [11, -5], [9, 14], [7, 23], [4, 19], [3, 46], [4, 28], [1, 28], [4, 15], [1, 4], [4, 11], [1, 8], [4, 22], [7, 51], [7, 27], [8, 15], [15, 24], [7, 16], [6, 18], [7, 27], [10, 29], [17, 25], [14, 13], [12, 17], [11, 19], [10, 23], [6, 21], [3, 10], [3, 4], [6, 21], [7, 16], [10, 14], [8, 10], [9, 13], [11, 13], [11, 12], [15, 15], [10, 16], [16, 17], [22, 34], [10, 22], [11, 22], [14, 16], [7, 4], [5, 7], [12, 17], [15, 18], [17, 24], [17, 27], [9, 18], [11, 27], [9, 23], [8, 18], [6, 11], [7, 11], [4, 9], [8, 8], [0, 64], [14, 106], [8, 65], [18, 134], [17, 131], [11, 83], [12, 91], [17, 125], [13, 95], [12, 96], [7, 54], [19, 139], [12, 90], [15, 119], [10, 74], [9, 63], [12, 95], [9, 66], [14, 106], [-22, 62], [-5, -3], [-6, -1], [-7, 3], [-52, -49], [-57, -52], [0, -11], [-3, -15], [-3, -13], [-3, -11], [-5, -7], [-5, -4], [-5, -2], [-3, -16], [-5, -14], [-7, -14], [-8, -10], [-10, -10], [-8, -4], [-11, -2], [-9, 2], [-9, 4], [-6, 7], [-2, -5], [-6, -9], [-7, -8], [-8, 1], [-9, 5], [-8, 10], [-7, 15], [-4, 12], [-4, 17], [0, 21], [3, 14], [-71, 291], [-6, 20], [-33, 111], [-2, 2], [-8, 3], [-8, -1], [-18, 9], [-5, 3], [-2, 5], [-5, -23], [-8, -19], [-18, -29], [-13, -16], [-10, -8], [-13, 3], [-10, 15], [-8, 16], [-3, 18], [-3, 5], [-3, 7], [-4, 16], [-4, 7], [-5, 13], [-1, 6], [-4, -14], [-3, -9], [-4, -7], [-7, -10], [-6, -3], [-10, 1], [-7, 5], [-5, 7], [-6, 10], [-6, 12], [-4, 15], [-5, 26], [-1, 16], [1, 12], [-2, 9], [-2, 10], [0, 6], [-15, -8], [-44, -26], [-15, -8], [3, -11], [1, -15], [-1, -20], [-1, -13], [-3, -16], [-4, -22], [-7, -28], [-3, -20], [-4, -18], [-3, -16], [-4, -21], [-13, -54], [-4, -21], [-7, -30], [0, -20], [-4, -15], [-4, -14], [-7, -18], [-9, -16], [-8, -9], [-8, -7], [-9, -1], [-10, 6], [-4, 3], [-4, -4], [-5, -6], [-6, -6], [-8, 1], [-12, 15], [-5, 11], [-3, 14], [-2, 21], [-3, 35], [0, 17], [3, 23], [-16, 42], [-6, -10], [-13, -20], [-6, -7], [-4, -4], [-4, -5], [-6, -2], [-8, -4], [-5, -3], [-4, -6], [-7, -6], [-1, -7], [-7, -21], [-4, -6], [-5, -6], [-11, -8], [-3, -1], [0, -10], [-2, -7], [-2, -12], [-4, -7], [-5, -7], [-6, -5], [-5, -2], [-5, 0], [-8, -4], [-4, -1], [-3, 3], [-6, -4], [-5, 2], [-9, 5], [-5, 5], [-2, 7], [-5, 13], [-3, 11], [-2, 8], [-1, 7], [0, 27], [-4, 3], [-2, -1], [-6, 3], [-1, -2], [-5, -6], [-9, 0], [-3, 2], [-3, -4], [-4, -4], [-5, 1], [-6, 5], [-2, 3], [-2, -2], [-8, -2], [-5, 2], [-9, 5], [-5, 6], [-4, 9], [-2, 7], [-5, -1], [-3, 1], [-3, 3], [-6, 7], [-4, 9], [-7, 18], [-2, 13], [-1, 15], [2, 9], [0, 7], [2, 9], [2, 6], [9, 15], [1, 5], [2, 6], [4, 6], [5, 7], [5, 5], [5, 1], [6, 2], [4, 3], [6, 8], [5, 2], [7, -1], [3, -2], [1, 2], [4, 3], [5, 1], [5, 0], [6, -1], [4, -2], [-1, 5], [1, 4], [4, 19], [3, 7], [5, 7], [2, 2], [0, 7], [1, 11], [1, 8], [3, 8], [4, 12], [4, 7], [-2, 9], [0, 17], [-1, 3], [-1, 8], [-2, 8], [-3, 13], [-1, 16], [-1, 12], [1, 18], [1, 38], [0, 16], [-1, 12], [-4, 27], [-4, 14], [-3, 13], [-7, 37], [-3, 8], [-11, 36], [-2, -17], [-2, 5], [-9, 22], [-7, 24], [-8, 34], [-6, 38], [-5, 34], [-6, 39], [-2, 27], [1, 32], [6, 22], [4, 14], [1, 9], [4, 22], [8, 21], [5, 11], [1, 14], [0, 30], [3, 13], [11, 27], [3, 6], [6, 8], [6, 4], [3, 6], [2, 5], [7, 14], [2, 12], [1, 9], [1, 12], [2, 11], [6, 20], [-36, 140], [-3, 1], [-2, 7], [-6, 22], [-7, 34], [-1, 19], [-1, 1], [-7, 19], [-2, 24], [-3, 2], [-6, 19], [-6, 32], [-5, 17], [-3, 5], [-2, -8], [-9, -6], [-8, -1], [-11, 7], [-6, 1], [-6, -3], [-7, 1], [-13, 14], [-9, 24], [-2, 38], [0, 9], [-4, 1], [-14, 6], [-13, 8], [-12, -10], [-16, 1], [-10, 3], [0, -2], [-3, -12], [-15, -26], [-15, -20], [0, -32], [-3, -14], [-11, -24], [-22, -14], [-8, 5], [-3, -4], [-11, -2], [-22, 13], [-12, 20], [-5, -5], [-17, -6], [-11, -6], [-18, -13], [-16, -6], [-11, -4], [-18, -4], [-25, -7], [-18, -9], [-17, -3], [-21, -1], [-19, 8], [-37, 16], [-3, 3], [-1, -4], [0, -6], [4, -3], [5, -6], [4, -13], [9, -12], [6, -13], [2, -1], [3, 2], [9, 3], [9, -2], [8, -8], [10, -27], [3, -21], [-1, -16], [-2, -9], [-3, -8], [-14, -22], [-10, -4], [-11, 14], [-9, 13], [-2, 0], [-6, -6], [-8, -1], [-6, 1], [-4, 3], [-19, 38], [-8, 27], [-4, 26], [-3, 1], [-4, 6], [-12, 17], [-11, 19], [-12, 29], [-11, 32], [-6, 27], [-3, 22], [-2, 6], [-10, 20], [-7, 17], [-2, 25], [-4, 23], [-4, 31], [4, 18], [5, 11], [5, 9], [6, 10], [4, 6], [6, 4], [-6, 3], [-7, 6], [-7, 12], [-4, 8], [-1, -2], [-4, 5], [-10, 27], [-1, 1], [-10, 43], [-7, 22], [-8, 26], [-4, 20], [-2, 9], [-7, 8], [-10, 13], [-8, 19], [-6, 18], [-7, 23], [-4, 15], [-6, 0], [-9, 3], [-13, 7], [-13, 10], [-13, 15], [-8, 7], [-8, 20], [-12, 20], [-15, 28], [-12, 27], [-10, 27], [-6, 18], [-2, 9], [-4, 9], [-4, 15], [-2, 21], [-3, -2], [-5, 0], [-5, 1], [-6, 6], [-7, 13], [-10, -1], [-5, 1], [-5, 8], [-6, 10], [-4, 12], [-2, 12], [-5, 9], [-4, 11], [-6, 16], [-3, 16], [-2, 14], [1, 16], [4, 15], [5, 17], [2, 5], [0, 5], [1, 5], [3, 9], [5, 11], [4, 6], [6, 4], [9, 5], [10, 2], [2, 9], [3, 7], [4, 8], [5, 8], [13, 11], [1, 10], [5, 14], [5, 5], [6, 5], [5, 4], [1, 8], [4, 13], [3, 7], [4, 6], [-2, 4], [-3, 11], [-1, 10], [1, 9], [-3, 6], [-2, 6], [-2, 9], [-3, 14], [0, 13], [2, 13], [3, 12], [-3, 13], [-2, 9], [0, 13], [2, 21], [-3, 6], [-4, 3], [-8, 13], [-3, 9], [-1, 8], [-3, 2], [-4, 12], [-2, 8], [-2, 9], [1, 10], [-6, 10], [-1, 5], [-1, 9], [0, 27], [2, 11], [2, 7], [4, 11], [3, 8], [2, 15], [5, 18], [-2, 4], [-4, -3], [-3, -8], [-6, -12], [-15, -21], [-20, -4], [-16, 9], [-18, 8], [-19, 15], [-16, 21], [-6, 17], [-9, 28], [-7, 33], [-6, 46], [-6, 39], [-4, 6], [-6, 16], [-3, 12], [-1, 13], [-6, 7], [-7, 8], [-6, 6], [-5, 9], [-5, 13], [-2, 13], [-2, 9], [-7, 16], [-3, 10], [-2, 22], [-2, 9], [-3, 10], [-2, 10], [-3, 20], [1, 20], [-6, 7], [-18, 34], [-10, 15], [-9, 13], [-3, 6], [-10, 43], [-6, 30], [-8, 47], [-2, 21], [1, 26], [2, 22], [4, 29], [1, 13], [0, 40], [1, 19], [2, 16], [3, 21], [1, 27], [-1, 19], [3, 20], [4, 22], [5, 20], [7, 21], [8, 13], [8, 11], [1, 16], [1, 22], [3, 48], [4, 20], [1, 12], [0, 10], [-3, 9], [-2, 9], [-6, 13], [-4, 18], [1, 16], [9, 40], [13, 40], [12, 18], [6, 4], [10, -2], [13, -7], [1, 10], [2, 12], [5, 15], [7, 12], [8, 6], [2, 12], [5, 16], [6, 10], [9, 7], [2, 8], [3, 13], [10, 20], [5, 12], [2, 16], [11, 32], [14, 37], [13, 35], [21, 43], [3, 25], [5, 33], [11, 34], [-2, 18], [1, 13], [4, 16], [7, 19], [-2, 24], [4, 33], [7, 23], [10, 16], [18, 6], [-8, 23], [-2, 16], [1, 17], [-3, 11], [-1, 23], [3, 21], [7, 15], [8, 8], [8, 7], [11, 6], [10, -2], [8, -6], [2, 10], [4, 9], [5, 7], [5, 1], [5, 4], [-5, 16], [-2, 4], [-2, 8], [0, 9], [1, 9], [-2, 5], [-5, 19], [2, 18], [1, 8], [3, 10], [6, 17], [4, 6], [5, 3], [7, 4], [1, 10], [2, 9], [2, 6], [1, 4], [-1, 11], [0, 10], [1, 9], [4, 19], [2, 5], [-2, 9], [1, 19], [1, 7], [-3, 6], [-2, 18], [1, 6], [2, 8], [3, 8], [-3, 17], [-1, 13], [2, 9], [5, 15], [14, 20], [17, 9], [5, 0], [2, 3], [0, 21], [5, 16], [10, 23], [8, 24], [15, 40], [31, 60], [28, 33], [41, 28], [34, 14], [21, 2], [10, -4], [23, -16], [18, -18], [3, 2], [10, -3], [14, -9], [10, -11], [8, -7], [14, -13], [12, -24], [8, -27], [12, -10], [13, -13], [5, -4], [6, -9], [11, -21], [19, -38], [27, -36], [37, 10], [4, 14], [11, 21], [11, 25], [4, 6], [9, 9], [6, 13], [1, 15], [4, 29], [6, 18], [13, 27], [18, 14], [19, 4], [10, 26], [10, 29], [24, 78], [11, 34], [29, 92], [-3, 2], [-6, 1], [-10, -8], [-13, -6], [-8, 5], [-9, -5], [-8, 3], [-11, 7], [-5, 9], [-4, 11], [-4, 6], [-6, 5], [-7, 14], [-3, 16], [-12, 38], [1, 10], [2, 21], [9, 25], [6, 9], [9, 22], [9, 14], [2, 5], [3, 4], [5, 6], [8, 4], [5, 7], [9, 7], [11, 4], [8, -2], [10, -10], [7, 5], [8, 1], [9, -2], [10, -8], [5, -7], [4, 0], [6, -4], [8, -14], [6, -16], [1, -21], [2, -4], [5, -17], [0, -15], [14, -12], [11, -6], [13, -6], [23, -15], [7, -2], [6, -5], [5, -12], [4, -12], [4, -20], [4, -13], [5, -6], [5, -8], [6, -4], [5, 2], [5, 5], [4, 1], [4, 0], [8, 4], [8, 10], [8, 3], [8, 0], [5, -3], [6, -4], [5, -5], [8, 4], [13, 12], [4, 2], [7, -1], [11, -3], [7, 0], [16, 1], [14, 3], [9, 4], [4, 8], [2, 15], [4, 11], [6, 14], [7, 27], [2, 5], [12, 10], [2, 4], [1, 13], [0, 12], [5, 16], [7, 20], [7, 9], [13, 9], [5, 7], [3, 14], [19, 60], [7, 19], [5, 16], [2, 29], [-1, 18], [-2, 14], [-3, 10], [-4, 22], [-2, 9], [-2, 33], [-2, 24], [-3, 15], [-4, 18], [-5, 15], [-3, 14], [-6, 20], [-2, 12], [0, 11], [-8, 27], [-1, 11], [-4, 38], [-2, 24], [3, 33], [-2, 6], [-2, 10], [-1, 13], [1, 31], [0, 49], [-5, 10], [-24, 49], [-21, 48], [-20, 41], [-24, 28], [-4, -9], [-4, -12], [-6, -8], [-8, -6], [-9, -1], [-8, 1], [-11, 8], [-21, 29], [-28, 33], [-16, 20], [-49, 62], [-7, 3], [-11, 13], [-30, 37], [-18, 23], [-14, 13], [-7, 8], [-9, -10], [-11, -14], [-16, -21], [-8, -20], [-4, -18], [0, -16], [-2, -20], [-3, -26], [-2, -21], [0, -8], [-2, -9], [-11, -34], [-10, -20], [-11, -8], [-6, -11], [-8, -21], [-12, -19], [-19, -14], [-13, 9], [-24, 20], [-51, 44], [-15, 13], [-6, 1], [-8, 3], [-7, 9], [-8, 17], [-8, 21], [-7, 16], [-3, 17], [-4, 18], [-4, 9], [-8, 10], [-11, 15], [-7, 18], [-22, 25], [-22, 16], [-12, 5], [-13, -3], [-13, 0], [-10, 5], [-8, 9], [-5, -8], [-5, -6], [-8, -5], [-9, -2], [-18, -6], [-17, 5], [-40, 8], [-24, -1], [-24, -12], [-31, -28], [-43, -46], [-38, -43], [-13, -7], [-30, -9], [-12, -1], [-9, -3], [-4, -1], [-9, -2], [-40, 30], [-44, 36], [-35, 15], [-5, 0], [-50, 27], [-7, 3], [-15, 5], [-32, 7], [-27, 12], [-25, 15], [-11, 4], [1, -12], [1, -23], [-2, -11], [-5, -24], [-11, -25], [-5, -6], [-17, -4], [-16, 9], [-12, 19], [-10, 28], [-1, 33], [6, 22], [8, 14], [6, 9], [-19, 27], [-25, 40], [-14, 19], [-5, 14], [-6, 31], [-8, 48], [-9, 46], [1, 32], [3, 13], [-3, 28], [1, 24], [4, 13], [7, 14], [8, 14], [-2, 16], [-19, 43], [-31, 42], [-17, 22], [-6, 19], [-12, 23], [1, 21], [-15, 14], [-28, 46], [-17, 46], [-9, 34], [-3, 20], [3, 52], [9, 50], [9, 39], [8, 24], [8, 12], [-34, 23], [-33, 12], [-23, 1], [-36, 10], [-24, 15], [-33, 30], [-16, 23], [-13, 25], [-13, 23], [-12, 14], [-8, 8], [-19, 13], [-7, 17], [-4, 9], [-9, 1], [-10, 5], [-7, 6], [-7, 8], [-3, 7], [-1, -1], [-6, 3], [-10, 7], [-7, 10], [-4, 9], [-2, 10], [0, 9], [-12, 38], [-4, 31], [1, 32], [2, 30], [6, 27], [12, 34], [12, 19], [10, 13], [11, 11], [9, 11], [11, 7], [23, 26], [46, 37], [55, 50], [59, 77], [20, 31], [16, 33], [48, 60], [49, 70], [31, 43], [27, 30], [40, 44], [45, 47], [29, 33], [33, 41], [49, 52], [39, 43], [50, 47], [46, 43], [40, 31], [42, 31], [38, 27], [16, 11], [18, 13], [14, 7], [22, 16], [17, 10], [21, 10], [21, 9], [15, 7], [6, 4], [11, 4], [12, 2], [30, 6], [15, 2], [44, 4], [22, 1], [23, 0], [20, -1], [7, -1], [26, -6], [12, -6], [8, -5], [4, -3], [29, 48], [33, 52], [55, 84], [44, 72], [19, 31], [24, 34], [11, 20], [6, 11], [-5, 6], [-3, 7], [-2, 7], [-3, 4], [-13, 11], [-22, 22], [-13, 12], [-5, 4], [-6, 1], [-11, 5], [-6, 6], [-53, 30], [-18, 5], [-23, 10], [-36, 12], [-46, 24], [-36, 41], [-22, 50], [-3, 29], [8, 21], [3, 7], [11, 12], [8, 7], [3, 2], [-6, 45], [-16, 98], [-12, 69], [-9, 35], [-22, 84], [-16, 55], [-16, 32], [-14, 20], [-14, 14], [-18, 19], [-26, 31], [-16, 17], [-30, 36], [-3, 6], [-30, 49], [-47, 76], [-47, 75], [-30, 48], [-39, 62], [-39, 63], [-5, 6], [-8, 6], [-14, 7], [-25, 0], [-51, 23], [-27, 21], [-19, 22], [-17, 31], [-9, 42], [-14, 35], [-30, 46], [-22, 23], [-30, 24], [-50, 27], [-30, 7], [-28, -8], [-23, 18], [-8, 23], [0, 39], [16, 34], [18, 19], [52, 34], [45, 29], [12, 12], [4, 14], [2, 61], [19, 51], [2, 70], [-3, 19], [11, 52], [-2, 20], [3, 80], [-10, 101], [5, 37], [19, 31], [22, 8], [36, -8], [59, -13], [66, -14], [51, 4], [23, 2], [30, 9], [46, 13], [80, 24], [44, 20], [44, 3], [56, 13], [30, 26], [42, 36], [24, 43], [39, 44], [40, 70], [22, 64], [15, 32], [38, 81], [13, 45], [12, 83], [1, 139], [0, 95], [11, 72], [12, 73], [20, 95], [30, 63], [35, 75], [22, 49], [21, 59], [23, 66], [16, 46], [39, 82], [39, 50], [29, 36], [27, 34], [34, 44], [15, 19], [22, 10], [51, -19], [50, -19], [53, -4], [38, 24], [39, 26], [37, 30], [67, 70], [30, 43], [40, 56], [31, 49], [16, 38], [19, 32], [38, 65], [45, 67], [35, 62], [44, 40], [41, 26], [59, 38], [44, 15], [48, 26], [48, 9], [16, -5], [16, -15], [18, -50], [28, -21], [34, -15], [45, -1], [67, 36], [32, 29], [39, 47], [40, 47], [21, 38], [30, 55], [30, 80], [24, 52], [24, 51], [35, 77], [50, 71], [33, 27], [17, 37], [27, 14], [24, -5], [29, -31], [13, -3], [37, -23], [53, -33], [27, -34], [20, -53], [28, 5], [55, -22], [44, -39], [43, -13], [40, -28], [51, -47], [22, -29], [32, -39], [35, -53], [17, -37], [36, -24], [53, -36], [61, -41], [44, 10], [64, -11], [19, 6], [47, 35], [39, 4], [23, -8], [15, 3], [17, -10], [21, 3], [13, -4], [38, -30], [47, 0], [32, -28], [15, -4], [53, -37], [20, -36], [6, -4], [3, -32], [38, -79], [15, -33], [27, -57], [41, -86], [19, -13], [8, -13], [4, -41], [-13, -37], [0, -16], [50, -20], [15, -12], [35, 35], [40, 5], [32, 19], [17, 25], [21, 15], [40, -4], [14, 7], [28, -2], [18, 10], [25, -5], [6, 29], [23, 30], [34, 2], [24, -21], [11, 19], [18, 12], [37, -3], [21, 12], [11, -1], [25, -7], [51, -14], [31, -18], [22, -6], [10, -10], [25, -10], [33, -37], [52, -10], [21, -20], [17, -35], [28, -6], [18, -23], [-8, 29], [0, 14], [3, 17], [23, 33], [36, 5], [16, -10], [7, -12], [11, -1], [12, -19], [7, 27], [14, 17], [13, 8], [29, -4], [23, -26], [4, -14], [4, -9], [3, -10], [1, -8], [-1, -15], [9, 0], [6, -1], [5, -2], [9, -6], [6, -5], [4, -6], [4, -9], [3, -12], [14, 12], [30, -1], [23, -18], [12, -27], [14, -6], [15, -15], [12, -23], [3, -22], [21, 9], [27, -3], [20, -6], [24, -18], [18, -22], [8, -28], [11, -11], [28, 5], [42, -7], [22, 4], [36, -20], [12, -14], [28, -2], [34, -13], [45, -33], [22, -17], [49, -63], [32, -14], [24, -23], [8, -17], [16, -11], [60, -2], [21, -20], [17, -35], [23, 0], [45, -28], [43, 74], [26, 16], [19, -1], [33, 25], [29, 21], [24, 8], [13, 21], [20, 15], [30, 1], [43, 20], [28, 13], [24, -4], [8, -6], [5, -6], [9, -2], [7, 8], [7, 7], [18, 6], [7, 1], [12, -1], [9, -6], [8, -4], [7, -6], [5, -9], [3, -7], [3, -6], [4, -2], [11, -9], [6, -10], [7, -6], [9, -6], [22, -20], [9, -10], [15, -9], [10, -10], [2, -3], [15, -9], [10, -8], [22, -23], [31, -32], [6, -10], [6, -9], [4, -7], [21, -20], [6, -9], [4, -7], [1, -6], [7, -4], [7, -9], [5, -11], [5, -4], [5, -5], [9, -14], [26, -31], [6, -6], [10, -7], [8, -7], [9, -10], [13, -12], [15, -9], [16, -11], [16, -8], [19, -15], [24, -24], [38, -48], [14, -20], [6, -7], [1, -7], [47, -15], [9, -2], [12, -5], [17, -10], [9, -7], [5, -2], [6, -6], [0, -10922], [20, -14], [45, -39], [41, -28], [28, -19], [17, 103], [27, -30], [53, -58], [53, -59], [37, 82], [44, 96], [34, 4], [44, 6], [35, 4], [59, 6], [0, -38], [-13, -100], [-10, -79], [-12, -90], [41, -108], [33, -39], [38, -43], [25, -21], [8, -71], [3, -42], [12, -47], [44, -95], [25, -51], [44, -95], [41, -87], [20, -45], [42, -91], [30, -66], [37, -80], [7, -60], [11, -100], [12, -141], [-7, -92], [21, 3], [22, 49], [25, 57], [30, 38], [31, 44], [26, 36], [26, 41], [13, 27], [34, 4], [34, 3], [27, 109], [-2, 18], [7, 10], [-1, 45], [-1, 63], [0, 104], [30, -20], [18, 18], [19, 70], [-1, 40], [-32, 47], [45, 47], [67, 26], [48, 58], [29, 34], [55, 66], [33, -70], [30, -46], [5, -3], [4, -39], [18, -42], [11, -4], [24, -69], [1, -103], [-14, -27], [-7, -28], [31, -47], [-11, -47], [20, -76], [45, -23], [27, -14], [6, -66], [31, -71], [23, 0], [10, -49], [19, -59], [-7, -69], [26, -20], [-7, -45], [8, -25], [14, -47], [36, -49], [44, -60], [36, -44], [14, -51], [23, -85], [42, -104], [23, -50], [27, -58], [-23, -49], [13, -52], [19, -78], [21, -57], [27, -85], [17, -103], [12, -76], [35, -118], [21, -68], [14, -74], [19, -93], [25, -92], [20, -94], [10, -46], [30, -102], [21, -69], [19, -89], [15, -72], [-34, -139], [56, -33], [34, -21], [-7, -70], [-15, -129], [20, -22], [50, -57], [-8, -60], [12, -59], [7, -121], [27, 6], [43, 9], [31, -69], [32, -46], [51, -74], [24, -51], [34, -17], [51, -28], [20, -53], [24, -63], [23, -23], [21, -5], [11, -118], [21, -15], [29, -37], [40, 30], [17, -81], [11, -52], [0, -8], [-4, -104], [4, 0], [0, -5], [-22, -100], [-12, -18], [-8, -46], [2, -60], [10, -37], [-5, -118], [11, -97], [13, -54], [6, -132], [12, -44], [1, -21], [-19, -54], [-17, -50], [-12, -58], [-2, -21], [-8, -38], [-1, -34], [-24, -103], [-20, -64], [-22, -53], [-10, -29], [-30, -65], [-17, -11], [-9, -23], [10, -29], [-1, -16], [-4, -34], [0, -17], [-2, -37], [-22, 25], [-32, 7], [-25, 5], [-34, 8], [-41, 5], [-36, -1], [-36, -2], [-50, -1], [-34, -2], [-22, -1], [-45, -4], [-34, -3], [-101, -11], [-34, -3], [-18, -3], [-28, -3], [-42, -4], [-54, -8], [-41, -7], [-80, -12], [-26, -4], [-3, 13], [0, 7], [-2, 17], [-2, 21], [-7, 63], [-7, 68], [-5, 33], [-4, 63], [-3, 32], [-3, 38], [-2, 18], [-1, 32], [0, 13], [-1, 10], [2, 9], [2, 7], [3, 14], [4, 12], [4, 13], [6, 21], [4, 15], [7, 26], [4, 19], [5, 25], [5, 21], [3, 15], [1, 7], [-7, 3], [-3, 3], [-6, 8], [-6, 12], [-2, 11], [-2, 14], [0, 7], [-1, 4], [-9, 24], [-6, 18], [-4, 19], [0, 24], [-1, 9], [1, 11], [2, 18], [2, 13], [-1, 13], [-2, 25], [1, 11], [-1, 7], [-2, -1], [-7, -7], [-8, 1], [-11, 12], [-3, 6], [-3, 13], [-3, 22], [0, 14], [2, 15], [4, 12], [7, 13], [-1, 12], [1, 12], [4, 28], [3, 9], [0, 28], [1, 16], [6, 18], [-1, 8], [0, 11], [1, 15], [3, 20], [-3, 6], [-1, 8], [-3, 2], [-5, 1], [-7, 11], [-4, 19], [-2, 12], [0, 12], [1, 8], [1, 17], [4, 11], [4, 10], [5, 6], [1, 3], [-3, 8], [-1, 10], [-1, 8], [0, 17], [3, 17], [-5, 2], [0, -2], [-8, -15], [-7, -4], [-7, -1], [-8, 6], [-9, 17], [-2, 4], [-1, 8], [-1, 9], [-1, 7], [1, 12], [1, 14], [1, 6], [-1, 5], [-2, 7], [-2, 9], [0, 8], [-1, 12], [-1, 11], [-2, -13], [-2, -12], [-1, -23], [-3, -14], [-5, -24], [-14, -61], [-11, -51], [-8, -33], [-29, 32], [-15, 13], [-19, 19], [-15, 22], [-8, 12], [-19, 31], [-6, 15], [-3, 6], [-4, 15], [-3, 10], [-2, 8], [-2, 9], [-1, 8], [0, 7], [1, 9], [1, 12], [2, 11], [3, 11], [2, 9], [3, 8], [6, 9], [3, 3], [6, 9], [7, 9], [3, 8], [3, 9], [2, 8], [1, 8], [0, 18], [-1, 8], [-11, 33], [-30, 113], [-1, 3], [-4, 17], [-2, 3], [0, 3], [-3, 6], [-5, 12], [-7, 13], [-13, 24], [-13, 25], [-9, 20], [-3, 13], [-13, 42], [-27, 86], [-28, 88], [-27, 88], [-22, 69], [-29, 89], [-27, 81], [-28, 87], [-28, 88], [-30, 92], [-20, 59], [-1, 5], [-12, 74], [-14, 85], [-25, 161], [-21, 117], [-5, 29], [-27, 159], [-7, 38], [-24, 129], [-8, 42], [-9, 41], [-13, 94], [0, 1]], [[99868, 77338], [4, 31], [-1, 6], [2, 37], [6, 21], [6, 9], [10, 3], [2, 3], [4, 4], [4, 17], [5, 11], [8, 6], [5, 0], [13, 8], [7, 3], [6, -4], [7, -13], [4, -12], [3, -2], [6, -5], [5, -8], [3, -8], [2, -9], [1, -9], [8, -10], [7, -20], [3, -17], [1, -20], [-2, -29], [-3, -17], [-2, -4], [0, -9], [-3, -21], [-4, -13], [-7, -21], [-8, -9], [-6, 0], [-2, -10], [-3, -6], [-12, -18], [-14, -8], [-13, 10], [-8, 10], [0, -1], [-7, 5], [-4, 5], [-6, 5], [-8, 14], [-4, 18], [-5, 12], [-5, 28], [-5, 16], [0, 21]], [[99629, 76999], [2, 24], [1, 14], [1, 6], [4, 16], [7, 12], [6, 5], [10, -1], [10, -6], [6, -1], [10, -17], [10, 3], [6, -5], [5, -7], [4, 0], [4, -7], [7, -6], [8, -2], [8, -6], [9, -14], [5, -12], [3, 1], [4, -6], [5, 4], [7, -7], [5, -8], [5, -14], [3, -17], [0, -26], [2, -9], [6, -8], [6, -21], [4, -16], [5, -17], [5, -7], [3, 2], [8, -6], [6, -12], [4, -12], [3, -16], [4, -10], [4, 0], [8, -4], [7, -10], [4, 8], [7, 1], [8, -4], [8, -14], [4, -12], [3, -10], [4, -2], [8, -12], [4, -15], [5, -8], [6, -27], [1, -26], [-3, -12], [0, -5], [-3, -11], [-4, -13], [-9, -12], [-9, 3], [-5, 6], [-2, -4], [-14, -7], [-9, 0], [-4, 5], [0, -6], [-5, -1], [-8, 2], [-3, 5], [-1, -5], [-4, -8], [-7, -7], [-11, 1], [-10, 12], [-8, 13], [-6, 20], [-2, 23], [-6, 15], [-11, 20], [-8, 19], [-11, 26], [-7, 8], [-5, 19], [-2, 18], [-2, 5], [-6, 14], [-5, 18], [-1, -3], [-6, 0], [-3, 5], [-1, -3], [-10, -5], [-9, 6], [-8, 18], [-6, 18], [-9, 16], [-11, 6], [-7, 16], [-5, 15], [-9, 11], [-4, 10], [-4, 15], [-3, 0], [-6, 29], [0, 29]], [[99516, 77224], [2, 14], [2, 7], [4, 16], [6, 11], [6, 5], [6, -1], [9, -6], [5, -6], [2, 1], [5, 0], [5, -6], [6, -3], [10, -12], [5, -13], [6, -9], [6, -17], [3, -21], [3, -8], [8, -14], [3, -16], [2, -15], [-1, -22], [-3, -15], [-3, -12], [-1, -3], [-4, -6], [-6, -5], [-9, -7], [-9, 1], [-7, 10], [-4, 8], [-6, -1], [-3, 6], [-1, -4], [-5, 0], [-7, 5], [-6, 9], [-6, 16], [-2, 12], [-1, 12], [-3, 4], [-8, 16], [-5, 14], [-4, 21], [-1, 21], [1, 13]], [[99482, 77463], [5, 26], [7, 20], [9, 13], [9, 3], [3, 6], [11, -1], [8, -10], [6, -17], [4, -4], [6, -15], [3, -14], [3, -21], [19, -8], [4, 1], [8, -3], [6, -8], [1, 0], [3, 6], [7, 10], [8, 7], [7, 3], [5, -1], [8, -12], [9, -12], [12, -15], [7, -14], [6, -17], [2, -27], [0, -18], [-1, -16], [-6, -28], [-6, -21], [-5, -17], [-7, -17], [-14, -14], [-8, 0], [-7, 6], [-9, 15], [-9, 12], [-8, 18], [-4, 18], [-2, -3], [-9, -6], [-11, 3], [-8, 10], [-3, 11], [-6, 8], [-7, 19], [-2, 7], [-3, -2], [-12, -9], [-12, 1], [-11, 10], [-6, 14], [-6, 21], [-2, 26], [1, 16], [-2, 8], [-2, 13], [1, 19]], [[99463, 77257], [0, 4], [1, 11], [2, 13], [2, 9], [6, 13], [3, 3], [3, 5], [11, 1], [9, -10], [7, -23], [2, -22], [0, -15], [-1, -14], [-4, -18], [-4, -9], [-6, -7], [-14, 1], [-4, 6], [-5, 9], [-1, 2], [-2, 7], [-1, 4], [-3, 10], [-1, 7], [0, 13]], [[99281, 77554], [0, 9], [1, 4], [1, 6], [2, 7], [3, 7], [2, 6], [4, 6], [3, 5], [8, 6], [4, -2], [5, -4], [3, -3], [4, -13], [4, -12], [1, -6], [1, -7], [0, -24], [-1, -11], [-2, -9], [-2, -7], [-7, -14], [-5, -5], [-5, -3], [-3, -1], [-3, 1], [-4, 3], [-3, 6], [-4, 12], [-4, 13], [-3, 21], [0, 9]], [[99234, 77279], [2, 31], [5, 21], [8, 16], [8, 9], [4, 7], [4, 8], [8, 10], [2, 0], [1, 9], [2, 9], [5, 13], [5, 11], [4, 8], [8, 8], [5, 1], [4, 0], [3, 3], [3, 2], [4, 5], [-1, 5], [0, 13], [1, 15], [2, 13], [5, 13], [2, 6], [3, 1], [-1, 4], [1, 5], [1, 7], [1, 18], [3, 12], [2, 7], [3, 13], [4, 11], [5, 11], [4, 7], [4, 4], [4, 8], [4, 3], [6, 0], [7, -4], [3, -2], [3, -6], [9, -12], [5, -7], [7, -14], [4, -11], [6, -24], [1, -17], [0, -24], [-1, -10], [-2, -18], [-7, -27], [-2, -2], [0, -4], [-5, -27], [-2, -3], [11, -13], [4, 4], [4, 2], [2, 0], [5, -2], [5, -5], [4, -6], [5, -7], [3, -10], [2, -6], [2, -8], [1, -8], [0, -14], [-4, -26], [-2, -12], [-4, -11], [-5, -8], [-8, -3], [-8, 3], [-5, 5], [-2, 3], [-1, -1], [-3, -5], [-8, -3], [-2, 1], [-2, -8], [-3, -8], [-4, -7], [-5, -5], [-5, -1], [-4, 1], [-2, 2], [-3, -5], [-4, -5], [-7, -3], [-7, 4], [-1, 2], [-1, -2], [-3, -3], [-8, -2], [-5, 1], [-7, 4], [-4, 7], [-2, -44], [2, -8], [1, -16], [-1, -10], [-1, -15], [-3, -14], [-2, -6], [-4, -9], [-3, -5], [-7, -5], [-10, 2], [-3, 4], [-8, 16], [-2, 7], [-2, 8], [-2, 0], [-2, 1], [-3, 9], [-4, 18], [-1, 5], [-3, 5], [-1, 3], [-3, 0], [-5, 5], [-3, 5], [-5, 10], [-3, 9], [-3, 11], [-1, 10], [-1, 14], [0, 13]], [[98859, 77856], [1, 9], [1, 15], [3, 11], [3, 8], [5, 10], [8, 8], [4, 1], [5, -1], [5, -5], [2, -4], [2, 2], [3, 0], [4, -3], [7, -9], [3, -6], [0, -3], [3, 1], [4, -3], [4, -5], [4, -9], [3, -5], [3, -9], [2, -5], [1, -9], [2, -7], [1, -10], [0, -15], [-3, -16], [-4, -18], [-3, -6], [-3, -14], [-2, -5], [-3, -4], [-8, -9], [-5, -3], [-5, -2], [-4, -3], [-7, 0], [-9, 9], [-2, 4], [-7, 15], [-3, 12], [-5, 28], [-2, 4], [-1, 5], [-5, 21], [-3, 17], [1, 8]], [[98304, 78314], [2, 24], [2, 10], [4, 10], [4, 7], [8, 7], [7, 4], [10, -4], [6, -6], [9, -14], [1, -3], [3, 2], [2, 1], [2, -2], [5, -9], [4, -4], [1, 0], [4, -5], [3, -9], [5, 8], [8, 6], [5, 2], [4, -2], [2, -3], [3, -6], [15, -15], [2, -6], [4, -9], [3, -12], [1, -11], [1, -10], [-1, -17], [0, -34], [-3, -14], [-4, -11], [-4, -7], [-5, -7], [-5, -6], [-4, -1], [-9, 9], [-2, 1], [-3, -2], [-5, 1], [-3, 4], [-3, 5], [-5, 0], [-6, 1], [-13, 10], [-5, 6], [-10, 16], [-4, 4], [-5, 2], [-4, 1], [-4, 4], [-5, 8], [-4, 12], [-6, 16], [-4, 11], [-4, 28], [0, 9]], [[98165, 77883], [0, 7], [1, 4], [2, 5], [4, 20], [0, 10], [2, 9], [3, 8], [6, 13], [2, 3], [7, 5], [2, 8], [4, 12], [4, 3], [3, 1], [1, 4], [3, 2], [6, -1], [3, -2], [5, -4], [0, 3], [2, 8], [3, 6], [4, 7], [6, 6], [4, 15], [2, 7], [7, 8], [7, 6], [5, 0], [4, -3], [2, 5], [3, 3], [3, 1], [4, -3], [3, -1], [9, 1], [3, 2], [7, 1], [4, 2], [8, -6], [6, -18], [6, -10], [2, -10], [0, -17], [-2, -20], [-1, -9], [-5, -20], [-4, -10], [-6, -12], [-3, -3], [0, -3], [3, -9], [1, -8], [1, -27], [0, -20], [1, -17], [1, -13], [2, -4], [0, -12], [-3, -18], [-2, -15], [-4, -11], [-4, -10], [-5, -8], [-5, -2], [-5, 0], [-2, 1], [-3, 4], [-3, -9], [-3, -2], [-2, -1], [-7, 3], [-4, 4], [-8, 12], [-4, 13], [-6, 4], [-4, 2], [-4, 8], [-2, 0], [-7, -4], [-5, -2], [-6, 2], [-4, 3], [-3, 5], [-8, 1], [-8, 3], [-5, 9], [-3, 4], [-8, 0], [-2, 3], [-3, 5], [-4, 14], [-1, 6], [-2, 10], [-1, 8], [0, 25]], [[97908, 78478], [1, 15], [3, 19], [3, 9], [7, 11], [4, 4], [3, -1], [5, 14], [6, 12], [5, 6], [3, 6], [3, 10], [6, 12], [10, 9], [4, 9], [3, 6], [10, 11], [16, 2], [15, 10], [8, 2], [7, -3], [5, -7], [8, -7], [7, 4], [8, 0], [6, -4], [9, -10], [3, -4], [2, 4], [6, 5], [3, 1], [7, 0], [12, -6], [7, 3], [4, 1], [9, -2], [13, -13], [10, -14], [4, -10], [2, -14], [3, 3], [4, 0], [4, -1], [8, -6], [4, -5], [4, -9], [6, -18], [4, -10], [2, -13], [2, -9], [1, -18], [0, -20], [1, -2], [2, 0], [5, 10], [4, 2], [5, -4], [7, -7], [4, -9], [4, -10], [2, -12], [1, -8], [2, -4], [4, -5], [3, -9], [2, -10], [4, -10], [2, -13], [1, -9], [0, -16], [-3, -12], [-5, -16], [-7, -12], [-6, -2], [-10, 3], [-2, 1], [-3, 6], [-3, 0], [-6, -4], [-4, -1], [1, -7], [2, -7], [2, -11], [0, -13], [-2, -19], [-4, -21], [-2, -4], [-8, -13], [-5, -3], [-4, 0], [-7, 7], [-5, 9], [-6, 16], [-6, 7], [-6, 10], [-4, 5], [-7, -1], [-6, -5], [-8, -5], [-9, 0], [-4, 6], [-7, 6], [-4, 6], [0, 3], [-1, -11], [-2, -12], [-5, -7], [-7, -12], [-7, -14], [-6, -10], [-1, -3], [-6, -6], [-6, -2], [-5, 4], [-4, 6], [-3, 6], [-6, 17], [-6, 22], [0, 2], [-7, -4], [-15, 1], [-5, 5], [-7, 11], [-3, 8], [-4, 12], [-3, 10], [-5, 14], [-8, 21], [-6, 13], [-6, 10], [-7, 12], [-16, 29], [-1, 3], [-5, -2], [-3, -1], [-4, 1], [-3, 3], [-2, 4], [-4, 10], [-5, 9], [-4, 6], [-3, 7], [-2, 9], [-2, 13], [1, 19]], [[3090, 79674], [1, 6], [0, 7], [4, 14], [2, 8], [2, 4], [5, 8], [10, 3], [7, -1], [3, -2], [3, -5], [1, 3], [3, -1], [3, -7], [2, -7], [3, -16], [1, -25], [1, -7], [0, -17], [-1, -10], [-2, -13], [-6, -18], [-5, -8], [-6, -5], [-3, -1], [-4, 1], [-7, 5], [-3, 4], [-2, 6], [-4, 9], [-3, 11], [-2, 8], [-2, 18], [-1, 12], [0, 16]], [[2604, 82769], [1, 18], [1, 15], [3, 10], [3, 8], [2, 6], [4, 7], [8, 5], [9, 2], [6, -1], [8, -4], [8, -5], [19, -7], [3, 1], [6, 0], [14, 7], [8, -1], [8, -8], [2, -5], [3, 1], [7, -4], [5, -5], [3, -11], [2, -4], [4, -14], [2, -11], [0, -15], [1, -16], [-2, -11], [-10, -34], [-5, -9], [-11, -17], [-2, -5], [-2, -8], [-4, -10], [-5, -16], [-8, -8], [-8, -4], [-8, 5], [-4, 3], [-6, 2], [-8, 5], [-9, 13], [-5, 9], [-9, 23], [-2, 7], [-5, 2], [-6, 6], [-7, 15], [-2, 12], [-9, 19], [-3, 17], [0, 15]], [[2557, 83434], [0, 10], [2, 11], [5, 14], [4, 10], [14, 14], [5, 1], [5, 0], [4, -3], [4, -4], [3, -5], [4, -8], [1, -10], [2, -12], [3, -14], [0, -16], [-6, -21], [-5, -15], [-6, -9], [-6, -7], [-7, -4], [-4, 0], [-5, 2], [-4, 6], [-6, 11], [-4, 14], [-2, 10], [0, 14], [-1, 11]], [[2495, 78276], [1, 18], [3, 11], [3, 6], [2, 13], [2, 12], [3, 12], [4, 14], [6, 9], [8, 7], [0, 1], [-2, 7], [-3, 10], [-4, 13], [-3, 20], [-1, 20], [1, 22], [6, 22], [7, 11], [1, 3], [5, 11], [4, 7], [9, 9], [5, 2], [1, -1], [5, 2], [6, -3], [4, -3], [2, -4], [2, 2], [5, -1], [4, -3], [6, -5], [3, -8], [2, -7], [4, -12], [0, -15], [3, 6], [4, 6], [3, 0], [8, 3], [3, 0], [2, -3], [2, 5], [-1, 3], [-4, 24], [-2, 10], [0, 11], [2, 25], [1, 12], [-3, 3], [-2, 3], [-4, 10], [-4, 18], [-1, 7], [0, 7], [1, 18], [1, 9], [1, 8], [0, 9], [3, 18], [7, 13], [3, 5], [3, 7], [8, 7], [5, 2], [3, 0], [4, -4], [4, -3], [8, -14], [3, -5], [3, -10], [4, -20], [7, -7], [2, -3], [5, -9], [3, -9], [1, -8], [4, -19], [1, -8], [1, -13], [0, -14], [1, -8], [0, -9], [-1, -13], [-2, -15], [-3, -8], [-3, -4], [0, -5], [-1, -13], [-3, -9], [-1, -5], [-2, -4], [1, -2], [4, -17], [0, -10], [2, -2], [4, -14], [0, -11], [1, -9], [1, -16], [-1, -22], [0, -5], [-1, -5], [1, -5], [1, -15], [-1, -16], [-6, -19], [-2, -4], [0, -5], [-2, -16], [-1, -14], [-3, -16], [-6, -12], [-6, -9], [-6, -3], [-9, 6], [-7, 9], [-6, 9], [-6, 11], [-3, 14], [-1, 1], [-2, -1], [-3, 2], [-3, 4], [-3, -9], [-5, -10], [-8, -8], [-12, -3], [-8, 1], [1, -4], [-1, -19], [-1, -8], [-5, -14], [-1, -4], [-2, -10], [-3, -6], [-3, -8], [-5, -6], [-4, -5], [-6, -4], [-10, -1], [-8, 2], [-2, 1], [-2, -2], [-3, 0], [-6, 4], [-5, 3], [-5, 6], [-5, 8], [-4, 19], [-1, 19], [0, 13], [-2, 15], [1, 13]], [[2425, 83442], [4, 17], [5, 20], [6, 13], [3, 2], [0, 4], [2, 9], [4, 6], [4, 3], [5, 1], [3, 0], [2, 5], [6, 7], [9, 4], [3, 1], [9, -3], [8, -7], [2, 2], [6, 9], [3, 2], [0, 4], [1, 5], [3, 9], [4, 7], [9, 9], [7, 0], [7, 1], [6, -3], [6, -6], [8, -16], [6, -20], [1, -15], [-2, -20], [-3, -18], [-4, -15], [-5, -12], [-5, -7], [1, -15], [0, -11], [-5, -19], [-4, -19], [-7, -17], [-3, -1], [-2, -5], [-3, -4], [-5, -10], [-5, -17], [-7, -16], [-9, -17], [-11, -7], [-2, 1], [1, -10], [0, -8], [-2, -14], [-5, -13], [-8, -19], [-13, -7], [-12, 0], [-10, 13], [-2, 6], [-2, 14], [-2, 10], [-2, 16], [0, 18], [5, 21], [6, 15], [7, 11], [6, 1], [2, 2], [-5, 3], [-4, 1], [-6, 6], [-7, 17], [-4, 18], [-3, 21], [2, 14], [-1, 2], [-1, 8], [-1, 13]], [[2313, 78055], [0, 19], [3, 19], [1, 10], [2, 26], [4, 31], [7, 23], [8, 18], [5, 5], [0, 5], [4, 10], [5, 15], [4, 8], [7, 8], [3, 2], [1, 0], [3, 6], [6, 10], [5, 7], [6, 2], [8, 0], [5, -3], [5, -5], [4, 0], [5, -3], [4, -8], [1, -4], [5, -3], [5, -9], [3, -15], [5, -21], [1, -19], [1, -18], [0, -23], [-3, -9], [-3, -14], [-4, -25], [-8, -27], [-11, -22], [-9, -9], [-12, -8], [-4, -1], [-2, 0], [-1, -3], [-2, -5], [-5, -13], [-10, -25], [-7, -12], [-8, -3], [-10, 6], [-5, 12], [-1, 3], [-3, 2], [-7, 8], [-8, 19], [-4, 23], [1, 10]], [[2183, 77965], [0, 12], [1, 27], [4, 26], [8, 22], [9, 17], [9, 11], [6, 1], [3, 0], [0, 3], [1, 5], [3, 12], [4, 18], [4, 13], [4, 12], [3, 4], [6, 2], [5, -1], [9, -4], [11, -11], [4, -7], [5, -7], [1, -5], [3, -8], [1, -8], [0, -12], [-1, -18], [-3, -26], [-5, -20], [-4, -11], [-5, -9], [-5, -6], [-3, -1], [0, -4], [-1, -25], [-2, -21], [-4, -22], [-3, -14], [-3, -10], [-4, -12], [-4, -8], [-5, -11], [-6, -6], [-10, -3], [-9, 3], [-7, 8], [-8, 10], [-3, 4], [-2, 8], [-3, 14], [-2, 20], [-2, 23], [0, 15]], [[1813, 77713], [1, 9], [1, 5], [-1, 6], [1, 15], [3, 23], [6, 19], [2, 14], [2, 8], [2, 4], [4, 25], [3, 15], [8, 14], [6, 4], [3, 6], [5, 5], [2, 1], [6, 11], [5, 8], [5, 4], [2, 4], [5, 5], [5, 3], [6, -4], [2, 5], [6, 0], [5, -3], [7, -10], [3, -7], [1, -5], [2, -3], [4, -3], [6, -4], [6, -10], [7, -14], [5, -16], [2, -12], [0, -17], [4, -32], [0, -13], [-1, -8], [-4, -15], [-6, -14], [-4, -3], [-2, -7], [-4, -12], [-7, -10], [-5, -4], [-2, -1], [-5, -16], [-7, -12], [-8, -4], [-5, 1], [-2, -5], [-5, -5], [-4, -3], [-3, 1], [-1, -6], [-4, -7], [-4, -5], [-10, -2], [-7, 2], [-2, 3], [-3, -3], [-8, -1], [-6, 4], [-4, 5], [-2, 5], [-2, -2], [-3, 2], [-3, 7], [-5, 20], [-3, 22], [-1, 13]], [[1116, 77676], [5, 31], [8, 14], [9, 8], [4, 1], [3, 2], [7, -7], [7, -14], [4, -13], [5, -26], [0, -13], [-2, -13], [-6, -24], [-4, -10], [-6, -11], [-3, -3], [-6, -3], [-5, 0], [-7, 9], [-5, 13], [-3, 11], [-3, 25], [-2, 9], [0, 14]], [[1008, 77619], [2, 18], [7, 25], [7, 12], [6, 7], [8, 0], [3, 1], [5, -5], [5, -7], [6, -12], [5, -13], [2, -11], [1, -11], [1, -6], [0, -12], [-5, -19], [-1, -11], [-3, -15], [-5, -14], [-5, -9], [-4, -4], [-4, -2], [-3, 0], [-7, 6], [-7, 11], [-10, 28], [-2, 6], [-1, 18], [-1, 19]], [[468, 77308], [0, 10], [2, 12], [3, 8], [2, 8], [2, 9], [3, 11], [4, 10], [3, 4], [3, 1], [3, 5], [4, -2], [7, -6], [11, -13], [2, -3], [3, -6], [2, -8], [2, -9], [4, -24], [0, -12], [1, -13], [-1, -13], [-5, -20], [-2, -9], [-12, -20], [-7, -7], [-3, -1], [-8, 0], [-5, 4], [-3, 7], [-4, 11], [-4, 8], [-2, 8], [-3, 15], [-1, 4], [-1, 7], [0, 24]], [[257, 77268], [3, 26], [3, 12], [3, 11], [2, 11], [3, 11], [3, 9], [3, 5], [2, 3], [5, 2], [4, 2], [3, 2], [8, 8], [10, 5], [4, 3], [6, -1], [4, -6], [2, -6], [1, 4], [3, 2], [5, 3], [3, -1], [4, -2], [1, -5], [2, 3], [4, 3], [5, 1], [5, -1], [5, -3], [4, -5], [3, -5], [4, -8], [3, -10], [2, -10], [1, -8], [0, -4], [2, 0], [4, -3], [3, -10], [2, -16], [0, -5], [3, -2], [1, -4], [1, 2], [3, 2], [3, 1], [4, 1], [4, -2], [3, -2], [3, -5], [3, 4], [6, 6], [9, 2], [3, 4], [5, 0], [2, -1], [2, 2], [4, 2], [8, -2], [3, -2], [2, -5], [3, -6], [3, -10], [2, -12], [1, -8], [1, -13], [0, -15], [-1, -6], [-2, -4], [1, -6], [0, -8], [-2, -14], [-2, -10], [-1, -3], [-2, -2], [2, -1], [3, -3], [1, -5], [5, 4], [3, 0], [2, 7], [5, 8], [6, 5], [6, 0], [0, 3], [6, 20], [5, 8], [6, 4], [6, -2], [5, -2], [1, -4], [5, 0], [3, 5], [1, 0], [3, 23], [3, 7], [2, 1], [0, 14], [-1, 19], [0, 25], [2, 18], [1, 17], [2, 19], [5, 16], [5, 12], [7, 11], [5, 5], [6, 2], [5, -1], [8, -7], [6, -3], [5, -5], [1, -2], [10, -11], [7, -11], [2, -13], [1, -4], [2, -3], [4, -9], [4, -18], [0, -41], [-1, -9], [-1, -6], [1, -11], [0, -7], [5, 16], [4, 9], [6, 0], [2, 9], [4, 20], [2, 20], [1, 19], [3, 22], [8, 42], [5, 15], [7, 9], [7, 2], [5, 0], [6, 3], [12, -2], [1, -2], [0, 4], [3, 9], [5, 13], [11, 13], [6, 6], [5, 0], [7, -3], [5, -3], [6, -9], [3, -5], [4, -8], [2, -7], [2, -9], [1, -18], [2, -25], [-1, -21], [2, -7], [4, -15], [1, -13], [0, -14], [-1, -15], [2, 3], [4, 5], [10, 3], [8, 1], [5, -1], [2, -2], [4, 7], [7, 1], [9, -4], [5, 8], [2, 1], [-1, 4], [-1, 11], [0, 10], [-1, 11], [2, 8], [-2, 9], [-3, 17], [-1, 14], [0, 7], [-1, 6], [-2, 15], [-1, 23], [-2, 12], [-1, 14], [2, 33], [2, 11], [5, 20], [4, 11], [3, 14], [3, 13], [5, 4], [6, 9], [5, 6], [5, 2], [7, -4], [2, -3], [4, -1], [3, 0], [3, -6], [4, 1], [4, 2], [4, 0], [3, -2], [4, -4], [3, -5], [3, -3], [4, -10], [3, -17], [0, -6], [4, -6], [5, -13], [2, -12], [0, -4], [3, 3], [6, 3], [12, 0], [6, -13], [3, -16], [2, -28], [2, -5], [3, 2], [5, -6], [7, -13], [3, -8], [2, 2], [6, 3], [7, -3], [3, -5], [2, 2], [6, 2], [3, -6], [2, 1], [5, 0], [4, -7], [2, 2], [5, 1], [3, -1], [3, -5], [4, 9], [5, 13], [7, 10], [6, 7], [8, 0], [4, -3], [4, -6], [3, 17], [5, 15], [6, 11], [6, 6], [4, -2], [2, 5], [2, 1], [5, 9], [6, 4], [12, -2], [3, 7], [7, 9], [11, 6], [11, 1], [4, -2], [5, 20], [7, 12], [9, 3], [9, -3], [8, 21], [11, 11], [8, 3], [9, -1], [3, -4], [1, -8], [6, 6], [5, -4], [4, -4], [0, -4], [6, 10], [4, 10], [5, 4], [3, 1], [4, 22], [6, 22], [8, 19], [7, 7], [7, 2], [4, -1], [4, -4], [4, 16], [6, 19], [8, 10], [5, 0], [3, -3], [-3, 9], [-3, 13], [-4, 21], [-2, 17], [0, 14], [4, 22], [3, 11], [5, 11], [7, 7], [11, 3], [5, 1], [1, 6], [1, 11], [4, 22], [4, 14], [3, 4], [3, 1], [1, 6], [6, 23], [5, 7], [7, 2], [6, -1], [3, 0], [3, -4], [1, 4], [5, 4], [4, 7], [6, 5], [8, 2], [7, -1], [6, -5], [5, -9], [4, -8], [3, -9], [1, -4], [2, 2], [4, -3], [3, -3], [5, -8], [3, -6], [2, -3], [2, -7], [1, -7], [6, -6], [6, -13], [5, -21], [2, -18], [-1, -9], [0, -8], [3, -18], [2, -15], [0, -22], [-1, -8], [-2, -13], [-2, -17], [-3, -8], [-2, -8], [-3, -11], [-2, -5], [-1, -5], [0, -4], [-1, -10], [-3, -10], [-2, -4], [-1, -9], [0, -10], [-1, -9], [-1, -5], [3, -3], [2, 2], [5, 2], [4, 1], [1, -1], [11, 17], [7, 5], [9, -2], [11, -13], [3, -3], [2, -3], [2, 1], [6, -2], [6, -1], [7, 4], [10, 11], [9, 11], [11, 8], [4, -1], [4, -6], [2, -4], [7, 7], [9, 4], [8, -7], [6, -17], [3, -22], [1, -5], [3, 1], [5, 0], [2, -3], [7, 2], [11, -3], [7, -10], [2, -3], [7, 7], [8, 0], [8, -6], [14, 7], [7, -1], [8, -1], [14, -6], [8, -3], [6, 0], [5, -3], [8, 0], [6, -2], [3, -2], [1, 3], [4, 7], [9, 0], [7, -7], [7, -15], [4, -15], [2, -13], [0, -14], [-1, -12], [-4, -21], [-4, -10], [-4, -8], [-2, 0], [-3, -15], [-5, -13], [-5, -9], [-8, -6], [-7, 1], [-8, 9], [-1, -2], [-4, -2], [-3, 2], [-4, -4], [-5, 2], [-1, 2], [-3, -9], [1, -12], [-1, -17], [-1, -21], [-6, -18], [-7, -11], [-6, -4], [-4, 0], [-3, 2], [-1, 3], [-6, 11], [-6, 16], [-4, 16], [0, 24], [-1, 1], [-4, -5], [-14, 0], [-1, -7], [-10, -19], [-3, -3], [-10, -1], [-7, 4], [-3, 2], [-6, -8], [-10, -8], [-9, 1], [-4, 5], [-5, 1], [-10, 6], [-6, 12], [-3, 10], [-4, 1], [-1, 2], [-2, -3], [-10, 0], [-6, 4], [-2, 3], [-7, -10], [-6, 2], [-3, 3], [-1, -2], [-1, 2], [-1, -5], [-11, -10], [-11, 2], [-4, 4], [-3, 4], [-1, -1], [-5, 2], [-9, 6], [-10, 11], [-7, 14], [-2, 3], [-2, 10], [-2, 0], [-3, 12], [-4, 3], [-2, 6], [-2, -4], [-6, -3], [-9, -3], [-4, 2], [-2, -3], [-5, -3], [-9, 5], [-3, -1], [-8, -6], [-8, -3], [-7, 8], [-4, -4], [-5, -6], [-2, -1], [0, -14], [-2, -16], [-4, -12], [-1, -11], [-3, -12], [-8, -14], [-12, -8], [-6, 3], [0, -2], [-4, -5], [-6, -6], [-8, 5], [-3, 0], [-4, 1], [-5, 4], [-7, 9], [-5, 11], [-4, -5], [-6, -7], [-4, 1], [-1, -2], [-11, -12], [-4, 0], [-2, -2], [-10, 0], [-11, 13], [-6, 7], [-2, -1], [-5, 1], [-8, 9], [-2, 10], [-2, -4], [-4, -1], [-6, -4], [-6, -7], [-5, -10], [-14, -14], [-8, -4], [-3, 3], [-1, -3], [-3, -3], [-13, 1], [-13, 9], [-5, 1], [-4, 0], [-7, -3], [-9, 7], [-5, 0], [-6, -8], [-8, -3], [-9, 7], [-3, 5], [-1, -4], [-6, -14], [-5, -12], [-5, -7], [-6, -3], [-4, 3], [-1, -3], [-6, -7], [-8, 0], [-4, 6], [-1, -7], [-2, -7], [-8, -7], [-9, -5], [-8, 0], [-4, 3], [-2, 5], [-1, -3], [-1, -1], [-1, -5], [-2, -7], [-5, -9], [-5, -5], [-1, -5], [-5, -10], [-11, -11], [-11, -1], [-4, 5], [1, -7], [1, -25], [-2, -16], [-3, -12], [-3, -11], [-6, -12], [-9, -2], [-6, 4], [-3, 4], [0, -9], [-2, -9], [-2, -10], [-4, -14], [-6, -10], [-7, -7], [-4, -2], [-4, 1], [-4, 4], [-3, 4], [-1, -3], [-3, -10], [-6, -7], [-3, 3], [-3, -8], [-4, -9], [-5, -6], [-9, -2], [-7, 5], [-5, 7], [-1, 4], [-1, -7], [-1, -6], [-3, -13], [-3, -10], [-4, -8], [-6, -5], [-6, -6], [-6, -5], [-6, -4], [-8, 0], [-9, 6], [-3, -2], [-4, -5], [-6, -4], [-2, 3], [-3, -6], [-3, -4], [-4, -14], [-7, -9], [-5, -2], [-2, 2], [-5, -14], [-5, -16], [-7, -13], [-6, -7], [-6, -3], [-2, 1], [-1, -4], [-2, -7], [-4, -9], [-6, -9], [-10, -5], [-3, 4], [-3, -6], [-6, -8], [-6, -7], [-8, -1], [-6, 5], [-3, 9], [-2, -9], [-3, -7], [-4, -12], [-7, -10], [-7, -1], [-7, 2], [-8, 8], [-7, 12], [-6, 12], [-4, 14], [-3, 16], [0, 20], [-1, 4], [0, 34], [2, 8], [0, 7], [1, 11], [3, 22], [5, 24], [6, 12], [2, 7], [4, 16], [6, 11], [0, 5], [-1, 1], [-2, 4], [-4, 11], [-2, 14], [-1, 16], [1, 17], [2, 13], [1, 8], [2, 6], [0, 10], [-2, -7], [-2, -6], [-7, -15], [-4, -3], [-1, 0], [1, -4], [1, -9], [0, -14], [-1, -3], [1, -2], [1, -7], [1, -8], [-2, -11], [0, -9], [-1, -4], [1, -6], [0, -10], [-2, -13], [-2, -10], [-3, -18], [-2, -2], [0, -3], [-1, -6], [-3, -16], [-5, -13], [-8, -11], [-7, -2], [-3, 1], [-6, -5], [-1, -3], [-3, -4], [-8, -12], [-8, -4], [-7, -1], [-6, 4], [-4, 6], [-5, -2], [-4, 1], [-6, 7], [-5, 15], [-2, 10], [-2, 9], [-3, -7], [-2, -2], [-1, -5], [-8, -21], [-8, -10], [-9, 0], [-3, 2], [-4, 4], [0, 5], [-4, -2], [-1, -11], [-1, -8], [-6, -12], [-5, -7], [-8, -6], [-5, -3], [-6, -1], [-9, 5], [-7, 10], [-4, 8], [-3, 11], [0, 11], [-4, 5], [-3, 4], [-2, 4], [-7, -18], [-4, -3], [0, -10], [1, -3], [1, -24], [-1, -16], [-3, -17], [-4, -13], [-4, -9], [-5, -9], [-6, -4], [-8, 2], [-6, 6], [-6, 7], [-6, 9], [-3, 7], [-2, 11], [-2, -2], [-3, 0], [-6, 6], [-5, 9], [-4, 9], [-2, 7], [0, 3], [-4, 2], [-8, 5], [-5, 8], [-4, 6], [-7, 14], [-2, 9], [-2, 23], [0, 10], [-1, 11], [1, 15], [3, 14], [0, 19], [2, 14], [6, 17], [4, 6], [3, 5], [2, 1], [-3, 8], [-2, 11], [-3, 6], [-8, 12], [-10, 11], [-2, 4], [-6, 11], [-5, 13], [-4, 12], [-3, 14], [-3, 15], [0, 27]], [[223, 76812], [0, 10], [2, 13], [5, 16], [4, 8], [9, 9], [7, 1], [3, -3], [3, 6], [5, 2], [4, -1], [2, -1], [5, -6], [4, -7], [2, -5], [3, -8], [2, -10], [2, -1], [1, -6], [5, -25], [0, -11], [-1, -19], [-2, -15], [-6, -14], [-8, -10], [-9, -3], [-7, 1], [-5, 5], [-3, 6], [-2, -1], [-4, 0], [-4, 2], [-5, 6], [-3, 8], [-3, 7], [-1, 4], [-3, 15], [-2, 12], [0, 15]], [[76, 77151], [2, 26], [1, 17], [2, 18], [4, 15], [3, 14], [7, 17], [9, 11], [1, 4], [2, 3], [5, 0], [12, -1], [5, -4], [7, -11], [4, -6], [6, -12], [5, -11], [1, -9], [1, -7], [3, -12], [2, -11], [1, -10], [2, -3], [2, -6], [0, -11], [-2, -13], [-2, -20], [-1, -17], [-2, -9], [-4, -13], [-4, -14], [-3, -5], [-4, -6], [-7, -8], [-6, -4], [-7, -4], [-3, 2], [-2, -1], [-4, 1], [-3, 4], [-4, 7], [-4, 9], [-3, 11], [-4, 8], [-6, 10], [-7, 19], [-3, 8], [-1, 10], [-1, 14]], [[23, 76914], [0, 22], [2, 16], [5, 19], [3, 7], [6, 10], [4, 3], [6, 3], [5, -3], [5, -5], [5, -8], [4, -9], [9, -30], [1, -8], [1, -5], [1, 10], [3, 10], [4, 11], [4, 10], [4, 7], [6, 6], [7, 5], [4, -3], [11, -14], [1, -5], [3, 0], [2, -3], [0, 6], [2, 7], [2, 10], [3, 9], [5, 10], [8, 7], [5, 5], [5, 3], [7, 1], [4, -3], [5, -4], [3, -5], [4, 4], [5, -2], [5, -6], [7, -14], [3, -8], [2, 1], [2, -1], [6, -6], [5, -9], [4, -13], [2, -10], [2, -16], [0, -15], [-1, -14], [-4, -13], [-4, -9], [-6, -6], [-5, -7], [-2, 1], [-1, -8], [-3, -6], [-4, -7], [-5, -8], [-7, -1], [-6, 4], [-7, 7], [-4, 9], [-4, -5], [-3, -3], [-1, 1], [-1, -5], [-2, -5], [-5, -11], [-6, -8], [-5, -3], [-7, -2], [-3, 0], [-2, 1], [-2, -3], [-5, -2], [-10, 7], [-5, 11], [-3, 8], [-1, 6], [-1, -2], [-1, 1], [-4, 5], [-3, 7], [-3, 10], [-2, 3], [-2, 5], [-2, 8], [-2, 11], [-2, 7], [-1, 5], [-1, -13], [-2, -8], [-3, -10], [-2, -8], [-3, -6], [-3, -5], [-5, -5], [-3, 2], [-2, -5], [-5, -4], [-4, -2], [-5, 1], [-4, 3], [-5, 7], [-2, 5], [-4, 17], [-2, 19], [-1, 14], [1, 12]], [[0, 76574], [1, 17], [3, 14], [3, 12], [6, 20], [3, 5], [6, 9], [6, 4], [4, 1], [2, -1], [1, 13], [3, 30], [2, 4], [3, 5], [4, 22], [3, 12], [5, 13], [8, 16], [4, 5], [6, 0], [3, -3], [6, -5], [6, -7], [3, -5], [3, -8], [1, -1], [5, -9], [3, -7], [3, -10], [4, -22], [1, -11], [2, -16], [0, -31], [-1, -7], [-1, -13], [-3, -10], [-4, -12], [-8, -13], [-3, -1], [-1, 1], [0, -4], [-2, -10], [-3, -8], [-3, -5], [-2, -1], [-2, -6], [-4, -6], [-5, -5], [-1, 0], [1, -3], [-5, -20], [-8, -30], [-14, -35], [-18, -5], [-13, 10], [-7, 22], [-3, 29], [-2, 29], [-1, 17], [0, 20]], [[5380, 80676], [2, 10], [2, 14], [3, 15], [4, 11], [5, 9], [5, 7], [6, 7], [8, 10], [7, 7], [9, 3], [6, -2], [7, -5], [7, -10], [6, -9], [5, 7], [4, 5], [6, 3], [2, -1], [5, -4], [5, -9], [7, -13], [4, -7], [11, -32], [5, -12], [5, -18], [2, -11], [0, -12], [-1, -8], [-1, -17], [-5, -26], [-8, -20], [-9, -14], [-9, -9], [-4, -2], [-1, 0], [-4, 5], [-9, 0], [-7, 5], [-8, 11], [-4, 19], [-3, 20], [-2, 13], [-1, 4], [-3, -7], [-13, -20], [-5, -3], [-6, 2], [-4, 0], [-4, -1], [-6, 6], [-5, 14], [-7, 22], [-6, 20], [-3, 18], [0, 5]], [[5023, 81077], [0, 7], [2, 8], [3, 15], [4, 11], [3, 8], [3, 3], [3, 4], [6, 1], [3, -1], [1, 1], [8, -1], [3, -2], [3, -5], [3, -7], [4, -15], [3, -13], [0, -23], [-2, -9], [-1, -7], [-1, -9], [-6, -13], [-4, -8], [-8, -8], [-3, -1], [-4, 1], [-6, 6], [-5, 6], [-4, 8], [-3, 10], [-4, 17], [-1, 11], [0, 5]], [[4570, 80673], [2, 13], [2, 8], [3, 10], [4, 12], [3, 6], [2, 2], [6, 3], [5, 0], [6, -3], [3, -3], [2, -5], [3, -5], [3, -10], [3, -14], [3, -12], [1, -9], [0, -5], [-2, -14], [-3, -10], [-3, -12], [-3, -8], [-8, -9], [-5, -2], [-5, 0], [-6, 5], [-6, 9], [-3, 8], [-3, 9], [-2, 8], [-2, 28]], [[4516, 80178], [2, 17], [3, 17], [8, 14], [2, 2], [-1, 3], [0, 18], [4, 24], [2, 10], [2, 2], [-1, 8], [-2, 24], [2, 19], [4, 14], [5, 12], [7, 11], [6, 1], [4, -1], [6, -5], [4, -5], [3, -6], [1, 1], [7, -3], [8, -7], [2, -6], [1, 3], [2, 1], [3, -2], [6, -2], [4, -7], [3, -6], [1, -3], [1, 2], [6, -3], [6, -9], [1, -4], [3, 6], [5, 0], [11, -10], [10, -18], [1, -4], [8, 1], [5, -1], [4, -3], [6, -8], [3, -11], [1, 3], [3, 3], [6, -3], [6, -6], [4, -9], [7, -12], [4, -9], [6, -13], [5, -13], [3, -11], [2, -12], [1, -10], [0, -12], [-1, -15], [-2, -12], [-3, -9], [-6, -9], [-6, -3], [-9, -3], [-5, 2], [-1, 1], [-3, -6], [-3, -7], [-7, -13], [-7, -9], [-9, -2], [-4, 3], [-3, -5], [-2, -1], [0, -3], [-5, -23], [-4, -16], [-4, -7], [-2, -5], [-4, -5], [-8, 1], [-7, 7], [-2, 3], [-2, -4], [-5, -2], [-1, 1], [-2, -7], [-11, -5], [-8, 5], [-5, 12], [-6, 20], [-4, 27], [-2, 1], [-3, 5], [-2, 6], [-2, 9], [-1, 4], [-4, 1], [-5, 8], [-5, 11], [-2, 8], [-1, -4], [-3, -5], [-9, -6], [-9, 0], [-8, 14], [-6, 16], [-3, 18], [0, 21]], [[4445, 81394], [1, 8], [2, 13], [2, 5], [-2, 6], [-2, 9], [-2, 12], [1, 9], [1, 17], [2, 8], [4, 13], [3, 5], [3, 3], [6, 5], [3, 2], [5, 2], [4, -1], [3, -3], [3, -4], [3, -7], [7, -15], [1, -5], [1, -6], [5, -10], [2, -9], [3, -18], [3, -7], [1, -5], [3, -14], [1, -13], [0, -22], [-2, -10], [-1, -11], [-3, -15], [-4, -18], [-2, -6], [-10, -14], [-7, -6], [-2, -1], [-4, 0], [-7, 5], [-5, 4], [-5, 10], [-6, 8], [-3, 10], [-2, 12], [-2, 11], [-1, 15], [-2, 19], [1, 9]], [[3695, 79633], [2, -17], [5, -20], [4, -45], [-2, -31], [-13, -56], [-7, -16], [-5, -3], [-2, -2], [-2, -7], [-3, -1], [-2, -8], [-3, -8], [-3, -5], [-2, -3], [-2, -18], [-3, -12], [-2, -6], [-5, -4], [-2, -9], [-5, -13], [-7, -14], [-6, -5], [-4, -1], [-3, -11], [-6, -8], [-6, -5], [-2, -5], [-3, -3], [-4, -1], [-7, -11], [-2, -3], [-3, -1], [-1, 1], [-2, -5], [-3, -5], [-3, -4], [-2, 0], [-4, -14], [-7, -20], [-15, -47], [-14, -46], [-5, -12], [-8, -8], [-3, -4], [0, -8], [-3, -10], [-4, -9], [-6, -13], [-7, -15], [-9, -17], [-5, -10], [-6, -9], [-5, -3], [-3, 1], [-2, 3], [-2, -5], [-6, -8], [-4, -3], [-3, 1], [-2, 3], [-2, -2], [-5, -2], [-3, -3], [-7, -1], [-9, 4], [-3, 3], [-1, 2], [-2, -5], [-6, -7], [-9, -2], [-7, 3], [-5, 4], [-1, 3], [-2, -7], [-3, -4], [-4, -1], [-1, 1], [-5, -6], [-4, -2], [-1, 2], [-31, -49], [0, -5], [-2, -12], [-3, -13], [-3, -5], [-2, -9], [-9, -13], [-11, -5], [-7, 1], [-3, 2], [0, 2], [-6, -18], [-3, -5], [-2, 2], [-1, -10], [-3, -11], [-9, -30], [-20, -33], [-20, -14], [-21, -2], [-28, 12], [-17, 11], [-11, 16], [-22, 7], [-15, 10], [-2, 0], [-3, 3], [-2, 4], [-1, 7], [-4, 14], [-1, -6], [-3, -7], [-6, -8], [-5, -3], [-6, -4], [-3, -1], [-1, -6], [-4, -7], [-2, -5], [1, -5], [1, -11], [-2, -15], [-4, -22], [-7, -13], [-6, -7], [-4, -3], [-5, 0], [-2, 4], [-2, -9], [-2, -10], [-2, -4], [-1, -1], [0, -4], [-3, -15], [-3, -10], [-2, -7], [-3, -5], [-2, -3], [-1, 0], [3, -17], [0, -22], [-1, -8], [-1, -7], [-3, -8], [0, -1], [4, -14], [2, -9], [1, -17], [1, -7], [-2, -16], [-2, -10], [-3, -11], [-5, -10], [-4, -4], [-1, 2], [-1, -6], [-3, -7], [-5, -7], [-7, -9], [-7, 2], [-1, -2], [-3, -2], [-2, -1], [-5, 6], [-8, 11], [-6, 15], [-3, 10], [-1, 3], [-2, -7], [-3, -5], [-2, -1], [-1, -3], [-1, -8], [-3, -3], [-1, -3], [1, -10], [-2, -9], [-6, -12], [-5, -8], [-4, -4], [-4, 0], [1, -4], [-1, -6], [-4, -12], [-6, -12], [-8, -13], [-8, -2], [-9, 1], [-5, 2], [-2, 3], [-2, -10], [-4, -10], [-7, -12], [-8, -4], [0, -2], [-3, -5], [-5, -9], [-5, -7], [-8, -2], [-1, -5], [-7, -18], [-6, -7], [-10, -4], [-4, 2], [-1, -8], [-3, -8], [-7, -14], [-5, -9], [-1, -4], [-6, -10], [-7, -9], [-11, -12], [-11, 2], [-7, 8], [-5, 12], [-3, 7], [-2, 16], [0, 14], [2, 22], [2, 14], [5, 18], [9, 17], [14, 20], [5, 7], [2, 1], [-5, 4], [-6, 9], [-5, 12], [-3, 15], [-1, 17], [0, 16], [1, 13], [3, 12], [3, 13], [4, 12], [6, 10], [4, 1], [5, 0], [10, -3], [2, -1], [4, -4], [1, 5], [6, 14], [5, 7], [6, 6], [6, 1], [3, -2], [3, -3], [-1, 16], [1, 16], [2, 16], [4, 15], [4, 16], [3, 9], [4, 5], [3, 4], [3, 2], [3, -3], [2, 3], [8, 16], [-3, 14], [-2, 17], [0, 18], [2, 20], [0, 11], [2, 17], [2, 14], [2, 13], [4, 10], [2, 7], [2, 5], [1, 6], [2, 11], [4, 10], [7, 12], [2, 5], [2, 7], [3, 10], [2, 8], [3, 5], [3, 7], [5, 5], [3, -1], [1, 19], [2, 8], [3, 7], [6, 12], [10, 8], [32, 42], [2, 4], [3, 10], [3, 4], [-3, 13], [-2, 21], [-1, 15], [3, 17], [3, 18], [6, 20], [6, 17], [2, 4], [1, 9], [1, 10], [1, 8], [5, 12], [9, 12], [4, 0], [4, 10], [3, 2], [2, -1], [1, 8], [2, 11], [3, 10], [4, 8], [4, 4], [5, 3], [4, 8], [3, 4], [5, 3], [6, 10], [6, -1], [3, 7], [3, 2], [3, 3], [3, 5], [8, 8], [3, 1], [3, -1], [2, -1], [4, -6], [2, -4], [8, 4], [6, 2], [9, -3], [3, -3], [3, -4], [3, -5], [7, -17], [3, -11], [2, -8], [2, -3], [5, 1], [6, 2], [9, 0], [5, -1], [7, -3], [4, -6], [5, -7], [3, -9], [4, -18], [2, -11], [0, -26], [-1, -16], [-3, -17], [-2, -13], [-3, -13], [-4, -8], [-3, -9], [-2, -5], [3, -12], [1, 5], [5, 9], [5, 4], [7, 2], [4, -1], [2, 3], [2, 2], [3, 0], [3, 5], [3, 6], [5, 7], [4, 3], [3, -1], [2, 4], [5, 3], [1, 4], [1, 5], [2, 6], [5, 10], [6, 10], [6, 2], [8, -2], [2, -3], [6, 6], [1, 7], [2, 13], [6, 15], [9, 14], [5, 4], [6, -1], [7, -4], [16, 28], [2, 4], [-1, 5], [-2, 14], [-2, 36], [1, 17], [3, 18], [5, 16], [4, 6], [8, 13], [5, 4], [-1, 11], [2, 14], [2, 9], [2, 2], [-8, 75], [-1, 3], [-4, 10], [-1, 2], [-3, 8], [-6, 10], [-4, 14], [0, 14], [-1, 6], [-2, 13], [0, 14], [2, 12], [2, 27], [5, 15], [5, 6], [4, 4], [1, 3], [1, 11], [0, 12], [1, 13], [2, 13], [5, 10], [6, 8], [5, 6], [2, 1], [2, 12], [4, 14], [6, 12], [8, 8], [5, 0], [2, 7], [3, 3], [12, 4], [3, 0], [3, 8], [4, 7], [8, 5], [9, 1], [8, 3], [2, 6], [3, 7], [5, 8], [8, 3], [10, -1], [8, -1], [25, -5], [9, -3], [8, -1], [8, -2], [8, 2], [6, 2], [10, -1], [8, 1], [6, 1], [6, -1], [5, -3], [5, -5], [4, -3], [2, -7], [3, -8], [0, -6], [3, 3], [4, -1], [3, -2], [2, -4], [5, 14], [5, 7], [7, 3], [7, -1], [4, -3], [0, 12], [-3, 5], [-2, 8], [-1, 5], [-2, 3], [-2, 9], [-1, 8], [-2, 4], [-3, 12], [-1, 18], [1, 19], [2, 11], [2, 7], [0, 11], [3, 15], [1, 13], [2, 12], [4, 11], [3, 11], [5, 11], [6, 7], [4, 7], [5, 5], [2, 11], [7, 13], [9, 5], [4, 7], [6, 2], [8, 5], [8, -3], [6, -8], [6, -3], [8, -8], [7, -9], [6, -13], [6, 0], [0, 19], [5, 24], [2, 15], [5, 20], [5, 19], [3, 11], [4, 9], [8, 9], [8, 2], [9, -3], [3, -4], [1, -2], [10, 9], [12, 0], [10, -3], [9, -7], [7, -16], [3, -16], [2, -16], [0, -13], [1, -4], [4, -10], [3, -12], [4, -17], [1, -1], [6, -2], [16, -14], [6, -12], [2, -11], [1, -7], [-1, -17], [-3, -21], [-4, -13], [-6, -10], [-9, -10], [-2, 0], [0, -6], [4, -1], [10, 1], [2, 7], [5, 10], [7, 6], [4, 2], [5, 10], [10, 7], [9, -1], [4, -1], [2, 1], [4, 1], [4, -1], [1, 8], [5, 14], [4, 12], [6, 5], [10, 2], [0, 3], [2, 10], [5, 11], [4, 9], [7, 13], [7, 9], [11, 11], [8, 10], [3, 2], [2, -1], [4, 0], [7, -4], [8, -7], [6, -9], [6, -16], [2, -21], [0, -15], [-1, -20], [-1, -13], [-1, -10], [-6, -19], [-4, -6], [-4, -3], [-3, -4], [-3, -13], [-4, -9], [-5, -3], [-6, 0], [-1, -3], [-2, -12], [-1, -12], [-1, -6], [-2, -17], [-1, -8], [-1, -3], [-5, -6], [0, -13], [-4, -24], [-5, -9], [-6, -9], [-8, -1], [-16, -12], [-6, -5], [-3, 0], [-3, 2], [-9, -3], [-6, 1], [-4, 3], [-5, 4], [-6, 1], [-4, -2], [-3, -1], [-4, -9], [-4, -5], [-2, -2], [-4, -10], [-10, -16], [-9, 0], [-10, 15], [-5, 10], [-1, 3], [-4, 7], [-2, 6], [-5, 2], [-1, -1], [-1, -6], [-2, -4], [-3, -4], [-12, -22], [-15, -16], [-12, -6], [-12, 11], [-7, 24], [-4, 23], [-1, 8], [-2, 14], [-3, 2], [-4, -2], [-3, -2], [-3, 0], [-1, -5], [-3, -6], [-3, -4], [-6, -5], [-7, -3], [-4, 2], [-11, -44], [-16, -9], [-7, -23], [-13, -39], [-1, -1]], [[7453, 85442], [1, 11], [3, 18], [4, 10], [0, 30], [7, 21], [2, 3], [4, -1], [4, 7], [2, 2], [5, 4], [5, 2], [3, 1], [8, -1], [6, -4], [5, -9], [3, -2], [2, 2], [3, 7], [5, 10], [6, 7], [12, 2], [4, -1], [7, -7], [6, -7], [1, 2], [4, 5], [2, 1], [5, 1], [6, -2], [7, -7], [5, -9], [3, -6], [8, -4], [5, -16], [9, -20], [5, -13], [3, -12], [2, -22], [-1, -10], [-2, -10], [-4, -16], [-2, -6], [-3, -5], [-5, -7], [-6, -2], [-1, -2], [-3, -11], [-1, -7], [-4, -8], [-5, -9], [-10, -10], [-5, -1], [-8, 6], [-12, 14], [-5, 10], [-2, 5], [-10, -12], [-7, -8], [-7, -2], [-8, 2], [-4, -9], [-3, -7], [-5, -5], [-6, -3], [-8, 1], [-5, 3], [-6, 6], [-6, 9], [-3, 13], [-2, 13], [-1, 17], [-3, 3], [-5, 11], [-2, 12], [-1, 12], [-1, 10]], [[6766, 83559], [2, 26], [5, 21], [-1, 9], [-1, 8], [4, 21], [4, 17], [9, 16], [11, 20], [0, 13], [1, 9], [2, 14], [4, 20], [7, 23], [4, 7], [0, 6], [2, 17], [6, 24], [6, 17], [8, 17], [10, 13], [3, 6], [3, 24], [2, 11], [5, 11], [5, 9], [10, 5], [7, 8], [8, 0], [12, 43], [3, 8], [6, 17], [12, 3], [10, 0], [8, 16], [9, 11], [7, -1], [32, 65], [6, 20], [28, 72], [7, 13], [2, 7], [1, 9], [3, 8], [4, 4], [0, 8], [1, 9], [2, 11], [4, 8], [7, 8], [6, 6], [9, -1], [4, -1], [11, -11], [3, 10], [8, 16], [14, 18], [17, 19], [19, 32], [8, 10], [7, 7], [9, 6], [-5, 10], [-2, 15], [0, 30], [2, 16], [3, 17], [5, 16], [6, 13], [5, 10], [1, 9], [6, 18], [5, 17], [5, 15], [8, 10], [7, 6], [1, 5], [3, 17], [4, 16], [4, 15], [6, 13], [8, 9], [6, 11], [4, 19], [17, 55], [23, 67], [20, 55], [8, 26], [5, 17], [6, 14], [3, 4], [3, 2], [1, 5], [4, 30], [4, 14], [4, 8], [4, 5], [6, 5], [6, 3], [0, 11], [1, 17], [2, 15], [2, 10], [5, 9], [2, 9], [0, 14], [4, 15], [6, 15], [13, 26], [5, 13], [5, 9], [1, 3], [6, 22], [4, 16], [4, 12], [4, 8], [6, 7], [5, 3], [3, 5], [6, 2], [5, -3], [6, -4], [7, -11], [5, -13], [3, -22], [0, -12], [-1, -13], [5, 8], [7, 5], [8, -1], [6, -6], [7, -8], [5, -9], [4, -13], [2, -7], [4, -17], [0, -13], [3, -8], [4, -12], [2, -17], [0, -14], [-1, -23], [4, 1], [4, -2], [5, -3], [7, -10], [6, -15], [0, -4], [3, -10], [4, -12], [1, -18], [0, -12], [-2, -14], [-3, -12], [-3, -8], [-7, -10], [-8, -6], [-10, -1], [0, -6], [2, -2], [6, -1], [7, 1], [7, -3], [8, -8], [6, -11], [4, -9], [4, -12], [6, -6], [11, -9], [8, -11], [6, -10], [4, -12], [6, 9], [6, 14], [8, 9], [8, 2], [7, -3], [6, -4], [6, -10], [4, -14], [3, -20], [0, -18], [-1, -12], [-4, -10], [-4, -12], [-6, -10], [5, -7], [4, -12], [8, -32], [1, -16], [0, -13], [-3, -14], [1, -9], [-2, -32], [-3, -14], [-2, -13], [-3, -9], [-3, -11], [-5, -12], [-5, -9], [-6, -8], [-11, -10], [-5, -3], [-6, 2], [-7, 5], [-7, 10], [-4, 8], [-5, 23], [0, 2], [-7, -18], [-8, -20], [-4, -11], [-6, -8], [-9, -8], [-11, -7], [-13, -7], [-21, -12], [-3, -3], [-3, -4], [-1, -6], [-5, -10], [-6, -7], [-3, -2], [-6, 0], [-4, 1], [-6, 4], [-4, 5], [-2, 3], [-3, -1], [-11, 1], [-6, -16], [4, 1], [6, -4], [7, -8], [3, -6], [6, -14], [6, -6], [4, -5], [4, -12], [2, -8], [2, -15], [1, -3], [5, -5], [4, 3], [4, -5], [6, -15], [3, -9], [2, -11], [2, -12], [-2, -30], [-3, -12], [-4, -22], [-1, -8], [0, -2], [8, -11], [6, -4], [7, -4], [5, -8], [5, -11], [2, -5], [1, -5], [3, -16], [2, -23], [7, -83], [3, -39], [1, -6], [4, -7], [4, -12], [4, -14], [0, -11], [1, -18], [-4, -21], [-3, -8], [1, -9], [-1, -11], [0, -8], [-2, -9], [-5, -13], [-5, -9], [-4, -14], [-4, -11], [-7, -14], [-7, -17], [-4, -13], [-6, -13], [-3, -8], [2, -43], [6, -7], [4, -8], [4, -13], [3, -9], [-1, -14], [0, -16], [-3, -15], [-5, -17], [-5, -13], [-6, -11], [-9, -10], [-6, -3], [-9, -3], [-7, 4], [-6, 6], [-6, 10], [-4, 11], [-2, 13], [0, 12], [1, 14], [-1, 2], [-1, 3], [-2, 2], [-3, -4], [-5, -11], [-21, -45], [-3, -7], [-2, -24], [0, -7], [-7, -17], [-7, -18], [-6, -16], [-4, -12], [-6, -13], [-4, -6], [-5, -3], [-7, -3], [-12, -2], [-8, -4], [-17, -3], [6, -10], [4, -8], [4, -11], [1, -11], [2, -26], [0, -8], [-1, -14], [-5, -21], [-4, -16], [-7, -17], [-6, -9], [-6, -10], [-8, -7], [-9, -7], [-13, 0], [-5, -2], [-6, -6], [-6, -9], [-5, -5], [-7, -5], [-3, -3], [-1, -14], [-2, -7], [0, -13], [-3, -11], [-3, -6], [-4, -11], [-4, -15], [-2, -8], [-7, -14], [-3, -3], [-4, -1], [-3, -1], [-3, 1], [-1, -3], [-3, -3], [-6, -5], [-8, -2], [-4, 0], [-7, 5], [-4, 6], [-2, -2], [-6, 0], [-5, 3], [-3, 4], [-7, 11], [-2, 8], [-3, -8], [0, -9], [-1, -10], [-3, -6], [-1, -1], [2, -3], [4, -15], [2, -15], [-1, -15], [-3, -17], [-4, -15], [-2, -4], [-1, -7], [-4, -8], [-7, -6], [-2, -6], [-3, -4], [-9, -7], [-6, -3], [-4, -1], [-1, 1], [-3, -16], [-6, -19], [-5, -11], [-8, -10], [-6, -8], [-7, -4], [-5, 1], [3, -20], [1, -16], [-3, -18], [-4, -21], [-3, -17], [-5, -8], [-3, -3], [-7, 0], [-1, -5], [-5, -8], [-4, -5], [-5, -1], [-1, -9], [-3, -12], [-4, -13], [-6, -6], [-5, -4], [-4, -2], [-8, 4], [4, -11], [2, -14], [-1, -6], [4, 0], [15, 5], [3, -2], [2, 4], [4, 5], [8, 2], [3, 0], [7, -4], [8, -8], [7, -26], [2, -23], [-2, -13], [-2, -12], [-2, -6], [0, -6], [-1, -6], [-7, -25], [-5, -15], [-7, -13], [-6, -8], [-3, -2], [-2, -7], [-4, -10], [-4, -6], [-5, -4], [-4, 0], [-2, 2], [-2, -3], [-4, -2], [-5, -1], [-4, 2], [-7, -4], [-6, 0], [-6, 4], [-7, -2], [-7, 4], [-6, 7], [-3, -3], [-7, -10], [-7, -4], [-6, -2], [-5, 1], [-6, 3], [-6, 5], [-9, 11], [-4, 4], [-4, -12], [-6, -9], [-7, -5], [-7, -1], [-7, 3], [-5, 5], [-7, 9], [-24, -33], [-7, -26], [-6, -22], [-8, -15], [-9, -12], [-10, -9], [-10, 0], [-9, 5], [-6, 8], [-5, 8], [-8, 13], [-3, 10], [-2, 10], [-2, 13], [-1, 12], [-1, 14], [0, 12], [2, 12], [7, 23], [2, 14], [10, 28], [2, 14], [15, 42], [4, 8], [7, 12], [8, 13], [6, 11], [6, 14], [14, 31], [9, 16], [7, 7], [5, 2], [4, 1], [5, -1], [5, -2], [4, -3], [3, 1], [5, 0], [4, -3], [7, -10], [8, -11], [2, -1], [4, 5], [5, 11], [4, 6], [8, 10], [11, 8], [1, 8], [-1, 7], [0, 15], [1, 12], [5, 20], [-42, 114], [-5, 13], [-2, 12], [0, 10], [1, 55], [-14, 32], [-18, 20], [-9, 5], [-12, 9], [-5, 9], [-3, 11], [-2, 11], [-4, 26], [8, 40], [-5, 147], [-9, 18], [-8, 23], [-2, 19], [-6, 2], [-6, -1], [-10, -1], [-9, 15], [-2, -2], [-7, 6], [-11, 18], [-12, 24], [-5, 18], [-1, 14]], [[6515, 81823], [3, 21], [6, 21], [15, 20], [11, 35], [9, 27], [12, 21], [8, 6], [7, 0], [12, -6], [18, -14], [6, -34], [-6, -42], [-3, -34], [3, -48], [0, -42], [-15, -41], [-15, -7], [-15, 7], [-24, 7], [-20, 20], [-9, 35], [-3, 27], [0, 21]], [[6218, 82247], [2, 9], [-1, 9], [0, 24], [2, 13], [2, 7], [2, 5], [-1, 11], [2, 17], [4, 14], [5, 13], [6, 7], [8, 4], [6, 0], [5, -2], [6, -5], [6, -8], [5, -11], [4, -21], [1, -18], [4, -11], [2, -16], [0, -19], [-1, -20], [-3, -12], [-3, -5], [1, -5], [4, -2], [9, -7], [5, -10], [2, -6], [3, -14], [0, -6], [5, -8], [5, -15], [1, -15], [0, -15], [-1, -6], [2, -12], [0, -12], [-2, -13], [-5, -16], [-3, -9], [-8, -26], [-10, -24], [-8, -7], [-16, -3], [-8, -1], [-9, 3], [-8, 14], [-3, 19], [1, 14], [1, 13], [-3, 6], [-2, 11], [0, 21], [1, 13], [2, 11], [2, 8], [2, 4], [0, 32], [1, 7], [-5, 2], [-5, 4], [-5, 7], [-4, 8], [-2, 10], [-2, 8], [0, 9], [-1, 11], [0, 12]], [[3065, 77], [0, 13], [2, 15], [2, 13], [3, 12], [4, 8], [3, 4], [5, 2], [1, 0], [5, -8], [3, -8], [2, -10], [2, -9], [1, -20], [1, -15], [0, -19], [-1, -14], [-1, -15], [-2, -9], [-3, -12], [-2, -2], [-6, -3], [-5, 1], [-6, 5], [-3, 8], [-3, 17], [-2, 16], [0, 30]], [[2253, 4132], [1, 19], [3, 17], [4, 14], [5, 7], [5, 0], [5, -2], [6, -4], [2, -4], [3, -7], [1, -13], [1, -41], [0, -23], [-2, -19], [-4, -12], [-4, -5], [-8, -1], [-6, 3], [-6, 8], [-4, 12], [-2, 19], [0, 32]], [[2725, 345], [-2, -5], [-6, -8], [-2, -1], [-5, 5], [-4, 6], [-1, 7], [-3, 23], [-1, 9], [-2, 6], [-4, 6], [-1, 6], [-2, 10], [0, 9], [-1, 14], [0, 10], [-4, -10], [-2, -4], [-3, -4], [-2, -1], [-2, 0], [-4, 6], [-1, 6], [-1, -3], [-3, -3], [-4, -1], [-3, 1], [-2, 2], [-4, 11], [-3, 13], [-3, 11], [-2, 13], [-1, 10], [0, 30], [1, 13], [1, 7], [0, 6], [5, 15], [2, 4], [4, 6], [5, 3], [2, -1], [7, -5], [1, 3], [3, 5], [1, 1], [3, 1], [3, -3], [4, -7], [4, -13], [1, -11], [1, -9], [0, -11], [1, -9], [1, -5], [-1, -17], [1, -7], [1, 6], [2, 3], [3, 2], [5, 10], [4, 0], [9, -3], [1, 2], [6, -3], [1, -2], [4, 3], [1, 0], [5, -1], [3, -6], [2, -7], [2, -15], [1, -9], [0, -69], [-1, -9], [0, -12], [-1, -11], [-4, -14], [-3, -8], [-3, -3], [-3, -1], [-3, 1], [-3, 5], [-1, 1]], [[2421, 309], [-3, -2], [-3, 0], [-4, 1], [-2, 2], [-1, 2], [-1, 3], [-4, -4], [-4, 0], [-6, -3], [-3, -12], [-2, -20], [-1, -8], [-3, -8], [-2, -5], [-4, -11], [-6, -19], [-3, -9], [-4, -5], [-6, 2], [-4, 6], [-2, 7], [-1, 8], [-2, 1], [-3, 5], [-3, 8], [-1, 9], [-1, 4], [-1, 6], [0, 1], [-4, 1], [-4, 5], [-4, 9], [-2, 10], [-2, 8], [-2, 14], [0, 16], [2, 22], [2, 12], [3, 15], [4, 12], [3, 8], [2, 1], [1, -1], [0, 5], [1, 4], [2, 3], [4, 1], [1, 0], [9, 3], [5, 3], [1, 9], [2, 9], [2, 3], [1, 1], [2, 9], [2, 7], [3, 6], [0, 8], [4, 17], [3, 4], [3, 3], [3, 0], [4, -1], [1, -2], [3, -5], [1, -4], [6, -16], [6, 4], [6, -2], [6, -7], [7, -32], [2, -28], [3, -12], [1, -19], [0, -22], [-3, -19], [-2, -13], [-3, -5], [-3, -2], [-2, -1]], [[29509, 66650], [-3, 1], [-4, 65], [1, 7], [1, 6], [-1, 8], [1, 16], [0, 1], [1, -2], [1, 5], [0, 80], [1, 50], [0, 59], [1, 42], [1, 69], [1, 34], [1, 107], [0, 16], [1, 34], [0, 49], [1, 64], [0, 80], [1, 52], [0, 64], [1, 2], [1, 6], [-2, 11], [-1, 1], [1, 13], [-1, 1], [-1, 6], [-1, 5], [-3, 5], [0, 3], [-3, 3], [0, 4], [-1, 2], [-1, -1], [-2, 0], [-1, 1], [2, 7], [-2, 2], [1, 6], [1, 8], [-1, 7], [-1, 6], [-1, -1], [0, 19], [-1, 3], [-1, -5], [-2, 4], [-2, 0], [-1, -2], [-2, 1], [-2, -2], [0, 2], [-2, -3], [0, -3], [-1, 1], [0, 4], [-4, -3], [-1, 2], [-1, -2], [1, -5], [-2, -7], [1, -3], [-1, -1], [1, -4], [0, -2], [-1, -5], [0, -2], [-1, 0], [-1, -1], [1, -7], [-2, -1], [0, -2], [1, -4], [0, -11], [-1, -1], [-1, -2], [0, -4], [-2, -2], [-2, 4], [-3, 7], [-1, 5], [-2, 2], [-1, 4], [0, 4], [3, 15], [-1, 11], [2, 9], [0, 3], [-3, 13], [0, 10], [1, 4], [2, 2], [0, 10], [2, 15], [1, 5], [1, 12], [-1, 5], [1, 5], [2, 4], [1, 8], [1, 4], [1, 6], [2, 7], [2, 9], [0, 21], [2, 11], [3, 20], [0, 3], [-1, 6], [0, 9], [-2, 5], [-4, 11], [-1, 11], [0, 4], [-3, 7], [0, 5], [1, 10], [1, 5], [2, 4], [1, 7], [0, 3], [-2, 5], [0, 15], [2, 12], [0, 2], [-3, 17], [-3, 14], [-2, 19], [-1, 10], [-1, 7], [1, 9], [0, 30], [-2, 11], [0, 5], [1, 16], [0, 6], [1, 12], [0, 6], [-1, 12], [-1, 3], [-2, 3], [-5, 15], [2, 20], [0, 12], [1, 9], [2, 19], [1, 6], [2, 14], [-1, 7], [0, 10], [-1, 5], [1, 6], [3, 9], [0, 8], [1, 11], [1, 5], [-1, 6], [0, 3], [2, 8], [0, 12], [2, 4], [1, 4], [2, 4], [1, 4], [2, 4], [0, 5], [2, 9], [0, 3], [1, 4], [1, 5], [1, 4], [0, 5], [3, 2], [1, 5], [2, -1], [0, 6], [1, 2], [2, 17], [0, 18], [-3, 24], [0, 38], [-1, 12], [-2, 15], [0, 18], [1, 4], [3, 8], [2, 14], [1, 9], [2, 20], [2, 10], [0, 16], [-2, 16], [1, 10], [0, 14], [-2, 9], [0, 19], [-2, 7], [-2, 8], [-1, 12], [0, 3], [-2, 3], [-1, 9], [-1, 7], [0, 6], [-1, 5], [-3, 4], [-1, 2], [-1, 6], [-2, 6], [-1, 5], [-1, 4], [-1, 7], [-1, 9], [1, 5], [0, 7], [-1, 9], [0, 5], [-3, 9], [1, 5], [1, 8], [-1, 6], [3, 6], [-2, 8], [2, 5], [-1, 5], [2, 7], [1, 0], [0, 4], [-1, 3], [1, 6], [0, 4], [1, 1], [0, 4], [-1, 4], [1, 3], [1, 8], [-1, 4], [0, 50], [1, 5], [2, 12], [2, 20], [2, 5], [2, 10], [0, 22], [-2, 5], [-1, 5], [-1, 4], [-1, 5], [-4, 6], [-1, 5], [-1, 7], [-2, 2], [0, 22], [1, 4], [2, 2], [0, 5], [1, 10], [1, 19], [1, 7], [1, 8], [2, 8], [2, 4], [1, 6], [0, 52], [-2, 7], [-1, 7], [-1, 5], [-1, 8], [1, 6], [3, 21]], [[29488, 69283], [19, 1], [13, 1], [38, 3], [7, 1], [12, -1], [15, -1], [17, 1], [17, 2], [7, -1], [20, -1], [4, 1], [9, -1], [19, -1], [8, -2], [6, -1], [8, -4], [7, -1], [14, 1], [8, 0], [17, -3], [6, 0], [10, -1], [6, -1], [11, 0], [18, 1], [15, 1], [27, 0], [31, 3], [9, -1], [23, 3], [7, 0], [14, 1], [16, 0], [8, 1], [7, 0], [8, 1], [12, 0], [19, 1]], [[29887, 64975], [-6, 7], [-19, -17], [-6, -6], [-17, -33], [-17, -14], [-30, -23], [-37, -29], [-40, -32], [-27, -21], [-50, -40], [-21, -17], [-34, -27], [-18, -19], [-33, -34], [-13, -13], [-5, -6], [-8, -5], [-27, -23], [-35, -31], [-25, -22], [-7, -6], [-12, 39], [-1, 4], [1, 4], [-1, 4], [0, 7], [2, 13], [-2, 7], [0, 3], [-3, 13], [-6, 30], [-3, 18], [-5, 25], [-2, 7], [18, 35], [10, 18], [8, 15], [10, 19], [14, 28], [7, 12], [2, 4], [-9, 43], [-10, 53], [0, 34], [1, 45], [1, 15], [0, 35], [1, 29], [1, 18], [0, 16], [1, 46], [1, 41], [0, 17], [1, 25], [1, 56], [0, 25], [1, 34], [0, 19], [1, 31], [0, 32], [1, 20], [1, 73], [0, 3], [2, 80], [1, 34], [1, 53], [1, 38], [0, 57]], [[29022, 62051], [-1, -2], [1, -17], [0, -31], [1, -30], [1, -9], [0, -14], [1, -16], [0, -36], [1, -6], [0, -21], [1, -8], [1, -14], [0, -20], [1, -21], [0, -32], [1, -25], [0, -89]], [[20246, 53910], [-468, 0], [0, -523], [-134, 0], [-18, -2], [-82, 0]], [[28804, 59451], [2, -59], [6, -86], [4, -60], [1, -25], [2, -13], [9, -107], [8, -71], [2, -26], [1, -12], [5, -36], [8, -57], [12, -88], [5, -29], [15, -117], [3, -26], [5, -45], [1, -3], [3, -12], [2, -13], [0, -6], [2, -15], [4, -29], [2, -19], [2, -29], [2, -23], [2, -30], [1, -27], [2, -50], [0, -21], [-1, -20], [0, -17], [-1, -12], [-3, -39], [0, -40], [-1, -24], [-1, -20], [0, -44], [-1, -9], [-1, -8], [-2, -36], [-2, -28], [-1, -12], [0, -6], [-1, -16], [0, -12], [-1, -11], [-1, -28], [-2, -32], [0, -5], [-1, -7], [-1, -8], [-2, -12], [-1, -5], [-4, -12], [-2, -3], [-3, -6], [-3, -2], [-6, 0], [-2, 3], [-3, 6], [-4, 10], [-2, 0], [-5, -4], [-5, -6], [-3, -4], [-4, -6], [-6, -8], [-7, -12], [-3, -4], [-6, -6], [-2, 0], [-16, -24], [0, -1], [-4, -4], [-3, -6], [-2, -5], [-3, -4], [-2, -3], [-3, -4], [-8, -15], [-5, -10], [-2, -5], [-1, -4], [-4, -9], [-3, -9], [-3, -10], [0, -5], [-5, -13], [-5, -17], [-4, -7], [-2, -2], [-5, -1], [-28, -84], [-5, -16], [-8, -26], [-13, -47], [-5, -14], [-4, -11], [-8, -30], [-10, -38], [-6, -26], [-2, -4], [-5, -23], [-4, -17], [-18, -88], [-1, -8], [-3, -21], [-3, -23], [-2, -14], [-1, -20], [-2, -11], [-2, -12], [-4, -8], [-3, -5], [-2, -4], [-2, 0], [-5, 1], [-4, 5], [-3, 6], [-3, 12], [-2, 12], [-1, 17], [-3, 16], [-2, 10], [0, 13], [-1, 8], [-2, 3], [-7, 7], [-5, 6], [-3, 3], [-2, 4], [-2, 6], [-2, 0], [-9, 5], [-5, 1], [-9, -3], [-10, -3], [-5, -2], [-7, -4], [-12, -6], [-13, -9], [-14, -9], [-11, -13], [-11, -12], [-2, -5], [-2, -3], [-2, -2], [-5, -3], [-1, 0], [-1, -1], [-5, -11], [-5, -6], [-5, -10], [-6, -13], [-5, -11], [-2, -7], [-4, -9], [-1, -5], [-6, -17], [-6, -16], [-2, -5], [-3, -6], [-4, -6], [-2, -2], [-4, -6], [-3, -7], [-6, -11], [-2, -4], [-11, -20], [-3, -8], [-7, -16], [-3, -5], [-4, -9], [-2, -6], [-3, -7], [-5, -11], [-4, -13], [-7, -20], [-3, -9], [-8, -26], [0, -3], [-2, -9], [-3, -7], [-3, -5], [-1, -5], [-7, -29], [-3, -12], [-1, -6], [-3, -9], [-3, -5], [-3, -12], [-2, -16], [-4, -14], [-1, -7], [-1, -17], [-3, -10], [-2, -6], [0, -5], [-1, -12], [-1, -7], [-6, -19], [-3, -16], [-1, -18], [-3, -22], [-3, -25], [-2, -20], [-1, -13], [-2, -12], [-3, -35], [-4, -47], [-2, -13], [0, -16], [-2, -8], [-1, -10], [-3, -18], [0, -9], [-1, -9], [-2, -11], [0, -17], [-1, -11], [0, -9], [1, -14], [0, -11], [-1, -7], [1, -10], [0, -20], [-1, -10], [-1, -8], [-2, -6], [-2, -11], [-4, -6], [-3, -5], [-3, -1], [-3, 0], [-3, 2], [-3, 4], [-4, 10], [-2, 8], [-2, 18], [0, 17], [-5, 10], [-3, 7], [-3, 10], [-3, 14], [-1, 10], [-4, 3], [-6, 6], [-6, 5], [-6, 3], [-6, 2], [-4, 0], [-9, -2], [-5, 0], [-8, 1], [-3, -1], [-3, -2], [-5, -1], [-5, -3], [-6, -2], [-4, -4], [-4, -1], [-1, -2], [-7, -7], [-14, -16], [-11, -15], [-3, -5]], [[17323, 65784], [0, -1], [-12, 1], [-36, 0], [-6, -1], [-77, 0], [-10, -1], [-26, 0], [0, -1], [-29, 0], [-23, 1], [-7, -1], [-10, 1], [-1, -1], [-52, 0], [-37, -1], [-30, 0], [-21, -1], [-16, 0], [-37, -2], [-17, -1], [-13, -1], [-9, -1], [-13, 1], [-41, 0], [-9, 1], [-112, 0], [-11, 1], [-7, 1], [-15, 1], [-71, 0], [-12, 1], [-10, 1], [-27, 0], [-17, -1], [-11, -1], [-3, -1]], [[15289, 65782], [-3, 5], [-2, 9], [-1, 7], [-1, 2], [-3, 4], [-3, 9], [-1, 7], [-2, 8], [-1, 9], [-2, 4], [-2, 7], [-1, 5], [-2, 13], [-1, 12], [0, 15], [-2, 10], [0, 13], [-1, 3], [-1, 13], [-1, 21], [1, 14], [0, 3], [-2, 14], [-1, 4], [-2, 9], [-2, 2], [-1, 6], [-3, 10], [-2, 19], [-1, 11], [-1, 17], [0, 7], [1, 21], [1, 12], [-1, 6], [-2, 8], [-1, 7], [0, 34], [1, 9], [1, 6], [-1, 4], [-2, 12], [0, 6], [-1, 9], [0, 13], [1, 12], [1, 11], [-3, 4], [-3, 1], [-3, 6], [-2, 3], [-2, 8], [-2, 4], [-1, 9], [-1, 7], [-1, 4], [-2, 9], [-1, 13], [0, 20], [1, 7], [1, 11], [2, 8], [2, 7], [1, 0], [6, 10], [1, 3], [1, 9], [1, 6], [3, 13], [3, 9], [3, 5], [3, 4], [1, 2], [-2, 12], [-2, 13], [0, 20], [1, 9], [0, 5], [1, 8], [0, 5], [-5, 1], [-5, 5], [-3, 6], [-3, 8], [-2, 9], [-1, 6], [-1, 14], [-1, 9], [0, 9], [1, 13], [-2, 5], [-3, 6], [-1, 5], [-4, 17], [-1, 9], [-5, -4], [-2, 0], [-3, 2], [-3, -2], [-3, 0], [-3, 1], [-3, 4], [-4, 6], [-1, 5], [-3, 10], [-2, 16], [-1, 11], [0, 17], [1, 9], [1, 8], [1, 6], [3, 9], [0, 6], [1, 6], [2, 13], [3, 13], [1, 4], [1, 12], [2, 13], [2, 7], [3, 8], [1, 3], [1, 7], [1, 11], [3, 13], [4, 13], [5, 9], [1, 9], [1, 3], [2, 15], [1, 7], [3, 22], [4, 34], [-1, 0], [2, 19], [3, 27], [2, 24], [1, 9], [-1, 6], [0, 14], [-2, 10], [0, 36], [1, 10], [2, 11], [1, 6], [2, 6], [4, 7], [0, 7], [1, 6], [0, 10], [1, 13], [2, 12], [-1, 9], [-1, 13], [1, 11], [-1, 10], [1, 9], [1, 14], [1, 5], [2, 8], [-2, 7], [-4, 16], [0, 48], [1, 11], [3, 13], [4, 9], [2, 17], [1, 3], [1, 7], [2, 5], [5, 9], [4, 4], [2, 3], [2, 4], [1, 12], [4, 25], [2, 13], [1, 10], [1, 9], [1, 3], [4, 41], [2, 23], [2, 16], [3, 40], [2, 21], [3, 45], [2, 27], [-2, 14], [0, 15], [1, 13], [1, 7], [2, 8], [2, 5], [3, 55], [2, 32], [2, 40], [3, 61], [0, 14], [4, 91], [1, 31], [1, 23], [-1, 4], [-1, 12], [0, 13], [3, 18], [0, 26], [1, 13], [1, 18], [0, 9], [-1, 10], [0, 46], [2, 16], [1, 6], [0, 5], [1, 9], [-1, 11], [0, 11], [1, 4], [0, 33], [1, 5], [-1, 6], [0, 25], [-1, 15], [1, 15], [-1, 5], [1, 10], [1, 11], [0, 12], [1, 13], [1, 8], [3, 47], [1, 11], [1, 25], [0, 18], [1, 50], [-1, 10], [-2, 18], [0, 28], [1, 12], [1, 9], [3, 11], [0, 7], [1, 20], [1, 16], [1, 7], [-2, 11], [-2, 12], [-1, 11], [1, 9], [0, 5], [1, 8], [2, 11], [-3, 16], [-1, 10], [0, 21], [1, 10], [0, 7], [1, 4], [1, 8], [1, 5], [0, 8], [-2, 8], [-1, 13], [0, 10], [1, 15], [0, 42], [1, 11], [1, 10], [-1, 11], [0, 20], [1, 7], [1, 6], [1, 7], [4, 13], [1, 10], [4, 64], [0, 18], [1, 7], [1, 17], [0, 12], [1, 6], [0, 21], [1, 3], [-2, 11], [-1, 10], [0, 23], [1, 16], [1, 18], [2, 19], [2, 16], [2, 9], [3, 20], [2, 19], [0, 18], [1, 11], [0, 16], [-2, 9], [0, 5], [-1, 8], [-1, 9], [0, 19], [1, 9], [3, 14], [1, 16], [0, 30], [-1, 13], [-4, 13], [-4, 15], [-1, 15], [0, 14], [1, 16], [2, 13], [2, 9], [2, 5], [3, 6], [0, 18], [1, 16], [1, 10], [-2, 5], [-3, 11], [-2, 7], [-1, 11], [0, 19], [1, 15], [1, 9], [0, 16], [1, 14], [2, 11], [2, 8], [3, 8], [0, 10], [-3, 30], [1, 10], [1, 14], [0, 11], [1, 12], [2, 14], [0, 2], [1, 7], [0, 33], [1, 14], [0, 5], [1, 36], [-3, 6], [-1, 8], [-2, 1], [-4, 8], [-4, 14], [-2, 12], [-1, 15], [0, 11], [1, 8], [1, 12], [3, 9], [-1, 11], [0, 11], [1, 12], [4, 17], [-1, 9], [0, 44], [-1, 4], [-3, 4], [-3, 5], [-4, 12], [-1, 9], [-2, 11], [0, 21], [1, 8], [1, 11], [4, 16], [2, 5], [3, 6], [4, 3], [4, 16], [1, 5], [2, 4], [1, 3], [1, 9], [1, 11], [-1, 27], [0, 8], [-1, 29], [-1, 3], [0, 9], [-3, 28], [-1, 9], [0, 4], [-2, 8], [-2, 19], [-1, 6], [-1, 9], [-3, 12], [-1, 6], [-1, 5], [-6, 5], [-6, 9], [-4, 8], [-3, 11], [-1, 5], [-2, 14], [-3, 30], [-1, 8]], [[26430, 57635], [20, 0], [4, -1], [30, 0], [15, -1], [32, 0], [6, 1], [9, -1], [26, 0], [1, 1], [16, 0], [20, -1], [17, 0], [0, 6], [18, 0], [15, 1], [5, 0], [30, 2], [6, 1], [14, 1], [17, 2], [36, 4], [1, -1]], [[27100, 55721], [-1, -9], [0, -2], [3, -6], [0, -5], [-1, -2], [0, -2], [2, 2], [0, 6], [1, 4], [0, 7], [1, -6], [0, -9], [1, -2], [1, 2], [1, -2], [-1, -5], [0, -2], [2, 3], [1, -2], [0, -4], [-1, -3], [1, -9], [1, 5], [2, 8], [1, 0], [1, -7], [-1, -4], [1, -2], [1, 5], [1, 4], [2, -3], [1, -3], [-1, -5], [0, -4], [-1, -1], [0, 4], [-2, -1], [-1, -2], [0, -11], [1, -3], [2, -2], [2, 1], [0, -6], [2, -6], [1, 2], [0, -1], [-1, -4], [1, -10], [1, 2], [1, -2], [-2, -5], [-1, 2], [0, 3], [-1, 1], [-1, 4], [-1, 0], [0, -3], [1, -7], [1, -2], [0, -3], [-1, -2], [-1, 1], [-1, -3], [0, -3], [1, -3], [1, -4], [2, -4], [2, -6], [1, -5], [1, -2], [4, -6], [0, -9], [1, -4], [2, 0], [2, -3], [2, 0], [1, 2], [1, 5], [-1, 6], [1, 3], [1, -1], [1, -6], [1, -4], [0, -7], [2, -8], [0, -7], [-1, -5], [-1, -2], [-1, -4], [1, -5], [0, -3], [-2, 4], [0, -1], [2, -9], [-1, -5], [1, -3], [1, -8], [1, -3], [2, -9], [1, -3], [1, -5], [1, -2], [3, -7], [2, -8], [3, -6], [2, -6], [2, 0], [3, -4], [2, -2], [2, -4], [4, -5], [3, -11], [3, -1], [1, 1], [4, 1], [1, 1], [1, -3], [1, -5], [-1, -6], [0, -4], [1, 2], [2, 6], [1, -9], [-1, -3], [-1, -2], [1, -3], [1, 0], [1, -4], [0, 5], [3, -6], [0, -4], [1, 1], [1, -2], [-1, -3], [1, 0], [0, -2], [-1, -1], [1, -2], [1, 2], [0, -5], [2, -1], [1, 3], [-1, 1]], [[27198, 55390], [-1, 3], [1, 0], [0, -5]], [[27416, 54157], [-1, -12], [0, -12], [-1, -13], [-2, -13], [-2, -8], [-3, -7], [-1, -7], [-3, -9], [-2, -3], [-5, -15], [-2, -14], [-4, -21], [-4, -18], [0, -5], [-2, -10], [-2, -8], [-2, -6], [-2, -2], [0, -6], [-1, -10], [-2, -9], [-3, -10], [-3, -7], [-3, -3], [-3, -2], [0, -12], [-1, -8], [-2, -10], [-3, -10], [-1, -2], [0, -16], [-1, -5], [-4, -18], [-3, -10], [-9, -6], [2, -11], [0, -19], [-2, -27], [-2, -10], [-1, -17], [1, -20], [-2, -19], [-2, -26], [-1, -25], [0, -14], [-1, -19], [0, -9], [-1, -7], [-3, -5], [0, -4], [-1, -10], [-1, -12], [-2, -11], [-3, -11], [-1, -3], [-4, -4], [-1, -12], [-1, -6], [-2, -10], [-1, -6], [0, -6], [-1, -12], [0, -4], [-3, -15], [-4, -12], [3, -11], [1, -7], [1, -9], [1, -7], [0, -8], [-1, -10], [-1, -19], [-2, -11], [-1, -3], [1, -4], [0, -67], [-1, -18], [0, -5], [-3, -16], [-1, -5], [-1, -11], [-2, -15], [-1, -1], [0, -6], [-2, -13], [0, -6], [-3, -15], [-2, -8], [-4, -6], [-5, -2], [-2, 0], [-2, -1], [-1, 0], [-1, -4], [1, -11], [-1, -8], [2, -5], [0, -17], [1, -9], [0, -7], [-1, -4], [-2, -14], [-1, -8], [-3, -11], [-1, -4], [-3, -5], [-3, -4], [-3, -1], [-2, -26], [2, -22], [2, -2], [4, -9], [1, -2], [2, -7], [2, -12], [0, -33], [-2, -9], [-1, -7], [-2, -7], [-3, -7], [-3, -5], [0, -25], [-1, -25], [-1, -7], [-2, -18], [0, -4], [-1, -16], [0, -5], [-1, -6], [-2, -27], [-2, -14], [-1, -6], [-1, -2], [-1, -10], [-1, -12], [-1, -10], [0, -5], [2, -2], [5, -9], [2, -5], [2, -10], [1, -7], [1, -9], [1, -8], [0, -3], [1, -10]], [[25540, 52104], [-14, -12], [-16, -16], [-6, -7], [-9, -4], [-11, -5], [-9, -6], [-5, -5], [-10, -6], [-19, 0], [-14, 3], [-9, -2], [-4, -2], [-3, 0], [-2, 2], [-4, -5], [-2, -11], [-1, -5], [-4, -11], [-2, -5], [-3, -2], [-4, 0], [-4, 3], [-3, 6], [-2, 5], [-3, 11], [-3, 2], [-3, 3], [-2, 4], [-2, 5], [-1, 5], [-3, 9], [-2, 10], [0, 1], [-4, -1], [-4, -3], [-7, -4], [-10, -9], [-4, -4], [-4, -2], [-6, -2], [-3, 0], [-4, 2], [-6, 12], [-2, -11], [-1, -7], [-3, -11], [-2, -2], [-2, -6]], [[26073, 57630], [1, -38], [1, -8], [0, -13], [1, -27], [1, -13], [1, -19], [1, -26], [2, -41], [4, -87], [3, -61], [5, -85], [2, -42], [2, -54], [1, -20], [1, -8], [2, -48], [4, -68], [5, -105], [2, -27], [6, -123], [2, -47], [2, -39], [0, -12], [2, -49], [4, -81], [0, -3], [5, -106], [2, -39], [1, -22], [4, -90], [1, -14], [1, -22], [3, -56], [4, -87], [0, -2], [5, -102], [0, -7], [3, -54], [2, -49], [1, -24], [4, -82], [5, -110], [1, -20], [0, -10], [2, -52], [2, -34], [2, -51], [7, -129], [2, -44], [1, -20], [1, -31], [2, -34], [1, -22], [0, -12], [2, -7], [2, -2], [2, 5], [1, -2], [1, -9], [1, -3], [-1, -5], [-3, -6], [-1, -9], [1, -6], [0, -12], [1, -9], [2, -7], [1, -5], [1, -2], [2, -1], [0, -7], [2, -1], [0, -3], [1, -3], [1, 0], [1, -6], [0, -3], [-2, -2], [-2, 2], [0, -5], [-1, -4], [0, -14], [2, -8], [2, -3], [1, 0], [2, -3], [1, -4], [0, -4], [-2, -12], [-1, -7], [0, -4], [1, -3], [0, -4], [1, -12], [0, -12], [1, -3], [3, -5], [1, -5], [1, -7], [0, -5], [1, -5], [1, -3], [-1, -3], [-2, -4], [-2, -8], [0, -3], [1, -3], [1, -6], [2, -1], [1, 1], [1, 2], [0, -3], [-1, -6], [-1, -2], [0, -2], [1, -6], [1, -4], [0, -5], [1, -2], [0, -7], [1, -8], [1, -7], [1, -9], [1, -5], [1, -1], [1, -5], [0, -4], [2, -7], [2, -4], [0, -7], [1, 1], [2, -5], [0, -7], [1, -2], [1, 1], [1, -2], [0, -4], [1, -6], [1, -4], [0, -6], [2, -2], [1, -2], [0, -5], [1, -4], [0, -7], [1, -3], [-1, -2], [1, -4], [0, -5], [1, -13], [0, -12], [-1, -8], [0, -8], [1, -10], [0, -3], [3, -6], [3, -3], [2, -9], [0, -14], [-2, -8], [-2, -4], [0, -14], [1, -4], [2, -5], [0, -3], [-3, 0], [-1, 2], [-1, -2], [0, -11], [3, -1], [1, -2], [0, -3], [-1, -2], [-2, 0], [-1, -2], [0, -5], [1, -3], [0, -3], [-3, -10], [-2, -7], [-1, -3], [-1, -10], [0, -10], [2, -7], [9, -12], [3, -5], [2, -3], [3, -3], [2, -5], [2, -13], [2, -4], [2, -8], [2, -3], [2, -7], [1, -3], [1, -5], [0, -4], [-2, 2], [-1, -1], [-1, -5], [0, -4], [-1, -2], [-3, 0], [-1, 2], [-1, -1], [1, -6], [1, -1], [1, 3], [1, -4], [-1, -8], [-2, -3], [0, -10], [-1, -4], [-1, -3], [-3, -1], [-6, 0], [-2, 1], [-1, -2], [-2, -7], [0, -4], [1, -5], [3, 0], [1, -2], [0, -4], [-1, -3], [-3, -5], [-1, -2], [-6, -8], [-2, -1], [-1, -3], [-1, -7], [-3, -9], [-2, -10], [-2, -7], [-1, -8], [-2, -6], [-1, -2], [-2, -6], [2, -22], [0, -10], [2, -11], [1, -8], [0, -3], [-3, -6], [0, -15], [-1, -9], [1, -7], [-1, -8], [0, -5], [1, -6], [0, -2], [-1, -3], [1, -6], [2, -6], [0, -2], [-2, -1], [0, -11], [-2, -8], [-2, -13], [0, -17], [1, -4], [0, -4], [-2, -8], [-3, -2], [-1, -2], [0, -4], [1, -3], [0, -12], [1, -5], [-1, -3], [-1, -4], [-1, -7], [-2, -2], [-1, -3], [0, -8], [-3, -6], [0, -2], [1, -3], [0, -4], [-1, -1], [1, -7], [-1, -4], [-1, -1], [-5, 0], [0, -2], [1, -10], [0, -7], [-2, -16], [-1, -6], [1, -8], [0, -6], [-1, -7], [1, -9], [2, -5], [-1, -3], [1, -7], [0, -4], [-1, -9], [1, -15], [-1, -3], [-1, -5], [-1, -6], [1, -6], [3, -10], [0, -5], [-1, -6], [0, -2], [2, -17], [1, -14], [0, -3], [-1, -6], [-1, -8], [0, -24], [1, -6], [3, -5], [1, -11], [1, -4], [1, -5], [3, -11], [1, -2], [2, -2], [1, -6], [-2, -1], [-1, -11], [0, -3], [2, -1], [2, -9], [2, -5], [2, -4], [0, -8], [-1, -4], [0, -4], [2, -3], [0, -5], [-1, -9], [0, -11], [1, -6], [0, -3], [-1, -6], [2, -10], [0, -7], [2, -9], [0, -3], [1, -8], [-1, -5], [-1, -8], [0, -5], [1, -3], [0, -5], [-1, -3], [-1, -9], [-1, -4], [-1, -11], [-1, -7], [-1, -4], [-2, -18], [1, -11], [0, -7], [1, -7], [0, -21], [-1, -2], [-1, 2], [0, -2], [-1, -4], [0, -9], [-1, -5], [1, -13], [0, -4], [-1, -5], [-1, -10], [0, -4], [-1, -10], [-1, -9], [0, -12], [1, -1], [0, -15], [-1, -5], [2, -11], [0, -10], [-1, -8], [0, -8], [-1, -12], [-1, -5], [-1, -6], [-3, -3], [-1, -2], [-1, -5], [1, -3], [0, -18], [1, -5], [1, -8], [0, -6], [1, -8], [1, -2], [0, -25], [-2, -10], [-1, -8], [0, -12], [2, 0], [1, -7], [0, -2], [-1, -14], [3, -7], [2, 0], [2, -2], [2, -10], [0, -2], [2, -6], [0, -13], [2, -7], [0, -3], [1, -4], [0, -1], [2, -6], [2, -4], [0, -7], [2, -9], [1, -15], [-1, -10], [1, -6], [1, -4], [1, -8], [2, -4], [0, -3], [1, -12], [0, -12], [1, -8], [0, -8], [2, -6], [-1, -6], [0, -9]], [[18152, 59973], [0, 26], [-1, 61], [0, 786], [1, 17], [0, 150], [-1, 68], [0, 117], [1, 50], [0, 125], [-1, 37], [1, 22], [0, 159], [-1, 37], [1, 53], [-1, 30], [1, 33], [0, 1948], [1, 49], [0, 642], [1, 85], [0, 1308]], [[26767, 65736], [11, -98], [1, -12], [19, -39], [70, -140], [6, -14], [13, -26], [16, 1], [63, 0], [18, 36], [23, 45], [2, 4], [33, 64], [35, 68], [6, 13], [29, 56], [34, 68], [12, 22], [6, 0], [17, 35], [0, -1], [20, 43], [16, 35], [17, 33], [17, 34], [35, 72], [16, 11], [23, 13], [23, 15], [2, 0], [4, 3], [1, 0], [6, 4], [10, 6], [19, 13], [23, 15], [12, 7], [12, 8], [10, 7], [13, 8], [5, 4], [24, 15]], [[21228, 59392], [0, 581]], [[27167, 59494], [-1, -3], [1, -5], [-1, -3], [1, -5], [0, -5], [-1, -2], [-2, -1], [-1, 1], [0, -19], [-1, -2], [0, -3], [-1, -4], [-1, -5], [0, -4], [-2, -1], [0, -14], [1, -3], [2, -18], [0, -4], [-1, -4], [1, -3], [0, -24], [1, -3], [-1, -4], [1, -2], [-1, -4], [-1, 0], [-2, -3], [0, -3], [-2, -2], [0, -12], [-1, -2], [1, -5], [0, -5], [-2, -4], [1, -5], [-1, -8], [-1, -3], [-1, -5], [-1, -1], [0, -2], [-1, 1], [-1, -1], [0, -12], [1, -2], [-1, -6], [2, -1], [1, -4], [0, -7], [-1, -3], [0, -3], [1, -7], [1, -6], [0, -4], [1, -3], [0, -13], [1, -4], [1, -2], [2, 0], [1, -5], [-1, -8], [-3, 1], [0, 3], [-5, 5], [-1, -4], [-1, -2], [-3, -1], [-1, 3], [-1, 1], [-1, -2], [-1, 4], [-1, 2], [-2, 5], [-2, -1], [-1, 2], [0, 8], [-1, 4], [0, 3], [-1, -4], [-1, -1], [0, -3], [-2, -2], [0, -1], [-3, -2], [0, -2], [-2, 0], [-2, -3], [-2, -4], [-2, -5], [-1, -3], [-1, 1], [-1, -5], [-2, -4], [0, -3], [-3, -10], [0, -3], [-2, -4], [-1, -3], [-2, -3], [-1, 0], [-3, -6], [-8, -53], [-3, -16], [-4, -20], [-8, -52], [-10, -58], [-1, -8], [-1, -4], [-3, 6], [-2, 1], [-1, -2], [0, -4], [-2, -10], [-1, 0], [-1, -4], [-3, -3], [0, -4], [-1, 3], [-4, 0], [-2, 3], [-1, -1], [-2, -4], [-1, 1], [-2, -1], [-1, 1], [0, 8], [-2, 9], [1, 4], [0, 7], [-2, 9], [0, 9], [-1, 4], [-1, 2], [-2, -1], [-1, -3], [0, 1], [-2, -2], [0, 2], [-1, -1], [-2, -4], [-1, 1], [-2, 9], [-1, -3], [-2, 5], [0, 4], [-2, 1], [-2, 2], [-1, -2], [-1, 0], [-1, -7], [-4, -16], [-1, 0], [-1, -7], [-1, 1], [-1, 4], [-2, -3], [-1, -4], [0, -3], [-1, 0], [-1, 3], [-2, -1], [-3, 8], [-2, -2], [-3, -9], [-2, -3], [-2, -5], [0, 1], [-1, -3], [-2, 0], [-1, -4], [-2, 2], [-1, -1], [-1, 2], [-1, -2], [-2, -7], [-1, -2], [-3, -1], [-1, -4], [0, -4], [-1, 0], [-2, -3], [-3, -9], [-2, -8], [-15, -87], [-2, -5], [-2, -6], [-1, 0], [-1, -6], [-1, -3], [-4, -10], [0, 1], [-1, -6], [-1, 0], [-1, -2], [-1, 0], [-2, -2], [0, -3], [-2, 1], [-2, -3], [-1, -1], [-1, -4], [-1, -2], [-3, -11], [-1, 2], [-1, 0], [-1, 2], [-2, 1], [0, 6], [-1, 2], [-3, 1], [-2, -2], [-3, 3], [0, 14], [1, 6], [0, 9], [-2, 2], [-1, 8], [1, 5], [1, 4], [1, 2], [-1, 1], [1, 6], [1, 2], [0, 6], [1, 5], [2, 5], [0, 5], [-1, 1], [-2, -1], [0, 3], [-3, 9], [-1, 1], [0, 10], [-2, 2], [0, 3], [-2, 5], [0, 2], [-2, 0], [-2, -4], [-1, -4], [-2, -3], [-1, 1], [-2, -5], [-1, 0], [-1, -5], [-1, 0], [-2, -4], [0, -4], [-1, -4], [-4, -5], [0, -2], [-2, -3], [-1, -2], [0, -5], [-3, -7], [-2, 0], [-1, -3], [-1, -1], [-2, -5], [-1, -2], [0, -3], [-1, -2], [-3, 1], [-2, -5], [-1, 0], [-1, -4], [0, -6], [-2, -4], [0, -12], [1, -5], [2, 0], [0, -2], [-1, -7], [-1, -1], [-1, -4], [-1, -11], [-1, -2], [-1, -5], [-1, -2], [-1, -7], [-1, -1], [1, -10], [0, -2], [-2, -1], [-1, -3], [-2, -3], [-1, 7], [0, 3], [-1, 3], [-1, 0], [0, 3], [-2, 3], [-2, 10], [-1, 1], [-1, 2], [-2, -2], [-2, 4], [-2, 2], [-1, -3], [-3, -2], [-1, -4], [-1, 1], [-1, -9], [0, -10], [-1, -4], [-2, 2], [0, 2], [-2, 0], [-1, -2], [2, -4], [1, -9], [-1, -1], [1, -3], [1, -6], [0, -6], [2, -12], [-2, -8], [0, -2], [1, -4], [1, 1], [1, -3], [-1, -3], [0, -4], [-3, -4], [-3, -1], [0, -6], [1, -4], [-1, -4], [0, -6], [2, -11], [-1, -2], [-3, -1], [-1, -3], [0, -7], [-1, -6], [-2, 1], [-1, -2], [-1, -9], [-2, -16], [-1, -2], [0, -12], [-2, -1], [-2, -3], [-1, -5], [-1, -6], [-2, -2], [-1, -3], [-1, -1], [-1, 1], [-1, 6], [-2, 0], [-1, 4], [-1, -2], [-1, 3], [-4, 5], [-2, -2], [-1, 1], [-1, 4], [-3, -3], [-1, 0], [-2, 3], [-2, 0], [0, -3], [-2, -2], [-1, -5], [-1, -2], [-1, -4], [-1, -1], [-3, -5], [-2, -2], [0, -3], [-2, 2], [-2, -1], [-1, -3], [-2, 1], [-1, -2], [-3, 1], [-2, -6], [0, -6], [-1, -4], [0, -6], [-2, -2], [0, -2], [-2, -9], [0, -5], [-5, -6], [-2, 1], [-1, -2], [-1, 2], [-5, 0], [-2, 1], [0, -5], [-2, -3], [-2, -6], [1, -1], [0, -6], [-1, -4], [0, -14], [-1, -4], [-1, -2], [-1, 0], [-1, -2], [0, -4], [-1, -5], [-2, -1], [-1, -4], [-1, 0], [-1, -2], [0, -12], [-2, -6], [-4, -3], [-2, 10], [-3, 0], [-1, 3], [-1, -3], [-1, 1], [-1, -3], [-1, -1], [-2, -8], [0, -8], [-3, -7], [0, -4], [-1, 2], [-2, -3], [0, -2], [-3, -2], [-1, -6], [0, -4], [-1, -2], [-3, -3], [-2, -7], [-2, -1], [0, -3], [-3, -1], [-3, 2], [-1, 0], [0, -4], [-1, -2], [0, -3], [-1, -2], [-1, -6], [-1, -2], [-1, -3], [-2, -3], [-1, -6], [-1, -2], [0, -5], [-2, -13], [-2, -1], [-2, -5], [-2, -1], [-2, 1], [-2, 3], [-2, -1], [-2, 0], [-1, 2], [-3, -3], [-2, 2], [0, -1], [-2, 2], [-1, -2], [-1, 1], [-3, -3], [-1, 5], [-1, 2], [-1, 4], [-1, 3], [-1, 5], [-2, 1], [-3, -9], [-1, 1], [-2, -6], [-1, 3], [-1, -2], [-1, -3], [-1, 0], [-3, 3], [0, 2], [-2, -2], [-1, 1], [-2, 0], [-2, 1], [-1, -2], [-3, 0], [0, 2], [-2, -3], [-1, 1], [-2, -3], [-1, -2], [-1, 0], [-1, -2], [-2, 1], [-1, 0], [-1, 2], [-1, -3], [-1, 0], [-1, -3], [-2, 5], [-1, -2], [-2, -1], [-1, 0], [-1, -5], [-1, -1], [-1, -7], [-1, -1], [-1, -2], [-2, -3], [-1, -4], [-1, -1], [-2, -5], [0, -4], [-3, -7], [0, -2], [-2, -2], [-1, 1], [-3, -4], [-1, -1], [-1, -2], [-2, 3], [-4, -2], [-1, 1], [-2, -2], [-1, -4], [0, -3], [-1, -5], [-1, -4], [0, -3], [-1, -2], [-2, -5], [1, -2], [-1, -4], [-1, -3], [-1, -6], [0, -4], [-1, -5], [-2, -3], [-1, 1], [-4, -3], [-1, -5], [0, -3], [-1, 0], [-1, -4], [-1, -1], [-1, 3], [-1, 1], [0, -4], [-1, -4], [-1, -2], [-1, 0], [-1, -2], [0, -8], [-2, 2], [-1, -9], [-1, 0], [0, -1], [-1, 1], [-1, -6], [-1, -1], [0, -10], [-1, -3], [-3, -12], [-1, -2], [-2, 1], [1, -7], [0, -2], [1, -5], [1, -3], [0, -6], [1, -1], [1, -2], [-1, -6], [1, -7], [-1, -7], [1, -1], [-5, -20], [-4, -4], [0, -3], [1, -6], [0, -7], [1, -1], [1, -4], [-1, -5], [0, -5], [-1, -10], [0, -5], [2, -2], [0, -4], [2, -6], [-1, -6], [-1, -4], [-2, -5], [-1, -5], [0, -4], [-2, -7], [-1, -1], [-1, -4], [-1, -2], [-2, -2], [-1, -2], [-4, -4], [0, -6], [-1, -1], [-2, -5], [0, -2], [-1, -2], [-2, 1], [-1, 3], [-2, -2], [-1, 3], [-2, -3], [0, -9], [-1, -1], [-3, 6], [-2, 1], [-4, -1], [0, -3], [-2, 4], [-3, -7], [-3, -1], [-1, 5], [-2, -1], [0, 5], [-1, 9], [-2, 12], [-2, 3], [-1, -1], [0, 2], [-2, -2], [-1, -6], [-3, -11], [-2, -2], [-2, -7], [-1, -4], [-4, -9], [-2, -9], [-1, -2], [-1, 1], [-1, -43], [0, -4], [-1, -26], [-2, -44], [-2, -72], [-2, -73], [-1, -13]], [[26430, 57635], [-14, -1], [-173, 0], [-9, -1], [-16, 0], [-16, -1], [-9, 0], [-16, -1], [-1, 1], [-3, -1], [-12, 0], [-17, -2], [-3, 0], [-5, -1], [-25, 0], [-10, 1], [-28, 1]], [[26073, 57630], [-6, 1], [-35, 2], [-10, 1], [-24, 0], [-10, 1], [-27, 0], [-17, 1], [-26, 0], [-24, 1], [-1, 0], [-14, 1], [-27, 0], [-9, -1], [-2, 1], [-8, -1], [-29, 1], [-28, 0], [-9, 1], [-50, 0], [-6, 1], [-9, 1], [-19, 1], [-9, 1], [-5, 1], [-8, 0], [-11, 1], [-26, 2], [-24, 2], [-20, 1], [-8, 1], [-16, 0], [-11, 1], [-45, 0], [-13, 1], [-16, 0], [-5, 1], [-13, 0], [-5, 1], [-42, 0], [-29, 1], [-15, 1], [-13, 0], [1, -14]], [[19544, 64622], [-36, 0], [-10, 2], [-5, 0], [-5, -1], [-16, -1], [-26, -1], [-11, 0], [-19, -1], [-10, 0], [-21, -1], [-10, 1], [-26, -1], [-46, 0], [-8, -1], [-7, 1], [-23, -1], [-13, 0], [-24, -2], [-11, 0], [-14, -1], [-64, 0], [-12, 2], [-53, 0], [-19, 1], [-28, 0], [-21, 1], [-18, 0], [0, 1167]], [[20935, 66946], [0, -301], [1, -94], [-1, -13], [0, -205], [1, -114], [0, -135], [-1, -14], [0, -67], [1, -26], [-1, -41], [1, -17], [-1, -30], [1, -76], [0, -7], [-1, -29], [1, -42], [-1, -48], [0, -32], [1, -5], [-1, -110], [0, -74], [1, 0], [0, -61], [-1, -15], [0, -80], [1, -30], [0, -335], [-1, -33], [0, -289]], [[30214, 66800], [-1, -6], [-2, -10], [-1, -2], [1, -10], [0, -8], [2, -13], [1, -9], [0, -34], [-1, -9], [2, -11], [0, -6], [1, -6], [0, -10], [2, -11], [1, -7], [1, -14], [3, -9], [5, 6], [6, 9], [6, 3], [4, 0], [10, -7], [12, -11], [5, -20], [4, -30], [3, -35], [1, -18], [0, -13], [-3, -21], [-3, -15], [-3, -10], [-3, -17], [-6, -11], [-5, -9], [-4, -14], [-2, -11], [-3, -36], [-7, -80], [-3, -45], [-2, -20], [-9, -112], [1, -8], [0, -10], [1, -11], [2, -5], [4, -6], [4, -9], [2, -10], [1, -14], [0, -30], [-2, -14], [6, -25], [0, -3], [4, -19], [30, -8], [24, -7], [1, 0], [10, -4], [15, -4], [12, -4], [8, 14], [6, 5], [3, 2], [3, 0], [3, -2], [3, 3], [3, 1], [7, -4], [4, -4], [4, -3], [15, -23], [7, -16], [8, -21], [5, -16], [7, -35], [4, -25], [4, -18], [3, -16], [3, -23], [3, -20], [2, -23], [2, -18], [4, -52], [1, -10], [1, -17], [0, -8], [1, -6], [1, -11], [0, -30], [1, -21], [0, -17], [1, -26], [0, -34], [-1, -17], [0, -22], [-2, -19], [-1, -5], [-1, -9], [-2, -17], [-2, -6], [0, -9], [-2, -13], [-5, -20], [0, -6], [-1, -12], [-1, -3], [0, -10], [-1, -21], [-1, -14], [-2, -12], [-3, -11], [-3, -9], [-2, -5], [-6, -7], [-3, -1], [0, -4], [-4, -15], [-3, -6], [-5, -7], [-4, -2], [-5, 1], [-3, 3], [-5, 8], [-3, 11], [-3, 12], [-1, 11], [0, 31], [1, 8], [2, 9], [2, 7], [2, 6], [4, 7], [2, 2], [2, 16], [1, 9], [2, 5], [-1, 15], [-1, 9], [-2, 2], [-5, -5], [-4, -3], [-5, -6], [-3, -2], [-6, 1], [-3, -4], [-3, -3], [-5, -7], [-2, -4], [-4, -14], [-1, -4], [-5, -7], [-4, -4], [-3, -1], [-3, 1], [-3, 3], [-6, 11], [-6, -4], [-4, 1], [-5, -7], [-6, -6], [-3, -1], [-2, -12], [-6, -20], [-2, -8], [-4, -10], [-5, -8], [-5, -5], [-4, 0], [-3, -4], [1, -4], [1, -8], [2, -10], [1, -10], [0, -10], [4, 4], [3, 2], [5, 2], [3, -1], [4, -5], [4, -8], [4, -14], [2, -14], [1, -25], [0, -49], [3, -1], [5, 15], [4, 8], [4, 3], [4, -1], [2, -1], [6, 4], [4, 1], [5, -4], [3, -5], [4, -13], [1, -4], [2, -13], [1, -3], [3, 2], [7, -2], [4, -6], [3, -8], [3, 1], [2, 3], [3, 4], [3, 1], [3, 0], [-1, 7], [-3, 13], [-1, 18], [0, 11], [1, 15], [2, 13], [3, 13], [5, 8], [3, 6], [6, 1], [5, -3], [6, -8], [4, -15], [5, -14], [1, -7], [3, -19], [4, -24], [2, -10], [2, -14], [1, -8], [3, -17], [2, -8], [2, -14], [2, -17], [0, -36], [-1, -16], [-1, -9], [-3, -13], [-1, -7], [-4, -12], [-3, -7], [-4, -6], [-5, -7], [-7, -6], [-4, -1], [-4, 0], [-4, 1], [-3, 3], [-6, 1], [-10, -2], [-7, 6], [-7, 7], [-5, 4], [-11, 16], [-3, 5], [-3, 7], [-13, 16], [-3, 5], [-5, 16], [-6, 14], [-2, 4], [-4, -4], [-5, -3], [-6, 4], [-3, 5], [-2, -4], [-4, -6], [-4, -4], [-5, 0], [-4, 6], [-5, 11], [-5, 21], [-9, 2], [-14, 0], [-3, -1], [-5, -1], [-9, -2], [-8, -4], [-2, -4], [-3, -1], [-1, -5], [-2, -11], [-1, -6], [-1, -5], [-4, -7], [0, -11], [-1, -16], [-2, -12], [-1, -7], [-2, -4], [-3, -12], [-5, -6], [-6, -3], [-5, 3], [-7, 6], [-5, 11], [-3, 10], [-2, 11], [-1, 11], [-2, 19], [1, 10], [1, 11], [1, 9], [2, 8], [2, 6], [-2, 7], [-2, 8], [-4, 20], [0, 8], [-1, 14], [0, 18], [2, 10], [-6, -9], [-6, -10], [-5, -5], [-4, -1], [-2, 1], [-3, 2], [-3, 3], [-4, 9], [-3, 11], [-2, 10], [-1, 10], [-1, 11], [0, 9], [2, 10], [-6, 3], [-5, 10], [-4, 9], [-1, -2]], [[29917, 65793], [0, 18], [-29, 1], [-23, 3], [-23, 1], [-20, 3], [-20, 1], [-35, 1], [-4, 0], [-11, 1], [-19, 2], [-9, -1], [-10, 1], [-12, -5], [-3, -7], [-7, 1], [0, 7], [-9, 1], [-9, 3], [-7, 3], [-4, -1], [-12, 0], [0, -4], [1, -2], [0, -4], [-1, -4], [0, -4], [-2, 2], [0, -4], [1, -4], [-1, -3], [0, -4], [-1, -2], [0, -6], [-14, -6], [1, 45], [-17, 1], [-29, 1], [-16, 1], [-28, 4], [-27, 3], [-30, 4], [-24, 2], [-3, 0], [-14, -1]], [[29447, 65841], [-2, 0], [-3, 43], [6, 79], [6, 64], [3, 39], [9, 100], [10, 112], [7, 79], [8, 93], [10, 109], [8, 91]], [[29509, 66650], [41, -3], [27, -2], [4, -1], [23, -1], [32, -3], [17, -2], [8, -1], [34, -4], [23, -3], [16, -2]], [[27167, 59494], [8, 27], [-25, 1], [-9, 1], [-16, 1], [-5, 1], [-8, 0], [-14, 1], [-3, -25], [-32, 0], [-14, 1], [-7, -1], [-1, 1], [-13, -1], [-11, 2], [-27, 0], [-16, -1], [-16, 0], [-11, -1], [-4, 2], [-2, 0], [-5, -1], [-6, 0], [-27, -2], [-95, 0], [-11, 1], [-71, 0], [-5, 5], [-27, -1], [-35, -1], [-16, 1], [-18, 0], [-7, 3], [-8, 1]], [[28980, 61167], [-3, -17], [-3, -15], [-14, -75], [-1, -5], [-2, -15], [-3, -17], [-3, -25], [-2, -15], [-3, -14], [-2, -14], [-2, -8], [-7, -21], [-3, -6], [-3, -4], [-3, -2], [-6, 0], [-4, 4], [-1, 3], [-3, 5], [-2, 1], [-12, -58], [-1, -14], [-2, -8], [-1, -12], [-1, -10], [-3, -10], [-1, -12], [-1, -9], [-1, -7], [-1, -8], [-1, -6], [-3, -20], [1, -6], [-1, -11], [0, -9], [-1, -6], [-1, -8], [-2, -9], [-1, -5], [-2, -22], [1, -5], [2, -12], [1, -8], [0, -32], [-2, -13], [-2, -10], [-3, -12], [-6, -31], [-1, -7], [-1, -9], [-2, -10], [-2, -14], [0, -17], [-2, -22], [0, -12], [-4, -23], [-2, -6], [-5, -28], [1, -11], [-1, -25], [-4, -21], [-6, -13], [-4, -15], [-6, -28], [0, -7], [-4, -23], [-1, -5], [1, -12], [0, -21], [-3, -24], [-1, -4], [0, -13], [-2, -8], [-4, -23], [-5, -21], [-4, -14], [-2, -11], [-5, -6], [-4, -18], [-5, -18], [-4, -6], [-1, -8], [-5, -15], [-4, -63], [-1, -11], [-5, -61], [0, -2], [7, -111], [8, -113], [3, -35], [5, -40], [3, -29], [1, -11], [3, -23], [5, -73], [1, -13]], [[28804, 59451], [-16, -1], [-249, 0], [-19, 1], [-27, 1], [-1, -6], [1, -4], [-26, 1], [-40, 0], [-5, 3], [-6, -1], [-4, -2], [-15, 0], [-15, 1], [-17, -1], [-16, 0], [-15, 1], [-88, 0], [-23, -1], [-32, 0], [-13, -1], [-18, 0], [-11, 1], [-28, 0], [-33, -1], [-4, 0], [-23, -1], [-13, -2], [-31, 0], [-13, 1], [-149, 0], [-13, -1], [-7, 1], [-19, 0], [-5, -1], [-10, 1], [-13, 0], [-3, -1], [-24, 0], [-17, 1], [-34, 0], [-30, 1], [-80, 0], [-34, 1], [-14, 1], [-20, 3], [-23, 5], [-32, 6], [-17, 2], [-10, 1], [-10, 3], [-3, 1], [-7, 0], [-12, -2], [-7, 0], [-11, -2], [-10, 2], [-6, 1], [-10, 1], [0, 1], [-20, 0], [-3, 2], [-4, 0], [-4, 2], [-5, 0], [-7, 1], [-9, 2], [-5, 0], [-9, 2], [-2, 1], [-16, 1], [-8, 1], [-12, 2], [-13, -1], [-3, 0], [-6, 1], [-16, 2], [-4, 1], [-11, 2], [-7, 1], [-22, 7], [-21, 2]], [[28458, 62055], [0, 10], [1, 12], [0, 5], [-1, 7], [0, 4], [1, 5], [-1, 6], [-1, -3], [-1, 10], [2, -1], [1, 1], [1, 12], [0, 5], [-2, 10], [0, 9], [-2, 5], [0, -3], [-1, -2], [0, 7], [-1, 3], [-1, 2], [-2, 9], [0, 1], [-1, 11], [-1, 2], [-4, 2], [-2, 4], [-3, 8], [-1, 8], [-2, 9], [-1, 8]], [[24510, 67527], [0, -11], [1, -7], [-1, -4], [-1, -11], [-1, -7], [-2, -7], [-1, -5], [1, -5], [1, -6], [3, -13], [3, -11], [1, -6], [1, -8], [0, -27], [-2, -19], [-2, -6], [0, -3], [2, -15], [1, -5], [4, -1], [2, -2], [3, -6], [4, -7], [5, -6], [6, -12], [3, -7], [3, -13], [3, -12], [1, -7], [2, -13], [0, -16], [1, -1], [2, 0], [1, -3], [0, -10], [-1, -7], [-5, -17], [-8, -25], [-3, -7], [-1, -4], [0, -11], [-3, -16], [-1, -5], [-1, -7], [0, -8], [-1, -5], [-3, -11], [-1, -3], [-3, -4], [-1, -3], [-1, -6], [0, -12], [1, -16], [-1, -23], [0, -14], [-1, -5], [1, -8], [1, -27], [1, -9], [0, -11], [1, -6], [3, -29], [0, -18], [1, -6], [2, -9], [0, -8], [-1, -11], [0, -8], [1, -16], [0, -25], [2, -1], [5, -8], [1, -3], [1, -4], [3, -9], [1, -9], [0, -13], [1, -10], [1, -5], [0, -3], [-1, -16], [0, -5], [1, -2], [2, 1], [2, -2], [-1, -6], [1, -15], [0, -17], [2, -15], [0, -15], [3, -9], [-1, -4], [-1, -2], [0, -7], [2, 0], [1, -6], [0, -6], [1, -4], [1, 0], [1, 2], [1, 0], [2, -3], [1, -4], [0, -7], [1, -3], [3, -5], [2, 1], [4, -8], [2, -6], [2, -11], [2, -4], [2, -3], [4, -7], [3, -4], [1, 0], [4, 2], [3, -3], [2, -6], [2, -3], [3, -3], [7, -6], [5, -5], [3, -1], [7, -5], [3, -2], [2, -2], [3, -1], [3, -2], [3, -5], [2, 0], [8, -8], [3, -4], [1, -3], [1, -4], [1, -10], [2, -9], [1, -18], [1, -9], [2, -12], [5, -15], [0, -12], [2, -9], [3, -12], [0, -11], [2, -11], [0, -6], [-2, -8]], [[23243, 64139], [4, 9], [1, 4], [0, 8], [-1, 7], [-2, 6], [-2, 5], [-1, 3], [0, 18], [-1, 7], [-1, 6], [-2, 8], [-1, 5], [-2, 4], [-3, 3], [-2, 1], [-3, 2], [-2, 4], [-3, 8], [-1, 3], [0, 14], [-2, 11], [-1, 6], [-1, 2], [-4, 6], [-2, 4], [-1, 4], [-1, 13], [0, 5], [1, 7], [1, 10], [1, 5], [2, 5], [6, 8], [2, 5], [2, 14], [0, 9], [-2, 15], [-1, 7], [1, 10], [1, 9], [0, 11], [-1, 13], [-1, 9], [-1, 5], [0, 7], [1, 5], [2, 4], [4, 3], [2, 6], [1, 5], [1, 8], [0, 5], [-1, 8], [-1, 5], [-4, 10], [-1, 7], [-1, 13], [-1, 9], [1, 12], [2, 15], [1, 10], [-1, 6], [0, 4], [-1, 4], [-2, 5], [-4, 5], [-2, 5], [-1, 9], [-1, 5], [1, 10], [2, 9], [0, 15], [-1, 4], [-2, 5], [-1, 5], [-2, 5], [0, 10], [1, 8], [2, 7], [2, 6], [0, 15], [-1, 8], [0, 24], [-1, 4], [-2, 14], [-1, 5], [0, 22], [2, 7], [2, 2], [4, -3], [1, 1], [2, 3], [0, 12], [-1, 4], [-3, 5], [-3, 1], [-4, -1], [-5, -3], [-2, 0], [-3, 1], [-1, 2], [-1, 5], [-1, 6], [0, 9], [1, 8], [1, 5], [2, 9], [1, 10], [0, 9], [-2, 10], [-1, 11], [0, 11], [1, 6], [-3, 10], [0, 20], [2, 3], [4, 0], [1, -4], [0, -5], [-1, -10], [-2, -6], [3, -6], [3, 4], [4, 8], [1, 3], [1, 7], [0, 10], [-1, 7], [-1, 8], [-2, 4], [-2, 3], [-2, 1], [-4, -2], [-3, 2], [-4, 8], [-2, 5], [-2, 6], [-1, 6], [0, 8], [1, 4], [1, 2], [2, 2], [2, 3], [2, 12], [-1, 9], [-1, 10], [-1, 6], [0, 4], [1, 6], [1, 5], [1, 8], [0, 5], [-1, 9], [0, 11], [1, 5], [2, 8], [0, 10], [-1, 8], [-1, 3], [-2, 4], [-3, 2], [-3, -4], [-3, 1], [-2, 5], [-3, 3], [-2, 1], [-1, -1], [-2, 1], [-1, 2], [-2, 5], [-1, 6], [0, 10], [5, 12], [1, 6], [1, 8], [0, 11], [-2, 18], [-1, 5], [-3, 2], [-1, 0], [-1, -2], [-1, -4], [-1, -14], [-1, -7], [-1, -1], [1, -9], [-1, -5], [-1, -3], [-4, 2], [-1, 3], [-2, 7], [-1, 1], [-1, 6], [-2, 3], [-1, 1], [-3, 9], [-1, 13], [0, 8], [1, 7], [1, 5], [1, 6], [1, 8], [0, 11], [-1, 3], [-3, 5], [-2, 3], [-3, 10], [-1, 10], [0, 5], [1, 8], [4, 16], [1, 5], [1, 9], [-2, 16], [-3, 8], [-3, 10], [0, 14], [1, 4], [1, 6], [2, 2], [2, 0], [2, -2], [2, 0], [2, 3], [2, 5], [0, 6], [-2, 8], [-2, 6], [-4, 5], [-1, 6], [-1, 9], [1, 6], [1, 4], [4, 6], [1, 3], [1, 8], [0, 18], [2, 6], [1, 7], [1, 3], [0, 8], [-2, 9], [-2, 5], [-4, 3], [-2, 4], [-3, 9], [0, 9], [1, 10], [0, 5], [-1, 7], [-1, 3], [-1, 5], [-3, 4], [-2, 4], [-2, 9], [-1, 6], [0, 12], [-1, 5], [-2, 6], [-1, 7], [0, 4], [1, 4], [4, 6], [1, 2], [1, 5], [0, 7], [-2, 12], [0, 10], [2, 7], [2, 15], [0, 9], [-1, 2], [-3, 5], [-4, 2], [-3, -2], [-2, -3], [-2, 0], [-1, 2], [-1, 5], [0, 4], [2, 11], [0, 11], [-1, 2], [-2, 3], [-3, 0], [-3, -3], [-2, -11], [-2, -3], [-2, 2], [-1, 5], [0, 8], [1, 6], [3, 7], [1, 6], [0, 7], [-1, 6], [-2, 7], [-4, 1], [-2, -4], [-4, 4], [-1, 5], [0, 5], [-2, 18], [0, 9], [1, 12], [2, 13], [1, 8], [0, 9], [-1, 5], [-1, 6], [-2, 5], [-2, 3], [-3, 2], [-2, 2], [-1, 3], [-2, 7], [0, 5], [-1, 7], [-2, 5], [-3, 3], [-1, 4], [-2, 14], [-1, 8], [1, 10], [0, 12], [-1, 5], [-1, 6], [-1, 5], [1, 6], [3, 2], [2, 0], [2, 7], [1, 6], [1, 2], [0, 4], [-2, 7], [1, 12], [-1, 6], [0, 5], [-2, 6], [-1, 5], [-4, 9], [-1, 4], [-2, 7], [0, 5], [-1, 7], [0, 17], [-1, 9], [-3, 8], [-7, 14], [-1, 7], [-1, 9], [0, 8], [2, 21], [0, 6], [-1, 12], [-1, 8], [0, 6], [2, 11], [1, 3], [2, 8], [3, 11], [1, 6], [1, 10], [0, 18], [-1, 15], [-3, 11], [-2, 3], [-6, 3], [-5, 1], [-1, 1]], [[19545, 59971], [0, -4855], [-1, -19], [1, -32], [0, -169], [-1, -115], [0, -1396]], [[19544, 53385], [-11, 0], [-31, 2], [-200, 0], [-27, 1], [-39, 0], [-30, -1], [-37, -1], [-88, 0], [-38, 1], [-26, -1], [-37, -1], [-18, 24], [-31, 43], [-22, 28], [-24, 33], [-18, 24], [-21, 27], [-14, 20], [-31, 40], [-39, 52], [-34, 44], [-27, 36], [-20, 26], [-31, 40], [-17, 22], [-23, 30], [-5, 6], [-28, 37], [-34, 43], [-27, 35], [-21, 27], [-30, 38], [-24, 31], [-25, 31], [-15, 19], [-29, 38], [-37, 48], [-9, 13], [-7, 9], [-18, 24], [-28, 36], [-27, 35], [-35, 45], [-6, 9], [-16, 19], [-26, 34], [-37, 48], [-22, 28], [-14, 17], [-2, 3], [-17, 22], [-34, 43], [-31, 39], [-21, 27], [-24, 31], [-13, 15], [-9, 12], [0, 7], [-1, 9], [1, 1], [1, 0], [2, 2], [0, 7], [-2, 1], [0, 5], [-1, 4], [2, 7], [1, 6], [0, 4], [-1, 2], [0, 5], [1, 3], [3, 5], [0, 18], [-1, 0], [0, -2], [-2, -4], [-1, -5], [-1, 0], [-1, 1], [0, 11], [3, 4], [0, 10], [1, 8], [0, 5], [-1, 8], [-1, 2], [-1, 3], [0, 14], [1, 7], [2, 4], [1, -3], [1, -1], [1, 2], [1, 1], [1, 5], [0, 4], [3, 9], [2, 4], [0, 8], [1, 5], [2, 6], [1, 5], [0, 4], [1, 6], [0, 7], [2, 12], [1, 2], [1, 6], [0, 10], [2, 11], [1, 6]], [[17989, 57650], [-1, 8], [0, 22], [2, 14], [1, 6], [4, 12], [2, 8], [1, 5], [-1, 9], [-1, 5], [-1, 6], [-3, 6], [-6, 9], [-1, 5], [1, 5], [3, 14], [3, 4], [1, 1], [4, 0], [2, 1], [4, 4], [1, 4], [1, 7], [1, 5], [0, 6], [1, 21], [0, 24], [-1, 9], [0, 11], [-1, 7], [-1, 3], [0, 13], [-1, 11], [0, 15], [-1, 7], [0, 20], [-1, 5], [-1, 17], [-1, 8], [0, 9], [1, 26], [0, 6], [-2, 17], [-1, 21], [-4, 24], [0, 11], [-1, 11], [-1, 13], [-7, 21], [-1, 5], [0, 5], [-1, 6], [-1, 3], [0, 12], [-1, 6], [0, 9], [-2, 7], [0, 9], [-1, 10], [0, 3], [-1, 5], [0, 5], [1, 13], [0, 3], [2, 7], [2, 1], [0, 5], [2, 10], [-1, 6], [-1, 4], [0, 24], [-1, 5], [-1, 7], [-1, 4], [0, 3], [1, 3], [3, 5], [1, 10], [0, 18], [-1, 6], [-1, 4], [-1, 1], [-1, 7], [-1, 13], [-2, 6], [-2, 5], [0, 3], [-1, 17], [1, 7], [1, 8], [1, 5], [0, 4], [-6, 18], [-1, 8], [0, 4], [2, 18], [0, 32], [1, 2], [-1, 5], [-1, 7], [0, 9], [1, 16], [0, 3], [-2, 10], [-2, 7], [1, 6], [2, 6], [0, 7], [2, 10], [0, 4], [-2, 7], [0, 3], [-1, 4], [0, 8], [3, 2], [1, 5], [3, 5], [3, 2], [2, 5], [0, 5], [-2, 2], [-3, 12], [-4, 12], [0, 2], [-2, 5], [0, 6], [-2, 4], [0, 20], [-1, 5], [0, 2], [-5, 31], [1, 0], [-2, 7], [-1, 4], [-1, 7], [-1, 9], [1, 5], [1, 4], [-1, 13], [0, 12], [1, 3], [2, 7], [2, 6], [0, 6], [-1, 2], [-2, 5], [-2, 1], [0, 11], [2, 8], [-1, 5], [-1, 4], [-1, 10], [-1, 4], [-1, 7], [-1, 3], [0, 3], [2, 8], [0, 3], [3, 9], [1, 2], [4, 3], [3, 0], [2, 1], [3, 5], [2, -3], [1, -1], [1, 3], [1, 5], [2, 0], [1, 2], [1, 8], [1, 2], [4, 10], [1, 2], [2, 6], [2, -5], [1, -7], [1, -2], [2, 3], [3, 10], [4, 5], [1, 1], [2, 6], [3, 0], [2, 1], [2, -1], [1, 1], [1, 0], [2, -2], [1, -3], [1, 0], [3, 4], [2, -2], [2, -6], [0, -3], [-1, -4], [-1, -6], [0, -4], [1, -3], [2, -1], [4, 4], [1, 4], [3, 7], [2, 1], [1, -2], [2, -10], [1, -4], [1, -1], [3, 8], [3, 6], [1, 6], [2, 4], [2, 1], [1, -1], [3, -4], [3, -1], [1, 2], [1, -1], [2, -10], [1, -7], [4, -11], [2, -6], [0, -3], [1, -5], [2, -1], [1, -5], [1, -6], [1, -3], [3, -13], [1, -8], [-1, -7], [-2, -4], [0, -6], [1, -4], [3, 0], [2, -3], [0, -5], [4, -6], [1, 1], [1, -1], [1, -5], [-1, -5], [3, -15], [6, -12], [1, -1], [2, 2], [1, -1], [3, 2], [10, 10], [1, 3], [2, 1], [2, -1], [2, -4], [1, 1], [1, 4], [0, 7], [2, 4], [1, 8], [0, 21], [1, 8], [2, 8], [1, 12], [2, 10], [0, 2], [-1, 4], [-1, 3], [0, 10], [1, 6], [3, 4], [1, 0], [1, 2], [2, 13], [0, 6], [1, 6], [2, 9], [0, 8], [1, 6], [1, 10], [2, 9], [2, 11], [3, 5], [1, 1], [0, 217], [1, 68], [-1, 36], [0, 111], [-1, 49], [0, 153], [-1, 16], [1, 34], [-1, 71], [0, 61], [1, 72], [-1, 48], [1, 2]], [[18152, 59973], [96, 0], [20, -1], [120, 0], [31, 1], [159, 0], [8, 1], [373, 0], [24, 1], [72, 0], [18, 1], [32, 1], [38, 0], [6, -7], [114, 0], [24, 1], [29, 0], [22, -1], [46, 0], [24, 2], [115, 0], [22, -1]], [[23787, 51368], [-3, -1], [-3, 1], [-4, 4], [-2, 6], [-3, 8], [-2, 11], [-9, 4], [-35, 0], [-26, -34], [-35, -57], [0, 1], [-33, -55], [-2, 0], [-12, -19], [0, -1], [-22, -36], [-18, -33], [-17, -30], [-7, -17], [2, -5], [2, -9], [2, -15], [1, -10], [0, -17], [-1, -8], [0, -7], [-3, -16], [-1, -9], [-2, -10], [-3, -8], [-2, -5], [-3, -4], [-4, 0], [-6, 6], [-7, -27], [-3, -14], [-6, -18], [-19, -39], [-20, -45], [-14, -40], [-11, -24], [-24, -42], [0, -4], [-1, -2], [1, -6], [0, -11], [-2, -19], [-3, -19], [-3, -8], [-2, -7], [-4, -13], [-5, -20], [-7, -29], [-7, -27], [-13, -39], [-4, -9], [-6, -15], [-5, -15], [-2, -20], [-2, -9], [-2, -7], [-3, -6], [-4, -6], [-3, -5], [-8, -8], [-2, -1], [-5, 0], [-21, -47], [-2, -2], [-9, -16], [-26, -55], [-34, -74], [-8, -16], [-27, -49], [-35, -59], [0, 2], [-21, -39], [-1, 0], [-13, -25], [-5, -11], [-11, -20], [-4, -11], [-6, -13], [-5, -12], [-6, -15], [0, -9], [-2, -14], [-2, -6], [-3, -10], [-3, -7], [-3, -4], [-2, -2], [-2, -1], [-1, -7], [-1, -5], [-4, -12], [0, -2], [-1, -17], [-1, -6], [-1, -9], [-2, -8], [-2, -10], [-2, -8], [-4, -9], [-2, -4], [-2, -1], [-7, -11], [-8, -16], [-5, -9], [-7, -14], [-3, -5], [-6, -11], [-7, -18], [-4, -10], [-7, -17], [-6, -15], [-6, -17], [-7, -21], [-5, -14], [-13, -39], [-5, -14], [-5, -17], [-5, -19], [-5, -15], [-4, -15], [-8, -26], [-9, -35], [-9, -42], [-8, -38], [-6, -30], [-7, -84], [-2, -7], [-5, -12], [-1, -2], [-3, -2], [-3, -16], [-3, -17], [-1, -6], [-21, -127], [-11, -84], [-1, -7], [-9, -72], [-14, -126], [-2, -19], [-9, -114], [-2, -32], [-2, -38], [-1, -14], [-1, -11], [0, -19], [-1, -11], [0, -25], [-1, -27], [0, -18], [-1, -35], [0, -111], [1, -47], [1, -17], [0, -19], [1, -18], [2, -57], [1, -16], [2, -36], [3, -47], [9, -118], [2, -22], [5, -48], [0, -4], [2, -15], [1, -9], [0, -18], [3, -38], [2, -19], [3, -43], [5, -73], [3, -44], [8, -145], [1, -2], [1, -27], [1, -32], [1, -46], [1, -20], [0, -42], [3, -8], [1, -11], [2, -15], [0, -11], [-1, -10], [0, -7], [-1, -10], [-1, -5], [3, -90], [-14, -5], [-2, 0], [-1, -6], [-2, -3], [-1, 2], [0, 7], [1, 6], [-2, -2], [-2, 1], [-1, 4], [-1, 1], [0, -5], [-2, -2], [-1, -2], [0, -4], [-1, 1], [-1, 3], [-2, 0], [-1, 1], [0, 5], [-1, 1], [-2, -5], [-1, -3], [-1, 3], [-1, 0], [-1, -3], [-3, -3], [-1, -7], [-2, 0], [-2, 3], [-4, 2], [-1, 3], [-1, 5], [-1, 0], [-1, -5], [0, -2], [1, -5], [2, -2], [-1, -3], [1, -4], [1, -6], [-1, -1], [-2, 1], [-2, 0], [-1, -3], [-1, 3], [0, 1], [-1, -1], [0, -7], [-1, -3], [-1, -2], [0, 5], [-2, 2], [-1, -3], [-1, -7], [0, -7], [-1, 0], [-1, 2], [0, 7], [-1, -6], [-1, 2], [1, 8], [0, 1], [-2, -1], [-1, 3], [-1, 0], [0, -6], [-1, -7], [-2, -5], [-2, 0], [0, -6], [-1, -1], [-1, -2], [1, -3], [2, -3], [-1, -9], [1, -5], [0, -1], [2, 0], [0, -4], [-2, -1], [-2, -3], [-1, -2], [0, -3], [3, -1], [1, 2], [1, -3], [-1, -4], [1, -8], [0, 2], [-1, 1], [-2, -12], [-2, -3], [0, -3], [1, 1], [2, -1], [0, -4], [-1, 1], [-1, -1], [0, -12], [-3, 0], [-1, 5], [-1, -5], [-1, -3], [-1, 2], [-2, -2], [-1, 1], [0, 2], [2, 1], [0, 6], [1, 6], [-1, 2], [-1, -4], [0, -5], [-1, 1], [-1, 4], [1, 6], [0, 8], [-1, 0], [-1, -6], [0, -10], [1, -8], [-1, 1], [-2, -2], [-1, 1], [-3, 10], [-2, -2], [0, 1], [-1, 4], [1, 3], [-1, 2], [-2, -3], [0, 3], [1, 3], [1, 1], [0, 5], [1, 1], [0, 4], [-1, 4], [-1, 1], [-1, -6], [-1, 2], [1, 10], [0, 7], [-1, 0], [-2, -2], [-1, -8], [-1, 1], [-1, 4], [2, 5], [0, 4], [-1, 2], [-1, -7], [-3, -5], [0, 6], [-1, 1], [-1, -6], [-1, 1], [0, 21], [-2, -8], [-2, -4], [-2, -2], [-1, 1], [0, 14], [-2, 8], [-1, 1], [0, 5], [1, 6], [0, 4], [-1, 1], [-2, -2], [-1, 3], [2, 6], [0, 5], [-1, -8], [-1, 0], [0, 10], [-1, 3], [-1, 2], [-1, 0], [-1, -6], [0, -7], [-2, 0], [-1, 2], [1, 5], [-1, 2], [-2, 2], [-1, -3], [-1, 1], [0, 5], [3, 5], [1, 2], [1, 1], [0, 4], [-1, 5], [-1, 2], [0, -8], [-1, -5], [0, -1], [-1, 2], [0, 6], [-1, 7], [1, 6], [-1, 2], [-1, -1], [-1, 1], [-1, -2], [-1, -4], [-1, 0], [-2, 10], [0, 14], [-2, 2], [-1, 2], [0, 8], [-1, 2], [-2, -2], [-1, 2], [0, 7], [1, 1], [1, -1], [1, -5], [1, 2], [0, 2], [1, 6], [-1, 4], [-1, -6], [0, -2], [-1, 1], [0, 10], [-1, 0], [0, -5], [-1, -2], [-2, 5], [-2, 4], [0, 6], [2, -1], [1, 0], [0, 11], [-1, 5], [-1, 2], [-1, -4], [-1, -3], [1, -4], [-1, -2], [-1, 4], [-1, 1], [-2, -2], [0, 6], [1, 5], [1, 6], [-1, 5], [0, -1], [-1, -7], [0, -2], [-1, 1], [0, 5], [-2, -4], [1, -3], [0, -2], [-3, 0], [-1, 2], [-1, 5], [-1, -2], [0, -5], [1, -5], [0, -3], [-2, 5], [0, 8], [-1, 0], [-1, 6], [0, 2], [-1, -6], [0, -7], [-1, -1], [-2, -3], [1, 6], [-1, 3], [-2, 0], [-2, 1], [0, -4], [1, -1], [1, 1], [1, -2], [-1, -5], [-1, 1], [-1, -2], [-1, 2], [1, 4], [-1, 3], [-1, 1], [-2, -4], [0, 6], [-1, -1], [-2, -5], [-1, -1], [0, 20], [-1, 5], [-3, -2], [0, -6], [2, -4], [0, -2], [-1, -2], [-1, -4], [0, -1], [-1, 4], [-1, 2], [-1, -1], [-1, 2], [-1, 5], [-1, 4], [1, 5], [1, 0], [1, 2], [0, 2], [-1, 3], [-1, -1], [-1, 2], [0, 6], [-1, 1], [-2, -3], [0, -2], [-1, -7], [1, -3], [-1, -3], [-1, 2], [1, 6], [0, 3], [-1, 3], [-2, -1], [-1, -7], [-2, -4], [0, 6], [-2, 2], [-2, -1], [-2, 1], [-1, 0], [0, 20], [-1, -2], [-1, -14], [-1, 1], [-1, 5], [-1, 4], [-3, 2], [0, -7], [-1, -1], [-2, 1], [-1, -1], [-2, -4], [-1, 0], [-1, 2], [-3, -4], [0, 3], [-1, 8], [0, 1], [-1, -2], [0, -2], [1, -4], [0, -4], [-1, -3], [0, 1], [-1, 5], [-2, 3], [-1, 2], [-2, -1], [-2, -11], [-1, 1], [-2, 6], [-1, 1], [0, 10], [-2, -1], [-1, -2], [0, -4], [-1, -3], [-1, 8], [-2, -1], [-1, -3], [-1, -5], [0, 9], [-1, 1], [0, -5], [-2, -4], [0, 2], [-1, 6], [-1, 2], [0, -1], [-1, -5], [0, -3], [-1, -10], [0, -6], [-1, -5], [-2, 4], [-2, 0], [-2, 2], [-1, -2], [-2, -9], [-1, -1], [-1, 7], [1, 1], [1, 3], [1, 6], [-1, 6], [-1, 3], [0, 8], [-1, 5], [-1, 2], [-1, -2], [1, -3], [1, -2], [-2, -6], [-2, -2], [-1, 3], [-2, 8], [-5, -5], [-1, -2], [-1, 2], [0, 13], [-2, -5], [0, -8], [-1, -9], [-1, -6], [-1, -2], [-1, 3], [1, 5], [-1, 3], [-2, -6], [-1, 0], [0, 4], [1, 6], [0, 3], [-2, -2], [-1, 0], [-1, 10], [-1, 4], [-1, -1], [0, -9], [1, -3], [0, -4], [-1, 0], [-1, 4], [-1, 1], [-1, -2], [0, -11], [-1, 1], [-2, 4], [-1, 8], [-1, 4], [-1, 1], [-1, 2], [-1, 6], [-1, 2], [-2, -1], [-3, -2], [-1, -3], [-1, 0], [-1, 2], [0, 5], [-1, 3], [-3, 6], [0, 7], [-3, 8], [-2, 2], [-1, 5], [0, 2], [1, 1], [2, 0], [1, -2], [1, 2], [-1, 7], [2, 5], [0, 3], [-1, 0], [-1, -5], [-1, 0], [-5, 6], [-1, -2], [0, -2], [-1, -5], [0, -8], [1, -2], [0, -3], [-2, 0], [0, 4], [-1, 9], [-1, 3], [-1, 0], [-2, 4], [-1, 8], [-2, 14], [0, 3], [2, 1], [0, 3], [-2, 2], [-1, 4], [0, 4], [1, 3], [0, 9], [-1, 3], [-2, 1], [-1, -3], [0, -14], [-1, -1], [-2, 7], [0, 5], [1, 8], [-1, 3], [-1, 1], [-1, -4], [1, -8], [-1, -4], [-1, -1], [-1, 0], [-2, -1], [-2, 1], [-1, 9], [0, 3], [-2, 3], [-1, 5], [0, 6], [-1, 4], [-3, 0], [-1, 3], [-1, 5], [-2, 5], [-3, 5], [-1, 4], [1, 4], [1, 5], [0, 10], [-1, 6], [-2, 1], [-1, -3], [0, -5], [-1, -1], [0, 10], [-1, 1], [-3, -6], [-3, -1], [0, -7], [1, -6], [0, -9], [-2, 1], [1, 3], [0, 6], [-1, 3], [-1, 1], [-4, -5], [-1, 1], [0, 2], [1, 8], [1, 4], [-2, 2], [-1, 4], [-1, 0], [-2, -4], [0, -4], [-1, 1], [-1, 4], [1, 6], [1, 3], [-1, 4], [-1, -4], [0, -4], [-2, -4], [0, 2], [-1, 9], [-2, 12], [-3, 4], [0, -6], [1, -2], [1, 1], [1, -2], [0, -6], [-2, -4], [-1, -1], [-1, -6], [-1, -2], [0, 20], [-1, 0], [-2, -4], [0, -5], [-1, 2], [-1, 5], [-1, 4], [0, 4], [1, 2], [1, 3], [0, 3], [-2, 4], [-3, 1], [-1, -1], [-2, -4], [-1, 0], [-1, -8], [-1, 0], [0, 9], [-1, 6], [-1, 0], [0, -4], [-2, -4], [0, -10], [-1, -3], [-1, 0], [-2, -2], [-1, -3], [-2, -2], [-3, 0], [-1, 1], [-1, 4], [-1, 6], [0, 20], [-1, 2], [-2, 1], [-1, 0], [-2, 1], [-3, 4], [-2, 4], [0, 6], [2, 1], [2, -1], [1, 0], [0, 7], [-1, 4], [-1, 2], [-2, -3], [-1, 1], [-1, 9], [-2, 4], [-1, 1], [-1, -2], [-1, -3], [-1, -1], [-2, 3], [-1, 9], [0, 3], [1, 1], [2, -6], [1, 1], [1, 3], [0, 6], [-1, 4], [-1, 1], [-1, 5], [-1, 6], [0, 8], [-2, -2], [-2, -5], [-2, -1], [-1, 1], [-4, 5], [0, 2], [1, 5], [0, 2], [-2, 6], [-1, 10], [0, 10], [-2, 8], [-1, 3], [-1, -4], [-1, 0], [-1, 5], [-2, -1], [-1, -5], [-2, -5], [-1, -3], [-1, 0], [-1, 2], [-1, 4], [-1, 2], [-2, 0], [-2, -4], [-3, -2], [-3, -5], [-1, -3], [-1, 2], [-1, 5], [1, 8], [-1, 5], [-1, 2], [-2, -1], [-3, 9], [0, 15], [-1, 3], [-1, -2], [-1, -5], [0, -13], [-1, -7], [0, -2], [-3, 0], [-2, 8], [0, 3], [1, 5], [0, 8], [-1, 5], [-2, 4], [-2, 1], [-1, 2], [-2, -1], [-2, -9], [-1, -1], [-2, 1], [-1, 1], [-2, -1], [-1, 3], [-3, 15], [-2, 6], [-2, 1], [-2, -5], [-1, -3], [-2, -7], [-2, -4], [-2, 0], [-3, -1], [-1, 3], [-1, 10], [-2, 5], [-1, 6], [-2, 7], [-1, 4], [-1, 7], [0, 3], [2, 3], [1, 6], [0, 6], [1, 7], [0, 11], [1, 4], [1, 6], [0, 6], [-1, 5], [-3, 22], [-2, 8], [0, 2], [-2, 9], [0, 2], [-2, 8], [-2, 1], [-1, 1], [-1, 0], [-4, 5], [-2, 4], [-1, 1], [-1, 7], [0, 8], [1, 12], [-3, 71], [-1, 10], [-5, 31], [-3, 45], [0, 35], [-8, 25], [-1, 49], [-5, 32], [-2, 32], [-4, 17], [-4, 9], [-4, -1], [-2, 1], [-3, 17], [1, 5], [0, 7], [1, 19], [0, 7], [-2, 8], [-2, 3], [-3, 3], [-1, 0], [-3, 5], [-2, 0], [-3, 6], [-3, 12], [-1, 14], [0, 8], [1, 3], [3, 5], [1, 4], [0, 5], [-1, 2], [-2, 1], [0, 2], [-2, 6], [-3, 11], [-1, 12], [-2, 11], [-2, -1], [-2, -6], [-2, 1], [-2, 9], [-1, 4], [1, 10], [0, 8], [-1, 11], [-1, 6], [0, 16], [2, 6], [3, 8], [1, 14], [0, 5], [-2, 7], [-2, 6], [1, 4], [2, 11], [1, 7], [0, 14], [-3, 9], [0, 7], [1, 4], [1, 3], [1, 4], [1, 17], [0, 4], [-2, 30], [0, 6], [-3, 11], [0, 7], [1, 13], [0, 16], [-2, 9], [-1, 7], [-3, 5], [-1, 0], [-2, -6], [-2, -3], [-2, -1], [-1, 5], [-1, 6], [-1, 5], [1, 5], [1, 9], [1, 4], [0, 7], [-2, 11], [-2, 2], [-2, -1], [-1, -1], [-3, -1], [-2, 3], [-2, 8], [0, 5], [2, 8], [2, 1], [4, 10], [1, 3], [0, 4], [-1, 10], [0, 6], [1, 13], [2, 10], [1, 2], [1, 7], [-1, 6], [1, 8], [0, 7], [1, 17], [-1, 6], [0, 8], [-1, 12], [0, 18], [2, 15], [1, 6], [0, 8], [1, 3], [0, 11], [-2, 5], [-3, 9], [0, -2], [-1, 2], [-2, -2], [-1, 1], [-2, -3], [-2, -1], [-1, 3], [1, 13], [0, 16], [1, 13], [0, 11], [1, 10], [1, 5], [1, 8], [0, 5], [-1, 5], [-3, 4], [-1, 4], [0, 4], [-2, 10], [0, 5], [-1, 9], [0, 3], [-3, 6], [-1, 3], [-1, -1], [0, -5], [-1, -2], [-2, -1], [-3, -5], [-1, 2], [0, 3], [1, 2], [1, 4], [0, 8], [-2, 4], [-2, 8], [0, 7], [-1, 5], [-2, 3], [-2, -2], [-1, -2], [-1, 0], [-1, 7], [-1, 0], [-1, -4], [0, -3], [1, -3], [0, -2], [-1, -5], [-3, -3], [-3, 4], [-2, -1], [-1, 2], [0, 2], [-2, 4], [0, 4], [1, 4], [1, 5], [0, 5], [-1, 5], [-2, 4], [0, 1], [-2, -2], [-2, 3], [-1, 4], [0, 4], [-1, 1], [-2, -8], [0, -8], [-2, -1], [-2, 4], [-2, 10], [-1, 3], [0, 5], [-2, 14], [-2, 9], [-4, 16], [-2, 12], [0, 5], [-3, 12], [-1, 2], [-3, -4], [-2, 2], [-1, 4], [-2, 7], [-1, 20], [-1, 12], [-1, 6], [-1, 2], [-1, -11], [-1, -2], [-2, -2], [-2, 1], [-1, 5], [0, 6], [-1, 6], [-1, 10], [0, 6], [-1, 3], [-2, -1], [-3, 2], [-2, 3], [0, 7], [1, 5], [0, 13], [-1, 9], [1, 7], [0, 5], [-1, 5], [-1, 9], [-2, 5], [-2, 4], [0, 2], [-1, 6], [-1, 13], [0, 6], [1, 4], [2, 10], [0, 7], [-1, 9], [-1, 6], [-2, 3], [-3, 4], [-1, 5], [-1, 6], [0, 10], [-2, 2], [-1, 3], [-1, 11], [0, 5], [1, 9], [1, 7], [0, 15], [-2, 2], [-2, 0], [-1, 1], [-3, 0], [-3, 3], [-2, 4], [-2, 2], [-1, 2], [-2, 10], [-1, 11], [-2, 9], [0, 6], [-2, 17], [0, 17], [-1, 11], [0, 5], [-3, 8], [-3, 4], [-2, 3], [-2, 6], [0, 4], [-1, 7], [1, 10], [-1, 5], [-2, 5], [-1, 4], [-1, 7], [-2, 9], [-1, 13], [0, 5], [-1, 3], [-6, 8], [-3, 2], [-1, 3], [-2, 5], [-1, 2], [-2, 5], [-3, -1], [-2, 0], [-3, 5], [-1, 5], [0, 4], [-4, 7], [-3, 6], [-3, 0], [-1, 4], [0, 19], [-1, 19], [-1, 7], [-1, 3], [-3, 1], [0, -1], [-3, -1], [-2, 2], [-2, 5], [0, 5], [-2, 6], [-2, 7], [-1, 8], [-1, 6], [-4, 12], [0, 7], [2, 19], [0, 19], [-2, 7], [-2, 13], [-2, 5], [0, 5], [-2, 8], [0, 9], [-1, 5], [-2, 12], [-4, 15], [-1, 5], [-1, 14], [0, 3], [1, 6], [1, 4], [2, 21], [-1, 8], [0, 4], [-1, 10], [-2, 8], [-1, 3], [-1, 5], [-2, 7], [-1, 7], [0, 7], [1, 1], [2, 0], [3, 5], [2, 6], [1, 7], [0, 3], [-1, 2], [-2, 2], [-4, 2], [0, 3], [-5, 5], [0, -1], [-3, 3], [0, 2], [-2, 13], [0, 3], [-1, 2], [-2, 5], [-1, 12], [0, 13], [1, 4], [1, 6], [1, 11], [1, 6], [-1, 6], [-2, 4], [-1, 0], [-3, 5], [-2, 2], [-1, 3], [-1, 10], [0, 1], [-3, 1], [-1, 3], [0, 12], [1, 12], [0, 11], [-1, 3], [-4, -2], [-3, 7], [-1, 8], [-3, 4], [-2, 2], [-1, 3], [-1, 6], [-1, 18], [-1, 12], [0, 14], [1, 13], [0, 28], [-2, 2], [0, 12], [-2, 6], [-2, -2], [-1, 3], [0, 10], [1, 4], [-1, 4], [-1, 2], [-1, 6], [2, 8], [0, 14], [-1, 7], [-2, 3], [-1, 4], [0, 15], [-2, 4], [-3, 1], [-2, -4], [-1, 4], [-1, 7], [1, 5], [1, 11], [-3, 8], [-2, 5], [0, 15], [-2, 1], [-1, 2], [1, 5], [0, 3], [2, 1], [0, 4], [-1, 3], [-3, -3], [0, 13], [1, 3], [-1, 2], [-1, 0], [-1, -1], [-1, 2], [-1, 6], [-1, 2], [-1, -6], [-2, -2], [0, 2], [-1, 8], [-1, 1], [0, 5], [2, 0], [1, 4], [0, 4], [-3, 5], [-1, 7], [0, 4], [-2, 6], [0, 3], [1, 12], [0, 3], [-1, 4], [0, 3], [1, 3], [0, 29], [-1, 6], [1, 4], [-2, 18], [-1, 2], [-1, 16], [0, 10], [-1, 10], [1, 11], [-1, 19], [0, 3], [-1, 7], [-1, 11], [-1, 10], [-1, 7], [-1, 4], [-3, 6], [-5, 5], [-4, 11], [-1, 3], [-2, 8], [-1, 3], [1, 6], [-1, 5], [-2, 4], [-3, 2], [-1, 5], [0, 5], [-1, 2], [-1, 0], [-1, 3], [-1, 5], [0, 2], [2, 8], [1, 5], [0, 11], [-1, 4], [-2, 1], [0, 12], [-1, 10], [0, 1], [-1, 7], [-1, 3], [-1, -3], [-1, 2], [-1, 10], [1, 5], [0, 2], [-1, 6], [-1, 2], [-2, 5], [-2, 0], [0, 2], [1, 8], [-1, 2], [-1, 0], [-1, -2], [-3, 0], [-3, 6], [-2, 6], [0, 1], [-1, 3], [-3, 1], [-2, 2], [-1, 3], [-1, 7], [0, 6], [-1, 9], [0, 5], [-1, 5], [-2, 2], [-1, -1], [-2, 5], [-1, 4], [-2, 3], [-1, 6], [-1, 3], [-1, 0], [-4, 8], [-1, 9], [0, 3], [-2, 4], [-2, -1], [-1, 0], [-3, 6], [0, 3], [-6, 10], [-2, 2], [-2, 4], [-1, 7], [0, 7], [-1, 8], [-1, 6], [-1, 1], [-2, 7], [-2, 8], [0, 12], [-1, 7], [0, 8], [-2, 6], [-2, 7], [0, 8], [-1, 0], [0, 13], [-5, 6], [-3, 6], [-4, 2], [-3, -3], [-3, 6], [-2, 6], [-2, -6], [-2, 0], [-2, 4], [0, 2], [-2, 13], [-2, 12], [-1, 5], [-1, 12], [-1, 1], [-4, 5], [-10, 3], [-2, 3], [-4, -5], [-1, -1], [-2, 12], [0, 8], [2, 14], [1, 12], [3, 6], [-3, 41], [-1, 5], [1, 7], [1, 10], [-1, 6], [-1, 3], [-2, 5], [-2, -1], [-2, -6], [-1, -6], [0, -34], [-2, -10], [-1, -12], [-2, 1], [-2, 6], [-2, 9], [-1, 20], [1, 9], [0, 6], [2, 11], [1, 11], [0, 15], [-1, 6], [-1, 4], [-2, 4], [-5, 2], [-1, 0], [-3, 1], [-1, -1], [-1, -12], [-1, -2], [-1, 1], [-1, 3], [0, 17], [-1, 4], [-1, 9], [0, 25], [-1, 2], [-4, 7], [-2, 8], [0, 23], [-1, 5], [-2, 2], [-1, 4], [-1, 3], [0, 7], [3, 6], [1, 3], [1, 5], [-1, 5], [-1, 4], [-2, -2], [-5, -14], [-2, -7], [-2, -3], [-1, 1], [-1, 6], [-1, 11], [0, 10], [1, 10], [-1, 4], [0, 3], [-2, 2], [-1, -1], [-3, -4], [-1, -2], [-2, -12], [-4, -9], [0, -2], [-2, 0], [-2, 1], [-2, -2], [-2, -5], [-2, 0], [-1, 3], [0, 6], [1, 4], [0, 18], [1, 14], [-1, 4], [-1, 11], [-1, 1], [-1, -1], [-1, -6], [-1, -3], [-3, -4], [0, -1], [-2, -10], [0, -19], [-1, -5], [-3, 2], [-2, 1], [-1, 2], [-2, 0], [-3, -4], [-1, -1], [-1, 2], [-2, -2], [-1, -7], [0, -6], [-2, -2], [0, -2], [-1, 0], [-2, 3], [0, 4], [-1, 5], [-1, 3], [-1, 4], [-2, -2], [-1, -3], [-1, -7], [-1, 0], [-1, 4], [0, 4], [-2, 4], [-2, -6], [-1, -1], [-2, -4], [-1, 1], [0, 7], [-2, 8], [-1, 0], [-1, -3], [-2, -2], [-1, 2], [-1, 6], [-1, 1], [-1, -2], [-1, 0], [-2, 5], [-1, 1], [-2, 6], [-2, 2], [-1, 0], [-1, -2], [0, -4], [-1, -6], [-3, 0], [-2, 2], [-1, 4], [-1, 6], [0, 5], [2, 7], [1, 4], [-2, 5], [-1, 3], [-1, 2], [-1, 0], [-1, -4], [0, -9], [2, -10], [-1, -4], [-1, -1], [-1, 1], [-3, 6], [-2, 11], [-1, 5], [-2, -1], [-3, -10], [-2, -5], [-2, 3], [0, -3], [-1, 1], [-1, 3], [-3, 1], [-2, 1], [-2, -2], [-3, -15], [-1, -2], [-1, 2], [0, 15], [-2, 4], [-1, 0], [-1, 2], [-2, -8], [-2, 2], [-1, 4], [0, 10], [-1, 5], [-1, 0], [0, 3], [-1, 0], [-2, -1], [0, -18], [-2, -3], [0, 1], [-1, 8], [-1, 2], [-1, -1], [-2, -5], [-2, -4], [-1, 1], [-1, 4], [-1, 1], [0, -1], [-2, 2], [-1, 0], [-1, -2], [0, -14], [-2, 0], [0, -5], [-1, -1], [-1, 3], [-1, -1], [-4, 0], [-1, 6], [-2, 2], [0, 2], [-4, -4], [-1, 2], [-2, -1], [0, -1], [-1, 2], [-1, -1], [-1, 7], [0, 4], [-1, 0], [-1, -4], [-1, 0], [-2, 4], [-2, 1], [-2, 10], [-1, 0], [-2, 8], [-1, 5], [0, 3], [-1, 1], [-2, -1], [-1, 2], [0, 14], [-1, 8], [-1, 3], [-1, -4], [-1, -7], [0, -2], [-1, -1], [-2, 8], [-1, 1], [-2, -1], [-2, -4], [0, 1], [-1, 3], [-1, 5], [-1, 1], [-2, -1], [-1, 1], [0, 17], [-1, 1], [-1, -5], [0, -8], [-3, 0], [0, 13], [-1, 4], [-1, 0], [-2, -5], [-1, 0], [-1, 2], [0, 6], [-1, 2], [-2, 2], [-1, 5], [-2, 0], [-2, -1], [-1, 4], [-1, -1], [-1, -7], [0, -12], [-2, 0], [-1, 6], [-2, 1], [0, -5], [-2, -2], [-1, -10], [0, -4], [-2, -1], [-1, -4], [0, -18], [-1, -9], [-1, -4], [0, -8], [-1, -6], [-1, -9], [0, -12], [-1, -3], [-1, -2], [-1, -4], [0, -5], [1, -9], [-1, -6], [0, -4], [-1, 1], [0, 4], [-1, 4], [-1, 0], [-1, -5], [-2, 0], [-1, 4], [0, 1], [-2, 0], [-1, 1], [0, 3], [-3, 5], [-1, -5], [-2, 5], [-1, 0], [-1, -3], [-2, 1], [-1, 8], [-1, 1], [-2, -8], [-2, 0], [0, 10], [-1, 2], [-3, -6], [-2, 1], [-3, 2], [-1, -1], [0, -6], [2, -5], [0, -3], [-1, -2], [0, -3], [-2, -7], [-3, -5], [-1, -3], [-1, -6], [-2, -5], [-1, 1], [-1, 4], [0, 8], [-1, 5], [-1, 4], [-1, 9], [-2, 0], [-1, -6], [0, -5], [1, -5], [-1, -3], [-1, 1], [-2, -6], [-1, -2], [-1, 0], [-1, 3], [-2, -1], [-2, -3], [-1, -2], [-2, -12], [-2, -1], [0, -1], [-3, -1], [-2, 1], [-2, 2], [-1, 0], [-2, 1], [-1, 4], [0, 7], [-2, -2], [0, -4], [-1, -8], [-1, -7], [-1, -2], [0, -4], [-1, -2], [0, -19], [-2, -7], [0, -4], [-1, -12], [1, -3], [1, -6], [-1, -6], [-1, 0], [-1, -1], [-1, -5], [-1, -9], [-3, -9], [-1, 0], [1, -3], [-1, -6], [-1, -4], [-1, 2], [-1, -3], [-2, -9], [1, -7], [0, -32], [-2, -6], [-3, 6], [-1, 1], [-1, -2], [-1, -3], [1, -6], [1, -9], [0, -2], [-1, -8], [-1, -2], [0, 3], [-1, -1], [0, -8], [-1, -6], [0, -11], [1, -3], [0, -2], [-1, 0], [-1, -5], [-1, -1], [-2, 2], [0, -3], [-1, -3], [1, -3], [0, -4], [-2, -4], [0, -3], [-2, -3], [-1, -1], [0, -3], [1, -6], [-1, -4], [1, -6], [-1, -4], [1, -3], [-1, -8], [2, -10], [-1, -2], [-2, 0], [-1, -2], [0, -7], [1, -5], [-1, -1], [-1, -4], [-1, -5], [-1, -9], [1, -4], [1, -1], [-3, -7], [0, -13], [-1, -2], [1, -10], [1, -7], [-2, -8], [0, -3], [2, -1], [0, -5], [2, 1], [2, -2], [0, -2], [-1, -4], [-1, 2], [-2, -2], [-1, -8], [-1, -3], [0, -10], [-2, -1], [-1, -5], [0, -10], [1, -4], [0, -3], [-1, -1], [-4, -8], [-4, 1], [-1, 3], [-1, -2], [-1, -6], [1, -7], [0, -9], [-1, -10], [0, -5], [-1, -3], [0, -8], [-1, -3], [0, -7], [1, -11], [-1, -6], [-2, -8], [-1, -2], [0, -8], [1, -4], [-1, -5], [-1, -4], [0, -4], [1, -5], [1, 0], [1, -5], [2, -5], [2, 1], [2, -3], [1, -4], [0, -4], [-1, -6], [1, -2], [1, -3], [0, -4], [-2, -6], [-1, -2], [-1, -4], [-1, -1], [0, -2], [-3, -3], [-1, 1], [-1, 6], [-1, 2], [-1, 4], [-1, 0], [-1, -5], [0, -5], [1, -5], [0, -8], [-2, -1], [1, -9], [-1, -1], [-1, 4], [-3, 1], [0, -4], [-2, -3], [0, 4], [-1, -4], [0, -6], [-2, -6], [0, -5], [-1, 4], [-2, 3], [-3, 7], [-1, 0], [-2, -3], [-1, 0], [-1, -3], [-1, -1], [-1, -6], [1, -13], [0, -3], [-1, -5], [-1, -8], [-2, -2], [0, -12], [-1, -3], [0, -12], [-1, 1], [-1, -1], [-1, -6], [-1, -5], [-2, -1], [0, -5], [1, -4], [-1, -7], [-2, -5], [-1, -1], [-2, 6], [-2, -6], [-1, -5], [-2, 3], [-2, -3], [-1, -5], [1, -9], [0, -7], [-3, -7], [1, -8], [0, -7], [-1, -1], [-1, 4], [0, 8], [-1, 1], [0, -5], [-1, 0], [0, -13], [-1, -4], [-1, -9], [1, -6], [1, -2], [0, -5], [-1, -11], [-1, -4], [-3, -13], [0, -6], [1, -10], [0, -4], [-1, -2], [-1, 1], [-1, -3], [-1, 0], [-1, 2], [-1, 0], [-2, -7], [-2, -3], [-1, -4], [-2, 2], [-1, -2], [-1, 3], [1, 3], [-2, 4], [-1, -3], [-2, 6], [-3, 1], [-3, 4], [-1, -1], [-2, 2], [-2, -6], [0, 2], [-1, 6], [-1, 2], [0, -4], [-2, -4], [0, -3], [-4, -2], [-1, 6], [0, 2], [-3, 10], [-1, -2], [-1, -10], [-2, -10], [-1, 0], [-1, 1], [-1, 4], [2, 2], [0, 6], [-1, 14], [-3, 7], [-1, 2], [-2, -5], [-2, 6], [0, 3], [1, 3], [1, 6], [0, 6], [-2, 2], [-2, -8], [-1, -3], [-2, 0], [-1, 1], [-1, 3], [-1, 10], [2, -1], [2, 2], [1, 4], [0, 7], [-1, 5], [-3, 1], [-1, 2], [0, -1], [-2, -9], [0, -12], [-2, -10], [-2, 2], [-2, 4], [-1, 0], [-2, 1], [-1, -3], [0, 13], [-1, 2], [-1, -2], [-2, -2], [0, 1], [-1, 9], [-1, 0], [-2, -2], [-1, 5], [-1, 1], [-1, -1], [-1, 1], [0, 7], [-1, 3], [0, 7], [-2, 1], [-3, 8], [0, 8], [-3, 0], [1, -4], [-1, -2], [-2, -1], [-1, 4], [0, 6], [1, 6], [0, 6], [-2, 3], [0, 4], [-1, 1], [-4, 16], [0, 3], [-1, 0], [-1, 3], [1, 5], [-1, 1], [-1, -1], [-1, 2], [-1, 4], [-1, 1], [-1, -2], [-1, 2], [0, 17], [-2, 4], [-2, 5], [-1, 3], [0, -1], [-2, -4], [-1, 4], [0, 3], [1, 7], [-1, 3], [0, 1], [-1, -2], [-2, -2], [-2, 1], [-1, -1], [-1, -3], [-1, -2], [-3, 1], [-1, 1], [-2, 7], [0, 1], [-1, 3], [-1, 4], [0, 1], [-2, -2], [-3, -1], [-2, -5], [-2, 3], [-1, -3], [-1, -2], [-1, 0], [1, 5], [-1, 3], [-1, 7], [-1, 2], [-1, -1], [-2, 4], [-2, 0], [-1, 3], [-1, -1], [-1, 3], [-1, -1], [-2, 0], [-1, 8], [-1, -1], [-1, 2], [-1, 0], [-1, -5], [-2, 10], [0, 3], [-1, 1], [0, 4], [-3, 6], [-1, 9], [0, 15], [-2, -3], [-1, 0], [-1, 1], [0, 3], [1, 2], [-2, 10], [-1, -1], [-1, -6], [0, -2], [-1, -6], [0, -1], [-2, 1], [0, 3], [-1, 5], [0, 19], [1, -1], [1, 6], [-1, 5], [0, 5], [-1, 9], [-1, 1], [-1, 0], [-2, -6], [-1, -2], [-2, 3], [0, 4], [-1, 2], [1, 4], [-1, 4], [-1, 1], [-2, -4], [-1, -1], [-1, 2], [-2, 2], [-1, 6], [-1, 2], [-2, 0], [-2, 2], [-2, -3], [0, 4], [-2, -2], [-1, 3], [-1, 2], [-2, 0], [0, -4], [-1, -3], [-1, 2], [-2, 7], [-2, 0], [-1, -3], [-2, 1], [0, 7], [-2, 4], [-3, -2], [-2, 3], [-2, 0], [0, 3], [-1, -1], [-2, 2], [-1, 0], [-1, 1], [-1, -4], [-1, 0], [-3, 6], [-2, 3], [-2, 2], [-2, 3], [-2, 5], [-1, -1], [-8, 16], [-3, 9], [1, 5], [-3, 4], [-2, 7], [-1, -2], [-2, 1], [-1, 5], [-1, 4], [0, 7], [-2, 2], [0, 6], [-1, 1], [-2, 7], [-2, 0], [-1, -3], [-1, 0], [0, 11], [-1, -2], [-1, 1], [0, 3], [-1, 2], [-1, -1], [0, -4], [-1, -2], [-1, 5], [1, 4], [-1, 3], [-1, -4], [0, 1], [-1, 4], [0, 2], [-1, 5], [0, -6], [-2, 0], [-1, 3], [-1, 4], [1, 4], [0, 3], [-1, -1], [0, 8], [-1, 2], [-1, 0], [-1, 1], [0, 4], [-1, 4], [0, 5], [1, 1], [0, 4], [-1, 2], [-1, 1], [0, 4], [-2, 5], [1, 3], [-1, 3], [-2, 5], [-3, 5], [0, 3], [-1, 2], [-1, 4], [2, 4], [0, 7], [1, 6], [-1, 4], [1, 6], [-1, 3], [-1, 1], [-3, -3], [-1, -4], [-1, 6], [0, 14], [-1, 2], [-1, 0], [-1, 3], [-1, 5], [-2, 3], [-1, -1], [-1, 1], [0, 8], [-1, 0], [-2, 3], [-2, 1], [-1, 2], [-2, 1], [0, 3], [-1, 2], [-2, 0], [-2, -1], [0, 4], [-1, 6], [-1, 0], [-1, -3], [0, -9], [-1, 2], [-2, 0], [-1, -4], [-1, 0], [-7, 19], [-2, 8], [-1, 1], [-1, -2], [-1, 1], [-4, 15], [1, 5], [-1, 7], [0, 4], [-1, 2], [-3, 8], [-12, 30], [-1, 6], [-2, 1], [-1, -1], [0, 5], [1, 2], [0, 4], [-3, -1], [0, 7], [-1, 5], [-1, -1], [-1, 1], [0, 6], [-3, 0], [0, 7], [-2, -3], [-1, 0], [0, -5], [-2, 5], [0, 5], [1, 3], [-1, 4], [-1, 0], [0, 8], [-2, 9], [0, 5], [-1, 1], [0, 3], [-1, 1], [0, -4], [-1, 1], [0, 5], [-1, 6], [-1, 5], [1, 4], [1, -1], [1, 4], [0, 4], [-3, 6], [-1, 4], [1, 5], [-1, 5], [1, 2], [0, 3], [-1, 2], [1, 1], [-1, 3], [-1, -2], [0, 5], [-1, 3], [0, 2], [1, 2], [0, 5], [-1, 1], [-1, 4], [-1, 0], [1, 4], [2, 0], [-1, 5], [0, -1], [-1, 4], [-1, 0], [-1, 5], [-1, 2], [-1, 3], [1, 4], [0, -1], [1, 5], [-1, 6], [1, 4], [0, 2], [-3, 12], [-1, 1], [0, 9], [-1, 3], [0, 3], [-1, 1], [-1, 0], [0, 4], [1, 2], [0, 2], [-2, 9], [0, -4], [-1, -2], [-1, 6], [0, 5], [-1, 2], [0, -1], [-1, 4], [-1, 1], [1, 9], [-1, -1], [-1, 3], [-1, 1], [0, 3], [1, 1], [1, 3], [0, 7], [-1, 4], [0, 1], [-2, -6], [-1, 1], [0, 2], [1, 3], [0, 3], [-2, 3], [0, 15], [-1, 7], [-1, 4], [-1, -1], [-1, 4], [-1, 2], [0, 5], [-1, 4], [0, 6], [-1, 1], [0, -4], [-1, 2], [0, 12], [1, 2], [0, 2], [-1, 2], [-1, -1], [0, -3], [-1, -2], [0, 9], [-2, 4], [-1, -1], [0, 5], [-1, 6], [0, 7], [-1, 3], [0, 3], [1, -2], [0, 4], [-1, 2], [1, 6], [0, 12], [2, 4], [-1, 3], [-1, -2], [-1, 2], [-1, 0], [1, 4], [0, 10], [-1, 2], [1, 1], [1, 4], [0, 2], [-3, -3], [-1, 2], [2, 5], [-1, 3], [1, 3], [0, 6], [-1, 0], [-1, 4], [1, 0], [1, 4], [-1, 7], [-1, -3], [0, 8], [1, 3], [0, 6], [-1, 4], [-1, 1], [-1, 2], [-1, 3], [1, 4], [0, 10], [1, 2], [-2, 12], [-1, 2], [1, 6], [0, 4], [1, 2], [-1, 5], [2, 1], [1, 5], [0, 5], [2, 0], [0, 3], [-1, -1], [0, 4], [1, 3], [0, 7], [-1, -3], [0, 6], [1, 3], [0, 8], [-1, -5], [-1, 1], [0, 6], [1, 8], [0, -2], [1, -1], [0, 5], [-1, 1], [-1, 4], [1, 4], [-1, 1], [0, 3], [-1, 5], [1, 7], [-1, 4], [1, 0], [0, 4], [1, -1], [0, 4], [1, 0], [0, 4], [-1, 1], [0, 5], [1, 3], [-1, 2], [1, 8], [0, 21], [-2, 8], [0, 4], [-1, 3], [0, 7], [-1, 1], [0, 8], [-1, 1], [0, 2], [1, 6], [-1, 4], [-2, 5], [0, 4], [1, 2], [1, 10], [-2, 3], [-1, 3], [-1, 6], [-2, 6], [1, 3], [-2, 3], [0, 3], [-1, 4], [-1, 0], [0, -6], [-1, 4], [-3, 2], [0, 4], [1, 2], [0, 7], [-1, -1], [0, 2], [-1, -2], [-1, 1], [0, 2], [-1, 0], [1, 8], [0, 6], [-1, 17], [-1, 3], [0, 3], [-2, -4], [-1, 2], [-1, -1], [0, 2], [1, 3], [0, 2], [-2, 7], [-1, 1], [-1, 3], [1, 3], [-1, 1], [0, 3], [-1, 2], [-1, 4], [-1, 1], [-1, 2], [-2, 0], [1, 10], [-2, 3], [-1, 4], [0, -1], [-1, 6], [1, 0], [2, 2], [0, 15], [-1, -1], [-1, 2], [0, 4], [1, 2], [0, 3], [-4, -3], [-2, 1], [0, 3], [-2, 4], [-1, 5], [-2, 2], [-1, 6], [1, 6], [0, 16], [1, 3], [0, 2], [1, 0], [0, 8], [-1, -2], [-1, 2], [0, 4], [-2, 2], [1, 4], [0, 12], [-2, 2], [0, 4], [1, 7], [-2, 3], [0, 12], [1, 1], [0, 6], [-1, 5], [0, 5], [-1, 3], [1, 4], [1, 0], [0, 12], [-1, -1], [-1, 2], [0, 21], [-1, -3], [-1, 5], [0, 3], [-1, -1], [0, 4], [1, 0], [-1, 5], [0, 2], [1, -3], [0, 10], [-2, 3], [-1, 7], [1, 3], [0, 3], [-1, 0], [0, 3], [-1, 3], [0, 2], [-1, 1], [1, 9], [-1, 8], [0, 2], [-2, 7], [0, 1], [-1, 6], [0, 3], [-1, 1], [-2, -1], [0, 15], [-1, 6], [-1, 2], [-1, -7], [-1, 1], [-1, 5], [-2, -1], [0, 2], [-1, -1], [-2, 6], [-1, 2], [-2, -3], [-1, 2], [-1, 5], [0, 2], [-1, 2], [-1, 5], [0, 9], [-1, 6], [0, 32], [-2, 3], [-1, 4], [-1, 1], [-1, 4], [0, 9], [-1, 3], [0, 4], [-3, -4], [0, 2], [-1, -2], [0, -2], [-2, -2], [-1, 2], [-1, 6], [-2, 3], [0, -2], [-1, 2], [0, -11], [-1, 0], [0, 3], [-1, -1], [-1, 1], [1, 3], [-1, 4], [-1, -2], [-1, 0], [0, 4], [1, 5], [-1, 5], [-1, 1], [0, 5], [-1, -2], [-1, 0], [-1, -2], [-1, -1], [0, 12], [-2, 0], [1, 5], [-2, 4], [-2, -1], [0, 6], [-1, 1], [0, 7], [-2, 2], [0, 11], [-1, 1], [1, 3], [-1, 3], [-1, -3], [-1, 0], [0, 3], [1, 4], [-3, -1], [0, 2], [-4, 3], [0, 3], [-2, -4], [-1, 0], [-1, 2], [-1, -2], [0, 6], [1, 5], [0, 9], [-1, 2], [-1, 0], [0, 3], [-1, 3], [-2, -10], [0, 1], [-1, 4], [-1, 5], [-1, 2], [0, 8], [-1, 1], [-1, 5], [-1, 3], [-1, -6], [-1, 1], [-1, -5], [-1, -2], [-2, 5], [-1, 3], [1, 5], [1, 0], [1, 5], [-1, 3], [0, 7], [-1, 0], [-1, -6], [-2, -2], [0, 5], [-2, -1], [0, 1], [-4, -5], [-1, -4], [-1, -1], [-2, 6], [0, 3], [-1, 7], [-1, 0], [-1, -2], [0, 5], [-1, 1], [0, 4], [-1, 3], [-2, 0], [0, 7], [-1, 2], [-2, -1], [0, -7], [-1, -11], [-1, 2], [0, 4], [-1, 2], [0, -4], [-1, -3], [-1, 2], [1, 7], [-1, 6], [0, 6], [-1, -1], [-1, 1], [0, -4], [-1, 1], [0, 6], [-1, 3], [-1, 0], [-1, 8], [-2, 0], [0, -3], [-1, -3], [-1, 2], [0, 5], [-1, 6], [-1, 4], [-2, -3], [-1, 0], [-1, 3], [0, -1], [-2, 3], [-1, -1], [0, 3], [-1, -3], [-2, -2], [-1, 6], [1, 4], [1, 2], [0, 14], [1, 3], [-1, 3], [-2, 0], [-1, 3], [1, 4], [1, 3], [-1, 3], [-1, 5], [-1, -3], [-1, -1], [0, 12], [-1, 1], [-3, 0], [-1, 6], [-3, 4], [-1, 8], [0, 2], [-1, 3], [-1, -4], [-1, 3], [1, 1], [0, 6], [-3, 0], [-1, -1], [0, 7], [-1, 2], [0, 2], [-2, 1], [0, 4], [-3, 6], [0, -3], [-1, 2], [1, 1], [-2, 8], [-1, 1], [1, 6], [-1, 8], [0, 3], [-1, 3], [-2, -2], [-1, 0], [-1, -2], [0, 6], [-2, 8], [-1, 2], [-2, 7], [-1, 2], [-2, -2], [-3, 6], [-2, 10], [-2, 12], [0, 12], [-2, 1], [-1, 8], [0, 11], [-1, 25], [-1, 3], [-2, 4], [0, 4], [-1, 8], [-1, 9], [-1, 4], [-5, 14], [-1, 2], [-4, -1], [0, 2], [-1, 16], [-1, 3], [-4, 6], [-4, 5], [-9, 13], [-2, 4], [0, 9], [-1, 2], [-6, 17], [-1, 1], [-5, -1], [-2, 1], [0, 2], [-1, 3], [0, 8], [-1, 7], [0, 11], [-1, 8], [-3, 4], [-7, 33], [-5, 18], [-4, 23], [-1, 9], [-2, 4], [-2, 14], [-2, 3], [-5, -2], [-1, 3], [-2, 17], [-1, 7], [-2, 0], [-2, -1], [-3, 1], [-2, 6], [-2, 25], [0, 16], [-2, 13], [0, 1], [-4, 0], [-1, 1], [-3, 12], [-6, 17], [0, 2], [-20, 6], [-2, 1], [-3, 13], [-3, 12], [-2, 4], [-4, 0], [-2, 1], [-6, 13], [-4, 16], [-1, 5], [-2, 3], [-5, 7], [-2, 3], [-1, 4], [-2, 11], [-1, 3], [-1, 21], [0, 3], [-3, 12], [-1, 2], [-2, 29], [-1, 6], [-2, 6], [-7, 15], [0, 2], [-2, 28], [-4, 26], [0, 14], [-2, 9], [-4, 23], [-2, 10], [-1, 6], [-4, 38], [-1, 3], [-5, 14], [-1, 5], [-1, 15], [-1, 6], [-4, 8], [-4, 9], [-2, 5], [-1, 1], [-3, 2], [-2, 3], [-3, 8], [-2, 0], [-3, -5], [0, -1], [-1, -8], [-1, -2], [-3, -3], [-1, 1], [-3, 9], [-2, 5], [-1, 1], [0, 9], [-3, 7], [-2, 7], [0, 3]], [[20246, 53910], [1, 6], [-1, 3], [-1, 2], [-1, 6], [-2, 6], [-1, 4], [-3, 4], [-2, 1], [0, 3], [-2, -4], [-1, 0], [-3, 14], [-2, 3], [-3, 0], [0, 13], [1, 4], [0, 6], [-1, 2], [-3, 0], [-3, 11], [-1, 6], [-2, 6], [0, 6], [1, 3], [1, 8], [0, 6], [-2, 7], [-2, 1], [0, 7], [1, 7], [2, 6], [2, 3], [2, 6], [1, -1], [1, 4], [-4, 6], [-1, -2], [0, 3], [1, 4], [1, 7], [0, 11], [2, 4], [0, 8], [-1, 0], [-1, -3], [-1, 2], [0, 7], [2, 3], [0, 9], [-1, 2], [-1, -3], [-1, 1], [-2, 6], [-1, 5], [1, 6], [1, 5], [3, 1], [1, 4], [0, 7], [28, 0], [6, 1], [34, 0], [30, 1], [15, 0], [31, 1], [27, -1], [30, 0], [31, -1], [50, 0], [36, -1], [175, 0], [5, -1], [16, -3], [5, 1], [0, 3], [92, 0], [38, -1], [52, 0], [29, 1], [260, 0], [0, 1289], [1, 100], [0, 75], [1, 91], [0, 112], [1, 84], [0, 125], [1, 67], [0, 159], [1, 77], [0, 79], [1, 70], [-1, 43], [0, 300], [1, 90], [0, 2469], [11, 0]], [[21228, 59392], [286, 0], [27, -1], [210, 0], [7, -1], [13, 1], [293, 0], [0, -2254], [1, 1], [1, -2], [2, 1], [4, 3], [1, 2], [1, 1], [2, 8], [0, 5], [1, 2], [3, 1], [2, -3], [2, 0], [1, -2], [1, -5], [3, -10], [3, -7], [1, -1], [2, -5], [2, -10], [2, -3], [0, -5], [1, -4], [2, -10], [2, -9], [1, -5], [5, -12], [1, -1], [2, -3], [1, 1], [0, -4], [1, -6], [0, -10], [1, -6], [4, -16], [2, -10], [2, -3], [0, -7], [3, -1], [0, -3], [2, -5], [1, -3], [-1, -5], [2, -4], [2, -7], [1, -1], [1, -3], [1, 0], [0, -3], [4, -5], [1, -3], [1, -2], [2, -8], [0, -10], [1, -1], [1, -5], [1, 0], [2, -5], [0, -4], [2, 1], [3, 1], [2, -2], [0, -2], [2, -3], [1, 1], [2, 3], [1, 6], [2, -1], [3, -6], [2, -3], [2, 2], [3, 2], [2, -3], [1, 3], [0, 6], [2, 6], [1, 5], [0, 19], [1, 10], [2, 2], [1, 0], [2, -1], [3, -5], [3, 0], [3, -2], [2, 1], [1, 3], [2, -3], [1, -3], [2, 0], [2, -6], [1, -6], [1, -2], [4, -3], [1, 2], [1, -1], [1, -6], [0, -12], [2, 0], [0, 9], [3, -10], [1, -8], [1, -2], [1, -1], [1, 1], [0, 10], [1, 6], [1, 1], [0, -6], [3, -4], [1, -5], [1, 1], [2, 3], [0, 26], [2, 8], [1, 6], [-1, 4], [-2, 4], [0, 7], [1, 4], [0, 5], [-1, 4], [1, 9], [1, 5], [2, 11], [2, 3], [2, 0], [0, -2], [3, -1], [1, -5], [-1, -8], [0, -3], [2, -6], [3, -8], [2, -3], [1, -6], [1, -9], [1, -1], [1, -5], [1, -2], [1, 2], [4, 6], [1, 1], [1, -2], [2, -8], [0, -5], [1, -3], [1, 0], [2, 2], [0, 4], [2, -2], [0, -11], [1, -3], [-2, -4], [-2, 0], [-1, -2], [2, -7], [2, -4], [1, -5], [1, 0], [1, 4], [2, -4], [-1, -6], [0, -3], [1, -1], [1, 3], [1, -9], [0, -6], [2, -3], [0, -2], [-2, -10], [1, -4], [1, 0], [2, 5], [1, 0], [3, -4], [-1, -1], [0, -15], [1, -5], [0, -4], [-2, -6], [0, -4], [1, -12], [0, -6], [1, -10], [2, -3], [1, 0], [0, -18], [-1, -6], [2, -1], [0, -5], [-1, -7], [0, -12], [1, -8], [1, -6], [-1, -10], [1, -5], [1, -1], [3, -2], [3, -3], [1, 0], [1, -2], [1, 0], [2, 3], [1, 6], [1, 5], [2, 0], [1, -2], [0, -5], [-1, -1], [0, -10], [3, -3], [1, 1], [1, 4], [2, -1], [1, 1], [1, 4], [1, 3], [2, -4], [2, 4], [2, -1], [2, -3], [2, -4], [0, -5], [3, -3], [2, 0], [1, 10], [1, 0], [3, -3], [2, 3], [1, -4], [2, 4], [1, 5], [-1, 4], [1, 4], [3, 4], [2, -1], [1, -3], [1, -13], [1, -5], [1, -1], [1, 0], [1, 4], [0, 7], [1, 3], [2, -1], [3, -11], [2, -7], [4, -16], [3, -7], [3, -3], [1, -2], [2, -6], [4, -2], [1, -4], [-2, -7], [2, -8], [1, -1], [2, 1], [0, 13], [1, 1], [1, -2], [1, 0], [3, -4], [2, 6], [4, -4], [1, 0], [1, -2], [1, -3], [2, -13], [1, 1], [2, 3], [1, -5], [1, -3], [4, -3], [1, -5], [1, -7], [0, -2], [2, -1], [1, 2], [1, 0], [1, 2], [1, 9], [2, 1], [2, -1], [1, 2], [1, -2], [1, -5], [1, 1], [0, 4], [2, 1], [1, -3], [2, 0], [1, 3], [0, 3], [3, 4], [1, 8], [2, 3], [1, 5], [1, 3], [2, 5], [1, 2], [1, 0], [3, -4], [4, -5], [1, -1], [2, 2], [1, 3], [1, 0], [2, -3], [3, -7], [1, -3], [2, -4], [1, -7], [0, -2], [2, -5], [2, 0], [1, -1], [0, -3], [-1, -3], [0, -1], [-1, 2], [-1, -1], [0, -4], [1, -1], [0, -3], [2, -2], [4, -13], [1, -9], [1, -6], [3, -10], [1, -5], [3, -11], [2, -3], [2, -4], [1, -4], [1, -1], [3, 4], [1, 4], [0, 5], [1, 1], [3, -2], [1, 1], [1, 2], [0, 5], [1, 4], [1, 2], [2, 1], [2, -1], [0, -2], [1, 0], [2, 3], [1, 4], [0, 6], [-1, 5], [1, 4], [1, -1], [1, -3], [1, 2], [0, 25], [-1, 1], [1, 7], [1, 3], [2, 3], [1, -2], [0, -2], [1, 1], [0, 4], [-1, 3], [-1, 5], [1, 6], [1, 3], [3, 4], [1, 4], [1, 1], [9, -6], [1, 0], [1, -2], [1, -4], [2, -5], [3, -9], [2, -2], [4, -2], [2, 1], [3, 0], [2, -3], [2, 2], [2, 3], [0, 1], [2, 0], [2, -6], [1, -5], [2, -3], [2, -2], [1, -3], [1, -1], [5, -3], [4, 0], [1, 3], [2, 4], [2, 5], [1, 7], [0, 3], [2, 5], [1, 8], [2, 7], [2, 4], [2, 1], [2, -1], [0, -2], [2, -7], [0, -5], [-1, -9], [1, -4], [2, 1], [1, -4], [0, -7], [-1, -13], [-2, -13], [-4, -13], [-1, -4], [-1, -5], [1, -10], [0, -6], [1, -6], [1, -3], [3, -11], [3, -5], [2, -5], [0, -5], [-2, -4], [-2, 6], [-1, 0], [-1, -2], [0, -9], [2, -9], [2, -3], [2, -6], [0, -5], [-2, -3], [2, -5], [7, -7], [5, -4], [2, 1], [1, -1], [4, 1], [4, 3], [4, 4], [1, 2], [2, 6], [1, -2], [2, -12], [2, -5], [1, -1], [2, 1], [0, -3], [-1, -6], [-1, -16], [0, -2], [-1, -10], [-1, -9], [-1, -4], [-2, -4], [-1, -4], [1, -4], [3, -1], [2, 2], [0, -16], [-1, -12], [-1, -5], [-2, -4], [-1, 2], [-1, 5], [-1, -1], [-1, -9], [-1, -7], [2, -8], [1, -5], [2, -6], [3, -3], [2, -1], [3, 2], [5, -10], [3, -4], [1, -5], [3, -7], [4, -3], [1, -5], [2, -1], [2, 0], [4, 6], [4, 4], [1, 5], [2, 5], [1, 4], [0, 9], [1, 3], [0, 2], [2, -3], [0, -3], [1, -1], [1, 3], [0, 19], [1, 4], [1, 2], [1, -1], [1, -7], [0, -2], [1, -1], [1, 5], [0, 11], [-1, 10], [0, 6], [1, 1], [1, 0], [1, -6], [2, -1], [1, 3], [1, 4], [0, 7], [-1, 6], [0, 4], [2, 3], [2, 0], [2, 1], [1, -1], [2, 0], [4, 12], [2, 9], [1, 10], [1, 8], [1, 10], [2, 6], [1, 4], [2, 1], [3, 4], [1, -1], [1, 0], [2, -2], [6, -9], [3, -7], [0, -2], [2, -5], [2, -1], [2, -9], [1, -5], [0, -2], [2, 0], [1, -3], [-2, -12], [0, -5], [1, -7], [0, -4], [-2, -9], [1, -7], [0, -4], [1, -3], [1, -5], [2, -5], [2, 0], [2, 3], [1, -1], [1, -5], [2, 1], [5, 10], [2, 6], [1, 0], [6, 9], [3, -1], [6, -11], [1, -5], [1, 1], [1, -4], [2, -12], [0, -26], [-1, -3], [0, -10], [-1, -6], [-1, -4], [0, -7], [1, -10], [1, -7], [3, -6], [4, -4], [1, -2], [3, 1], [2, -1], [4, 2], [1, -2], [1, 1], [2, -1], [1, 0], [3, 6], [2, 9], [1, 7], [2, 11], [2, 15], [0, 8], [1, 10], [0, 7], [1, 4], [2, -1], [1, -3], [-1, -5], [-1, -8], [-1, -7], [-1, -3], [0, -5], [1, -3], [1, 1], [4, 13], [1, 7], [0, 17], [1, 1], [1, -5], [2, -6], [2, -10], [5, -10], [0, -4], [1, 2], [1, 3], [2, 2], [2, 13], [0, 10], [1, 4], [0, 18], [2, 6], [2, 3], [1, 3], [4, 3], [2, -2], [2, -6], [4, -10], [1, -6], [1, -3], [0, -18], [3, -24], [0, -19], [-1, -6], [-3, -4], [-1, -1], [-3, 1], [-1, -5], [-1, -6], [-1, -5], [1, -9], [-1, -8], [1, -4], [1, -5], [0, -2], [1, -7], [0, -1], [2, -7], [0, -5], [-1, 0], [1, -8], [-1, -10], [0, -3], [2, -3], [1, 0], [2, -12], [0, -7], [3, -10], [3, -8], [3, -5], [3, -2], [2, -1], [2, 1], [2, 2], [1, 3], [3, 8], [2, 9], [1, 9], [0, 23], [-3, 27], [0, 12], [1, 7], [1, 5], [4, 6], [4, 3], [3, 1], [0, 13], [-1, 6], [-1, 4], [-2, 2], [-2, 1], [-4, 1], [-1, 2], [0, 2], [-1, 5], [1, 7], [2, 3], [3, 5], [2, -1], [2, -3], [0, -2], [2, -12], [1, -7], [1, -2], [3, 4], [3, 6], [2, 9], [1, 7], [3, 13], [3, 17], [1, 3], [0, 19], [-1, 12], [0, 2], [-2, 14], [0, 24], [2, 6], [2, 2], [0, -17], [1, -5], [1, -2], [2, 5], [2, 2], [7, 15], [3, 5], [2, 0], [2, -7], [1, -7], [1, -9], [1, -6], [0, -34], [1, -10], [1, -11], [2, -21], [2, -8], [3, -10], [3, -6], [1, -1], [1, 2], [2, 5], [0, 18], [1, 3], [1, 4], [6, -2], [5, -5], [3, -6], [1, -6], [1, -12], [0, -7], [2, -17], [1, -2], [1, -1], [2, 0], [3, 2], [4, 3], [1, 2], [3, 1], [3, 4], [1, 5], [3, 12], [1, 15], [1, 11], [0, 26], [3, 21], [1, 5], [2, 0], [2, -3], [2, -7], [1, -2], [4, -14], [1, 1], [3, -1], [6, 1], [1, 0], [1, -4], [0, -3], [-1, -10], [-2, -6], [-2, -3], [-2, -4], [-4, -15], [-1, -7], [0, -6], [1, -4], [7, -9], [4, -7], [3, -10], [2, -1], [5, 1], [5, 4], [2, -3], [1, -11], [1, -6], [0, -20], [1, -7], [1, -5], [3, -6], [3, 0], [3, 2], [3, 1], [2, 0], [1, 1], [2, 5], [1, 0], [4, -2], [2, -3], [1, -5], [1, -7], [1, -11], [1, -7], [3, -8], [3, -12], [3, -15], [2, -3], [1, -8], [0, -6], [1, -5], [0, -8], [1, -6], [1, -3], [2, -1], [3, 3], [1, 4], [1, 2], [2, 1], [1, 2], [2, 11], [1, 9], [0, 6], [1, 5], [0, 7], [-1, 6], [1, 12], [2, 17], [1, 10], [1, 3], [1, 1], [3, -1], [2, -3], [2, 0], [2, -5], [0, -2], [2, -3], [3, -6], [0, -1], [2, -5], [3, -2], [1, 3], [2, 0], [3, 3], [3, 5], [2, 3], [2, 6], [1, 5], [1, 18], [1, 9], [0, 9], [1, 14], [1, 3], [-3, -1], [-1, -10], [0, -4], [-2, 1], [-1, 9], [1, 5], [1, 0], [2, 4], [1, 0], [1, 1], [2, -2], [1, 3], [-1, 14], [1, 7], [0, 1], [2, 1], [3, -2], [0, 3], [2, 0], [3, -9], [2, -2], [1, 0], [1, 2], [0, 6], [-1, 11], [0, 1], [5, -1], [1, -2], [2, -3], [1, 0], [5, -7], [3, 5], [2, 4], [0, 11], [2, 4], [1, 0], [1, -4], [-1, -5], [0, -10], [3, 4], [1, 1], [1, 3], [1, 4], [1, 3], [0, 9], [-1, 1], [-1, 7], [0, 6], [3, -5], [1, -1], [1, -3], [0, -16], [3, 3], [5, 4], [3, 1], [1, 2], [2, 12], [1, 9], [0, 6], [1, 1], [1, 0], [2, -5], [2, -4], [4, -11], [2, -3], [5, -12], [1, -4], [2, -2], [0, 1], [1, -1], [2, -9], [1, -4], [2, -3], [2, -1], [3, 4], [0, 22], [1, 3], [3, 2], [2, 0], [1, -2], [4, -10], [1, -5], [2, -2], [2, 2], [2, 6], [1, 4], [0, 11], [-2, 5], [0, 5], [-1, -1], [0, 10], [1, 8], [1, 4], [2, 5], [1, 1], [3, -1], [4, -6], [2, -6], [3, 0], [4, 3], [2, 7], [1, 3], [2, 12], [3, 3], [1, 0], [5, -6], [1, 0], [2, 4], [1, 9], [2, 14], [2, 2], [1, -1], [2, 5], [0, 11], [1, 1], [1, -1], [1, -3], [1, -7], [2, -1], [2, 1], [2, -2], [1, -2], [2, -7], [0, -9], [1, -6], [0, -13], [-1, -12], [1, -5], [1, -6], [3, 1], [2, 4], [2, 6], [1, 5], [1, 4], [1, 0], [1, -4], [0, -21], [1, -1], [3, 0], [2, 2], [3, 4], [1, 2], [0, 3], [1, 3], [2, -1], [-1, -9], [-1, -6], [3, -3], [2, -4], [2, -2], [3, 5], [5, -6], [2, -1], [2, 1], [2, 3], [2, 1], [2, 0], [1, -2], [2, 0], [2, 3], [3, 1], [0, 2], [2, 3], [1, 0], [2, 10], [0, 4], [1, -1], [3, -5], [1, -5], [1, -3], [4, -2], [2, 1], [1, 2], [1, 3], [0, 14], [-1, 7], [-1, 4], [0, 5], [1, 6], [2, 3], [1, 0], [1, -3], [1, -5], [0, -6], [-1, -6], [1, -5], [1, -3], [2, 8], [1, 14], [1, 10], [-1, 12], [0, 17], [1, 5], [2, 4], [2, 3], [0, 7], [1, 5], [1, 2], [2, 1], [2, -3], [2, -4], [1, -4], [3, -3], [1, -2], [4, -3], [1, -2], [3, -10], [2, -1], [3, -1], [2, 2], [2, -2], [1, -4], [0, -6], [-2, -7], [-1, -5], [0, -4], [2, -7], [1, -2], [2, 0], [1, 2], [1, 3], [3, 3], [2, 3], [1, 4], [1, 5], [1, -4], [0, -6], [-1, -5], [-2, -7], [-1, -1], [0, -2], [-2, -2], [0, -7], [2, -13], [3, -2], [0, 7], [1, 22]], [[23435, 56375], [1, 5], [0, 8], [1, 2], [1, -1], [1, -3], [0, -5], [-1, -2], [-1, 0], [-1, -1], [-1, -3]], [[23435, 56375], [1, -4], [1, -6], [-1, 7], [1, 1], [2, 1], [1, -2], [0, -18], [1, -6], [1, -3], [0, -12], [1, -5], [1, -3], [2, -2], [2, 0], [3, -2], [2, 0], [3, 5], [0, 2], [1, -4], [2, -10], [1, -1], [2, 1], [1, 9], [1, 3], [1, -2], [0, -5], [1, -9], [0, -14], [2, -2], [2, 0], [2, -5], [0, -6], [-1, -2], [-2, -8], [2, -10], [2, -3], [1, 1], [4, 3], [0, 7], [-1, 13], [0, 3], [1, 0], [1, -2], [2, -9], [0, -5], [-1, -8], [0, 1], [-1, -9], [-1, -4], [0, -9], [3, -14], [2, -1], [0, -5], [2, -5], [3, 0], [0, -4], [3, -9], [1, 1], [-1, 12], [1, 2], [1, -2], [1, -3], [0, -5], [-2, -6], [-1, -1], [0, -8], [2, -3], [2, -5], [4, -3], [1, 0], [4, 2], [0, -7], [2, -3], [1, 2], [0, 4], [-1, 11], [-2, 13], [0, 7], [2, 6], [1, -2], [1, -4], [0, -15], [1, 1], [0, -5], [-1, -4], [0, -5], [1, -6], [1, -2], [2, -1], [1, 5], [2, 3], [3, 6], [1, 14], [1, 5], [3, -1], [1, -4], [0, -8], [-1, -4], [-1, 0], [-3, 1], [-4, -13], [2, -7], [3, -3], [3, 0], [2, 7], [1, 0], [0, -4], [1, -6], [-3, -8], [1, -3], [1, -2], [1, 1], [0, 9], [1, 5], [2, 1], [1, -3], [0, -7], [-2, -6], [-4, -3], [0, -5], [3, -6], [1, -1], [1, -10], [0, -1], [3, 0], [2, -3]], [[23535, 56124], [1, 7], [-1, 7], [0, 4], [-3, 2], [-1, 4], [-1, 7], [2, 1], [8, -16], [0, -4], [-1, -2], [-2, -1], [-1, 1], [-1, -2]], [[23535, 56132], [0, -8]], [[23535, 56124], [1, -1], [2, 1], [5, -5], [1, 0], [4, 10], [1, 2], [3, -3], [2, -7], [0, 1], [1, 4], [-1, 8], [0, 3], [1, 2], [1, 0], [1, -5], [0, -2], [-1, -6], [-1, -5], [-1, -2], [1, -3], [0, -9], [-1, -4], [-1, 1], [-2, 4], [-1, 0], [-1, -3], [-1, -5], [1, -5], [2, -4], [1, 0], [1, 1], [1, 2], [1, -1], [1, 2], [1, 0], [1, 5], [1, 6], [1, 7], [0, 3], [2, 1], [1, -2], [1, -8], [2, -10], [2, -3], [2, 3], [0, 8], [1, 2], [0, 4], [-1, 6], [0, 4], [1, 0], [2, -8], [1, -3], [-1, -3], [1, -3], [-1, -6], [1, -1], [2, 3], [2, 2], [1, -1], [0, -5], [-1, -3], [-3, -3], [-3, -11], [-2, -5], [1, -2], [2, 1], [2, 3], [1, 6], [6, 10], [1, -2], [1, -6], [0, -6], [-1, -3], [-1, -2], [-3, -3], [-2, -6], [-1, -8], [1, -3], [1, -2], [3, 2], [2, 5], [1, 5], [1, 2], [3, 4], [2, -1], [1, -3], [-4, -12], [-1, -4], [0, -3], [2, -7], [1, 0], [1, 2], [1, 5], [-1, 10], [1, 3], [1, -10], [2, -4], [1, 1], [1, 3], [2, 1], [1, 3], [0, 6], [-1, 4], [2, 2]], [[219, 50000], [2, 29], [3, 25], [4, 21], [5, 19], [2, 0], [3, 9], [0, 2], [4, 5], [6, 4], [7, -1], [3, -4], [4, -7], [3, -8], [-3, 0], [5, -14], [4, -14], [2, -11], [0, 2], [3, -14], [2, -34], [1, -34], [-1, -17], [-1, -10], [1, 0], [-2, -15], [-3, -17], [0, 3], [-2, -8], [-3, -8], [-6, -8], [-3, -1], [-11, 7], [-10, 4], [0, -3], [-5, 8], [-5, 22], [-1, 16], [1, 0], [-1, 6], [-7, 29], [-1, 17]], [[4802, 43783], [1, 24], [5, 17], [6, 7], [7, 3], [9, -4], [3, -10], [0, -5], [2, -3], [2, -12], [0, -11], [1, -17], [0, -9], [-1, -10], [0, -9], [-1, -4], [-1, -6], [-1, -5], [-1, -4], [-5, -13], [-11, -4], [-6, 4], [-6, 19], [-2, 18], [-1, 18], [0, 16]], [[4029, 44378], [1, 13], [0, 7], [2, 5], [1, 2], [2, 11], [5, 7], [4, 3], [6, 0], [1, -1], [4, -7], [4, -11], [3, -15], [1, -21], [-1, -28], [-3, -19], [-2, -10], [-3, -7], [-3, -5], [-5, 0], [-6, 6], [-4, 10], [-3, 7], [0, 5], [-2, 11], [-2, 10], [0, 27]], [[3577, 44685], [1, 22], [0, 11], [1, 11], [1, 5], [0, -3], [3, 10], [4, 10], [6, 6], [1, 11], [5, 8], [5, 5], [0, -5], [7, 5], [4, 0], [0, 4], [5, -4], [8, -14], [6, -17], [3, -16], [1, -16], [0, -11], [1, -17], [-1, -12], [-1, -3], [2, -3], [3, -19], [1, -22], [0, -17], [2, -1], [1, -7], [3, -9], [1, -5], [0, 8], [2, -8], [0, -14], [1, -5], [2, -9], [0, -33], [-2, -19], [-3, -13], [0, 5], [-2, -7], [0, -4], [2, -8], [0, -4], [2, -7], [1, -14], [0, -18], [-1, -14], [2, 0], [-1, -10], [-1, -6], [-2, -5], [0, 3], [-2, -8], [-6, -14], [-5, -4], [-7, 3], [-4, 12], [-4, 17], [-1, 12], [1, 0], [-1, 8], [-1, 11], [1, 15], [1, 21], [4, 15], [1, 7], [-2, 6], [-2, 10], [-1, 12], [-1, 14], [-1, -4], [-3, -5], [-2, -2], [0, -5], [-4, -1], [-6, 6], [-5, 12], [-3, 14], [-1, 11], [-1, 10], [-1, 14], [2, 24], [1, 15], [-2, -6], [-4, 1], [-6, 7], [-3, 11], [-2, 11], [0, -4], [-1, 3], [-2, 9], [0, 17]], [[3111, 46026], [1, 12], [1, 13], [0, 5], [2, 6], [1, 5], [2, 5], [2, 6], [3, 4], [2, 2], [3, 0], [0, 3], [3, -4], [4, -9], [3, -9], [3, -12], [1, -16], [1, -11], [0, -12], [-1, -10], [0, -9], [-2, -10], [-1, -4], [-2, -7], [-5, -7], [-4, -1], [0, 3], [-7, 4], [-4, 6], [-3, 17], [-3, 16], [0, 14]], [[2380, 46614], [0, 14], [1, 11], [1, 5], [2, 11], [2, 6], [3, 6], [3, 5], [2, 1], [3, 0], [5, -5], [2, -4], [1, -4], [2, -5], [2, -9], [1, -12], [1, -8], [0, -21], [-1, -7], [0, -8], [-2, -11], [-2, -9], [-1, -3], [-3, -6], [-3, -4], [-2, -1], [-2, 0], [-3, 1], [-2, 3], [-2, 4], [-2, 3], [-2, 8], [-3, 15], [0, 7], [-1, 10], [0, 7]], [[2067, 46934], [2, 28], [4, 20], [5, 13], [5, 5], [0, -5], [5, 1], [6, -2], [7, -11], [3, -15], [2, -19], [0, -15], [-3, -37], [1, 0], [-1, -15], [-2, -10], [-4, -13], [-5, -9], [-5, -3], [-4, 3], [0, 1], [-5, 10], [-4, 11], [-4, 15], [-1, 10], [-2, 21], [0, 16]], [[1438, 47257], [2, 26], [0, 14], [1, 16], [1, 6], [1, 5], [4, 9], [-1, 0], [2, 5], [3, 6], [3, 3], [1, 0], [2, -1], [0, 1], [2, 0], [3, -4], [3, 2], [3, 1], [3, -3], [4, -10], [-1, 0], [2, -5], [3, -12], [2, -12], [1, -21], [2, -17], [0, -8], [-3, -28], [-4, -19], [-4, -10], [-6, -5], [-4, -8], [-1, 0], [-1, -3], [-4, -5], [0, -3], [-2, 0], [-6, 3], [-3, 8], [-1, 0], [-1, 3], [-4, 21], [-2, 22], [0, 23]], [[888, 49275], [0, 3], [2, 10], [3, 17], [4, 10], [3, 6], [0, -5], [2, 2], [5, -3], [10, -13], [2, -5], [2, -1], [1, 9], [-1, 2], [-4, 5], [-5, 6], [-6, 18], [-3, 16], [-1, 15], [0, 17], [1, 13], [2, 15], [4, 19], [5, 7], [4, 5], [7, 21], [10, 20], [0, -2], [14, 31], [2, 2], [3, 6], [1, 1], [4, 1], [5, -2], [8, -8], [2, 0], [8, -20], [6, -29], [4, -19], [1, -32], [0, -46], [-3, -33], [-14, -112], [-2, -13], [-4, -7], [-1, 1], [-8, -9], [-6, -3], [-4, 0], [-8, 6], [-6, -16], [-2, -7], [0, 2], [-6, -13], [-12, -13], [-9, 6], [-8, 19], [0, 8], [-2, 5], [-5, 20], [-1, 5], [-3, 19], [-1, 23], [0, 20]], [[5816, 42055], [1, 9], [2, 16], [1, 5], [2, 8], [1, 1], [3, 6], [2, 0], [7, 7], [3, 0], [6, 3], [4, 0], [5, 3], [4, 1], [3, -2], [4, 0], [2, 4], [5, 7], [3, 13], [1, 6], [2, 5], [1, 4], [1, -3], [0, -7], [1, 8], [0, 4], [2, 13], [2, 15], [2, 13], [2, 8], [2, 7], [2, 4], [2, 6], [2, 13], [2, 5], [5, 4], [1, 0], [9, 21], [2, 2], [3, 0], [7, -5], [4, -5], [3, -10], [2, -5], [4, -16], [2, -6], [1, -2], [1, -7], [1, -3], [2, -8], [2, -11], [1, -12], [2, -13], [1, -10], [2, -18], [3, -33], [2, -10], [1, -2], [4, -10], [1, -4], [1, -3], [2, -8], [1, -6], [2, -15], [0, -5], [2, -14], [1, -13], [2, -6], [4, -15], [3, -12], [1, -1], [5, 5], [5, 1], [2, -2], [3, -6], [3, -7], [1, -7], [1, -2], [4, -4], [1, -5], [2, -8], [2, -15], [0, -16], [-1, -12], [-2, -11], [3, -14], [1, -10], [1, -16], [1, -13], [0, -4], [1, -5], [0, -10], [2, -5], [0, -6], [3, -17], [2, -13], [2, -36], [-1, -18], [0, -14], [-2, -16], [-3, -10], [-1, -6], [-4, -10], [-3, -7], [-1, -5], [-1, -9], [-3, -10], [-3, -8], [-4, -5], [-5, -1], [-4, 1], [-3, 4], [-2, 5], [-2, 6], [-2, -3], [-1, -4], [-4, -9], [-5, -8], [-6, -3], [-5, 3], [-6, 9], [-2, 5], [-2, 7], [-2, 10], [0, 1], [-3, 12], [-1, 5], [-2, 4], [-1, 4], [-2, -3], [-4, -1], [-3, 2], [-2, 2], [-1, 3], [-4, 2], [-2, 4], [-2, -4], [-1, -3], [-4, -3], [-1, 1], [-4, -1], [-2, 0], [-4, -1], [-2, -5], [-1, -1], [-6, -2], [-4, 0], [-5, -5], [-5, 0], [-4, 1], [-3, 5], [-2, 5], [-2, 6], [-2, 5], [-1, 8], [0, 5], [-1, 5], [-6, 86], [-1, 9], [-1, 1], [-4, 5], [-3, 7], [-1, 4], [-2, 9], [-2, 16], [-1, 25], [-2, 4], [0, 5], [-1, 1], [-2, 7], [-2, 8], [-1, 11], [-3, 8], [-1, 9], [-1, 10], [-1, 12], [-1, 16], [1, 8], [-3, 0], [0, 33], [-5, 16], [-3, 9], [-2, 9], [-2, 12], [0, 6], [-1, 16]], [[6227, 41647], [3, -6], [2, -5], [3, 0], [8, 10], [3, 3], [2, 0], [3, -3], [4, 2], [3, -2], [3, -4], [5, 0], [2, -2], [3, -5], [2, -6], [2, -3], [3, -4], [6, -20], [2, -14], [1, -13], [0, -7], [1, -22], [0, -24], [-1, 0], [-1, -11], [-2, -13], [-2, -10], [-3, -5], [-3, -4], [-1, -8], [-3, -10], [-5, -14], [-2, -5], [-2, -6], [-2, -8], [0, 4], [-2, -5], [-2, -2], [-1, -5], [-3, -8], [-2, -6], [-3, -3], [-2, 0], [-4, -12], [-4, -11], [-2, -3], [-10, 0], [0, -7], [-2, -1], [-3, 1], [-2, 1], [-1, 3], [-3, 0], [-2, 3], [-4, 8], [-3, 3], [-3, 2], [-2, 2], [-3, 10], [-4, 4], [-3, 6], [-1, 1], [-2, 5], [-4, 4], [-4, 0], [-3, 5], [-3, 6], [-3, 11], [-3, 1], [-6, -1], [-2, -1], [-4, -5], [0, -3], [-1, -1], [-5, -1], [-3, 1], [-3, -1], [-3, -2], [-3, 0], [-7, -1], [-5, -3], [-5, 2], [0, 2], [-1, -1], [-4, -1], [-9, 3], [-6, 4], [-3, 9], [-4, 16], [-3, 13], [-2, 20], [0, 19], [1, 9], [-1, 0], [2, 17], [2, 21], [4, 20], [2, 15], [2, 9], [2, 5], [1, 5], [0, 10], [-1, 9], [0, 12], [1, 9], [0, 7], [3, 15], [3, 10], [3, 8], [2, 4], [4, 3], [2, 0], [0, 2], [2, -1], [2, -2], [1, -3], [4, 4], [1, 0], [4, -3], [5, -5], [3, -8], [3, -7], [1, -1], [6, -3], [3, 0], [0, 2], [4, -5], [6, -1], [2, -2], [3, -4], [2, 0], [1, -1], [1, -2], [2, 1], [4, 1], [1, -2], [2, 6], [0, 1], [4, 18], [6, 9], [3, 1], [2, 0], [5, -6], [4, -8], [3, -7], [2, -7], [1, -8], [1, -11], [1, -5], [2, 3], [2, 2], [3, 0], [3, -1], [1, -1]], [[6159, 41264], [0, 15], [1, 18], [3, 20], [3, 12], [7, 14], [4, 10], [4, 5], [5, -1], [3, 1], [5, 2], [4, -2], [3, -3], [1, 1], [4, -1], [5, -3], [2, 1], [4, -4], [2, -3], [3, -4], [2, -1], [3, -5], [6, -16], [7, -23], [5, -28], [4, -14], [4, -23], [2, -7], [3, -21], [3, -28], [0, -23], [-6, -42], [-3, -25], [-4, -17], [-6, -18], [-4, -5], [-4, -4], [-8, -24], [-4, -3], [-3, 2], [-3, 4], [-3, -2], [-2, -1], [-2, 1], [-2, -3], [-6, -4], [-3, 1], [-6, 8], [-1, 4], [-3, 11], [-3, 18], [-2, 8], [-2, 18], [-1, 6], [0, 14], [-2, 10], [0, 38], [1, 8], [-2, 12], [-7, 8], [-3, 11], [-3, 12], [-2, 15], [-2, 11], [-1, 7], [1, 0], [-2, 19], [1, 13]], [[6341, 41349], [3, -8], [6, 5], [7, 1], [2, 8], [5, 10], [1, -1], [3, 6], [3, 0], [1, 4], [3, 8], [2, 1], [3, 1], [5, -3], [1, -3], [1, 0], [4, 2], [2, 2], [2, -1], [3, -4], [2, -5], [3, -7], [3, -2], [4, -6], [5, -13], [3, -13], [1, -4], [3, -9], [2, -7], [7, -30], [3, -1], [4, -9], [5, -12], [2, -12], [2, -9], [1, 0], [2, -2], [2, -4], [4, -5], [2, -6], [2, -7], [2, 0], [4, -4], [2, -4], [1, -1], [0, 27], [12, 0], [2, -15], [2, -16], [1, -14], [2, -19], [1, -22], [1, -23], [0, -17], [-1, -10], [1, -10], [0, -13], [-1, -16], [-1, -14], [-2, -14], [-2, -19], [-1, -8], [-1, -12], [-2, -8], [-2, -9], [-3, -9], [-3, -12], [-1, -6], [-2, -4], [0, 7], [-1, -8], [1, 0], [-1, -4], [-3, -10], [-4, -10], [-4, -6], [-3, -2], [-3, 0], [-2, 1], [-1, -2], [-2, -2], [-1, -5], [-4, -9], [-6, -11], [-3, -4], [-3, 0], [-4, 3], [-5, 0], [-4, 4], [-1, 2], [-4, -9], [-5, -11], [-6, -12], [0, 5], [-4, -9], [-4, -8], [-4, -3], [-3, -1], [-6, 0], [-1, -1], [-4, -3], [-2, 2], [-4, -4], [-3, -2], [0, 2], [-6, 3], [-7, 4], [-4, 8], [-5, 13], [-2, 3], [-7, 25], [-1, -24], [2, -12], [1, -8], [0, -14], [-1, -17], [-2, -17], [-2, -7], [-4, -22], [-6, -14], [-4, -3], [-3, 1], [-2, 2], [-2, -5], [-3, -1], [-4, 2], [-1, 2], [-1, -1], [-3, -2], [-1, 2], [-2, -1], [-9, -3], [-4, 1], [-9, -4], [-8, -2], [-4, 2], [0, 53], [1, 0], [-1, 8], [0, 2], [-1, 5], [-1, 8], [0, 28], [1, 12], [1, -1], [2, 19], [2, 14], [3, 12], [5, 14], [4, 9], [5, 4], [3, 8], [2, 3], [3, 10], [5, 13], [4, 7], [4, 8], [6, 2], [6, -2], [1, 1], [3, 15], [2, 9], [3, 7], [4, 5], [2, 2], [0, -2], [1, 3], [-1, 12], [0, -4], [-2, 23], [-1, 19], [-3, -3], [-7, 0], [-8, 13], [-3, 7], [-11, 0], [0, 16], [-1, 0], [-3, 2], [-3, 8], [-5, 20], [-1, 7], [-3, 10], [-4, 19], [-4, 14], [-3, 12], [-2, 11], [-2, 19], [-1, 8], [1, 0], [-1, 16], [-1, 6], [-1, 13], [-1, 10], [0, 40], [1, 10], [0, 4], [1, 9], [0, 9], [1, 12], [2, 23], [1, 13], [2, 6], [2, 11], [2, 13], [3, 8], [2, 4], [1, 8], [2, 7], [3, 12], [4, 6], [3, 2], [3, 0], [2, 3], [0, 2], [2, 3], [4, 3], [4, -1], [4, -4], [5, -7], [4, -16], [4, -10], [5, -11], [3, -11], [3, -7], [2, -8], [2, -11], [1, -12], [1, -10], [-1, 0], [1, -14], [1, -10], [1, -4]], [[5558, 42582], [-1, -8], [-2, -13], [1, -12], [0, -61], [-1, -18], [-3, -14], [-2, -14], [-2, -9], [-3, -12], [-3, -8], [-3, -6], [0, -7], [-2, -9], [-6, -16], [-1, -5], [-5, -12], [-4, -10], [-8, -17], [-3, -4], [-2, 0], [-3, 2], [-4, 5], [-5, 7], [-1, 3], [0, 2], [-2, 0], [-3, 2], [-2, -2], [-2, 0], [-4, 2], [-3, 4], [-9, 8], [-3, -2], [-4, -1], [-3, 1], [-2, 3], [-3, 8], [-4, 12], [-4, 13], [-2, 6], [-3, 12], [-2, 6], [-4, 14], [-2, 0], [-5, 5], [-4, 9], [-3, 9], [-4, 3], [-5, 11], [-4, 16], [-3, 20], [-4, 22], [-2, 12], [-1, 0], [-1, 10], [-1, 9], [0, 29], [1, 14], [0, 27], [3, 21], [4, 18], [5, 18], [1, 0], [1, 7], [1, 4], [0, 19], [1, 10], [2, 9], [1, 8], [2, 8], [2, 10], [4, 9], [0, 2], [6, 9], [6, 7], [4, 9], [4, 7], [4, 14], [3, 7], [4, 6], [4, 15], [0, -1], [3, 12], [5, 6], [4, 3], [2, 3], [7, 0], [4, -7], [3, -2], [2, 3], [3, 6], [6, 3], [8, -2], [4, -2], [2, -5], [3, 8], [3, 5], [3, 2], [3, -4], [3, -5], [2, -3], [5, -12], [6, -4], [4, -9], [3, -10], [5, -19], [3, -16], [4, -19], [3, -27], [1, -5], [2, -11], [0, -35], [1, -13], [-1, -16], [-1, -20], [-1, -8], [0, -4], [-2, -13], [-2, -21], [-1, -16], [-1, -5]], [[5271, 42369], [0, 9], [1, 8], [1, 3], [0, 5], [1, 10], [1, 6], [1, 23], [1, 14], [3, 9], [2, 9], [4, 8], [2, 1], [2, 12], [3, 12], [7, 19], [3, 7], [4, 5], [0, 8], [2, 26], [1, 5], [1, 19], [2, 23], [3, 14], [5, 10], [3, 2], [4, -1], [6, -6], [4, -5], [2, -5], [3, -16], [1, -6], [1, -5], [3, -8], [2, -10], [2, -12], [2, -15], [0, -5], [1, -7], [1, -4], [1, -12], [-1, -8], [-1, -5], [0, -4], [-1, -13], [-2, -12], [-3, -7], [-1, -11], [0, -8], [1, -15], [0, -17], [-1, -13], [-1, -12], [1, 0], [-1, -7], [-2, -8], [-2, -9], [-4, -10], [-9, -18], [-9, -6], [-5, -30], [-1, -14], [-1, -6], [0, -8], [-1, -14], [-1, -7], [-1, -8], [-3, -12], [-2, -5], [-2, -4], [-4, -3], [-3, -2], [-2, 1], [-6, 8], [-3, 6], [-3, 2], [-2, 4], [-1, 5], [1, 0], [-1, 2], [-2, 7], [-2, 15], [-2, 10], [-2, 13], [0, 16], [-1, 18], [0, 39]], [[5188, 42142], [0, 11], [1, 12], [2, 9], [2, 11], [1, 6], [5, 10], [3, 4], [3, 1], [2, -1], [7, -11], [4, -14], [1, -7], [1, -15], [1, -8], [0, -29], [-2, -18], [-2, -7], [-1, -2], [-3, -8], [-2, -6], [-3, -4], [-5, -1], [-7, 7], [-2, 10], [-3, 11], [-1, 6], [-1, 12], [-1, 11], [0, 10]], [[6739, 39973], [2, -2], [3, 1], [5, -3], [3, -3], [2, -5], [4, -14], [3, -15], [1, -8], [2, -12], [1, -14], [2, -14], [1, -13], [0, -36], [2, -5], [2, -8], [3, -11], [1, -11], [1, -8], [1, -2], [2, -11], [-1, 0], [2, -6], [2, -4], [3, -7], [2, -5], [3, -5], [1, 0], [4, -6], [1, -4], [2, -7], [1, -5], [4, -8], [2, -5], [1, -6], [3, -8], [3, -17], [2, -10], [0, -10], [1, -8], [0, -16], [-1, -8], [-1, -10], [-2, -18], [-3, -33], [-4, -18], [-4, -19], [-5, -18], [-6, -18], [-7, -19], [-4, -10], [-2, -9], [-4, -12], [-5, -17], [-1, -9], [-2, -8], [-3, -6], [-4, -6], [-5, -9], [-3, -7], [-1, -5], [-1, -3], [0, 3], [-2, -2], [-3, -6], [-4, -7], [-2, -3], [-3, -2], [-3, -10], [-2, -4], [-1, -1], [-2, 0], [-1, -5], [1, -1], [-8, -17], [-1, -3], [-3, -4], [-1, -2], [-1, 0], [-3, -5], [-3, -3], [-3, -2], [-3, -6], [-4, -4], [-3, 0], [-2, 1], [-3, 2], [-3, 0], [-1, 1], [-2, 3], [-2, 1], [-2, 4], [0, -1], [-2, 4], [-2, -3], [-1, 0], [-1, -7], [-4, -9], [-3, -8], [-1, -8], [-3, -11], [-2, -9], [-2, -4], [-4, -12], [-2, -3], [-7, -7], [-2, -5], [-3, -5], [-3, -15], [-1, -8], [-4, -12], [-3, -8], [-2, -5], [-8, -9], [-2, -7], [-1, -6], [-2, -4], [-3, -10], [-1, -9], [-1, -4], [0, -16], [-3, -31], [0, -5], [-2, -9], [-1, -5], [-1, -4], [-1, -8], [-2, -5], [-1, -9], [-1, -23], [-2, -11], [-1, -10], [-3, -11], [-2, -7], [-3, -7], [-2, -11], [-7, -26], [-2, -7], [0, 2], [-2, -7], [-2, -6], [-1, 0], [-2, -5], [-4, -5], [-4, -1], [-4, 2], [-4, 4], [-2, 5], [-2, 9], [-3, 14], [-2, 26], [-3, 7], [-1, 1], [-8, 11], [-7, 23], [-6, 16], [-6, 3], [-4, 5], [-3, 3], [0, 2], [-2, 3], [-8, 20], [-3, 7], [-1, 5], [-1, 9], [-1, 7], [-2, 17], [-2, 12], [-2, 8], [-1, 11], [-1, 22], [-3, 22], [0, 8], [-1, 12], [1, 8], [-1, 0], [0, 6], [1, 14], [1, 20], [0, 24], [1, 24], [2, 26], [0, 33], [1, 10], [0, 15], [2, 20], [1, 7], [0, 56], [-2, 17], [-2, 18], [-1, 8], [0, 6], [-1, 8], [0, 8], [-2, 21], [0, 11], [-1, 9], [-1, 12], [-1, 5], [-2, 6], [-2, 12], [-1, 4], [-2, 23], [-1, 13], [-1, 12], [0, 26], [-1, 7], [-1, 13], [0, 16], [-1, 13], [-1, 14], [-2, 12], [-1, 4], [-1, 1], [-4, 7], [-1, 5], [-4, 10], [-1, 5], [-1, 9], [0, 7], [-1, 8], [0, 18], [-1, 3], [-2, 13], [-2, 23], [-1, 7], [-2, 12], [-1, 10], [0, 29], [1, 6], [0, 6], [2, 11], [0, 23], [1, 7], [0, 8], [3, 21], [2, 12], [2, 6], [4, 10], [3, 5], [3, 13], [1, 7], [4, 16], [4, 18], [4, 8], [3, 7], [4, 5], [3, 2], [2, 24], [1, 14], [3, 23], [4, 20], [5, 15], [1, 10], [1, 0], [0, 5], [2, 7], [2, 5], [1, 4], [-2, 10], [-1, 7], [-1, 3], [-2, 12], [-4, 22], [-1, 10], [-2, 4], [-1, 8], [-1, 7], [-1, 18], [-1, 9], [-1, 14], [-1, 8], [0, 14], [-2, 28], [0, 19], [-1, 16], [1, 13], [0, 30], [1, 14], [1, 3], [0, 7], [3, 21], [2, 10], [2, 11], [2, 9], [2, 4], [1, 4], [4, 7], [5, 5], [1, 2], [3, 2], [3, 1], [4, 0], [2, -1], [4, -5], [1, -3], [3, -2], [6, -9], [1, -6], [3, -1], [4, -4], [1, -4], [2, -2], [3, -11], [2, -8], [2, -6], [3, -7], [4, -16], [0, -4], [2, -2], [1, -2], [2, -7], [2, -6], [1, -5], [4, -4], [1, -3], [0, -1], [3, -5], [2, -7], [2, -6], [2, -7], [1, -4], [2, -3], [2, -4], [4, -9], [2, 3], [2, 1], [4, -2], [2, -2], [6, -7], [3, -6], [3, -3], [3, -2], [4, -5], [3, -6], [3, -2], [4, -5], [2, -6], [2, -1], [3, -6], [2, -2], [2, -4], [4, -9], [1, -2], [3, -8], [4, -7], [2, -3], [0, -3], [3, -7], [6, -8], [2, -4], [1, -4], [2, -4], [3, -5], [3, -6], [4, -6], [3, -4], [1, -4], [2, -5], [5, -15], [3, -6], [2, -6], [1, -6], [2, -3], [3, -8], [0, -3], [3, -6], [1, -3], [1, -5], [1, -4], [1, -3], [3, -6], [2, -3], [2, -9], [1, -5], [2, -8], [2, -7], [2, -8], [4, -13], [2, -6], [1, -7], [2, -8], [1, -12], [4, -14], [3, -10], [1, -10], [3, -17], [-1, 0], [1, -10], [0, -31], [-1, -20], [0, -14], [1, -19], [0, -2]], [[20937, 73919], [48, 0], [39, -1], [708, 0], [43, 1], [51, 0], [36, -1], [349, 0], [40, 1], [318, 0], [30, 1], [237, 0]], [[26610, 59509], [0, -3], [-1, -5], [-1, -3], [-1, -6], [-1, -5], [-21, 1], [-7, 1], [-23, 2], [-35, 5], [-21, 1], [-8, 0], [-8, 1], [-39, 0], [-29, 3], [-8, 1], [-12, 1], [-13, 1], [-13, -1], [-23, 4], [-17, 2], [-18, 2], [-22, 2], [-13, 4], [-6, 1], [-11, 3], [-15, 6], [-10, 3], [-23, 4], [-19, 3], [-28, 2], [-5, -1], [-1, -2], [-7, 0], [-3, -2], [-21, -4], [-5, 0], [-17, -4], [-3, -1], [-11, 1], [-8, 0], [-21, 2], [-6, 1], [-3, 0], [-10, 1], [-6, 1], [-2, 0], [-10, 2], [-15, 0], [-13, 2], [-28, 6], [-8, 1], [-7, 1], [-12, 4], [-25, 5], [-6, 1], [-2, 0], [-28, 7], [-11, 4], [-7, 1], [-15, 2], [-23, 1], [-4, 1], [-10, -14], [1, 3], [-2, 2], [-1, -8], [-3, -5], [-1, 1], [-6, 21], [-10, -1], [-19, -3], [-12, -1], [-8, 1], [-14, -2], [-10, -1], [-14, 0], [-7, -1], [-16, -2], [-5, 0], [-19, -2], [-17, 0], [-33, -1], [-36, 0], [-27, -1], [-21, -2], [-21, -1], [-7, 0], [-22, -2], [-24, -2], [-10, -2], [1, 36], [-15, 4], [-7, 2], [-23, 9], [-9, 1], [-8, 1], [1, -19], [1, -10], [2, -12], [0, -15], [2, -20], [1, -12], [1, -21], [1, -9], [1, -17], [0, -18], [1, -6], [0, -6], [-1, -9], [0, -6], [-1, -9], [0, -8], [-1, -3], [-2, -8], [-1, -3], [-3, 1], [-22, 1], [-11, 1], [-17, 0], [-11, 1], [-33, 0], [-11, 1], [-14, 0], [-10, 1], [-60, 0], [-8, 1], [-24, -1], [-37, 0], [-7, 1], [-14, 0], [-9, 1], [-11, 0], [-12, 1], [-19, 2], [-14, 1], [-25, -9], [-8, -1]], [[26291, 62419], [3, 2], [0, 3], [5, 4], [2, 6], [2, 8], [2, 12], [3, 11], [2, 3], [1, 1], [2, -1], [3, -3], [1, -2], [3, -8], [2, -8], [6, -30], [1, -3], [1, -2], [2, -2], [2, 1], [2, -3], [3, -5], [2, -8], [3, -9], [4, -4], [2, 0], [3, 2], [1, 2], [7, 7], [2, 6], [1, 7], [2, 5], [2, 2], [1, -1], [4, -7], [1, -1], [4, 2], [2, 4], [2, 7], [2, 9], [4, 12], [2, 1], [2, -1], [2, -3], [1, -3], [2, -8], [2, -10], [0, -39], [1, -10], [2, -7], [3, -7], [3, -1], [0, 1], [3, -2], [1, 0], [6, -2], [1, -2], [4, -4], [2, -3], [4, -9], [3, -13], [3, -10], [1, -12], [1, -10], [0, -23], [1, -7], [2, -12], [2, -11], [3, -8], [2, -13], [1, -3], [4, -23], [2, -8], [1, -10], [0, -63], [1, -8], [1, -11], [1, -3], [2, -10], [2, -3], [5, -4], [3, -2], [6, -3], [7, -7], [6, -10], [0, -1], [5, -6], [6, -5], [3, 1], [3, 0], [1, -1], [2, 1], [6, 6], [3, 5], [2, 0], [3, 3], [3, 5], [4, 0], [4, -2], [2, -4], [3, -8], [1, -1], [0, -3], [2, -2], [2, 0], [3, -3], [4, -2], [4, -4], [2, -3], [2, -4], [2, -6], [1, -5], [1, -6], [0, -13], [1, -5], [1, -7], [1, -5], [5, -10], [3, -1], [2, -2], [2, -3], [1, -3], [1, -4], [1, -8], [0, -8], [1, -18], [1, -10], [1, -3], [2, -4], [5, -4], [7, -3], [2, -5], [2, -3], [2, -4], [4, -6], [4, -5], [4, 2], [2, 4], [1, 6], [1, 19], [1, 14], [0, 6], [3, 9], [2, 5], [3, 3], [2, -1], [2, 5], [7, 5], [4, 5], [3, 4], [3, 2], [3, 1], [4, -4], [3, -4], [3, -7], [2, -8], [2, -7], [1, -2], [3, -2], [3, -5], [2, 0], [6, -2], [-1, -1], [4, -1], [6, -4], [4, -2], [2, -4], [6, -13], [4, -10], [2, -9], [0, -17], [1, -6], [0, -4], [3, -8], [2, -3], [1, -1], [2, 2], [2, 6], [3, 12], [1, 5], [1, 4], [1, 2], [1, 0], [1, 3], [2, 3], [3, -1], [3, -4], [3, -6], [3, -3], [6, 2], [0, 1], [7, 0], [3, 7], [3, 8], [1, 7], [1, 10], [1, 15], [1, 7], [2, 8], [1, 3], [2, 4], [5, 3], [5, 9], [1, 1], [1, 4], [1, 3], [3, 14], [2, 11], [2, 10], [2, 3], [1, 0], [2, 2], [2, 0], [3, -2], [2, -2], [3, 0], [2, 4], [2, 5], [6, 12], [1, 3], [11, 11], [3, -1], [0, -3], [2, -2], [1, -5], [1, -6], [0, -6], [1, -11], [-1, -8], [-1, -26], [-1, -10], [1, -8], [2, -10], [2, -12], [1, -13], [0, -22], [1, -17], [0, -14], [2, -13], [1, -9], [4, -10], [2, -7], [3, -7], [6, -9], [2, 0], [4, 1], [6, -1], [5, -1], [2, -3], [3, -8], [3, -6], [3, -10], [2, -14], [2, -8], [3, -14], [3, -12], [2, -6], [2, -5], [4, -5], [1, -4], [2, -5], [1, -6], [2, -10], [0, -23], [2, -13], [0, -7]], [[26911, 61621], [0, -23], [-1, -7], [0, -5], [1, -8], [1, -7], [-2, -12], [0, -22], [1, -4], [2, -3], [1, -7], [2, -7], [1, -6], [0, -11], [-2, -10], [-1, -9], [1, -9], [0, -7], [1, -3], [1, -7], [0, -12], [-2, -18], [-1, -4], [-3, 0], [-2, 3], [-2, -4], [-1, -10], [0, -2], [1, -12], [1, -3], [2, -5], [0, -24], [-2, -12], [-1, -13], [-1, -4], [-2, -3], [-1, 2], [-4, 1], [-1, -1], [-1, -5], [1, -5], [1, -7], [0, -20], [1, -2], [3, -4], [1, -2], [0, -13], [4, 0], [2, -5], [2, -6], [1, -2], [1, -3], [0, -20], [1, -3], [1, -5], [1, -2], [2, 0], [0, -1], [1, -7], [1, -2], [2, -1], [1, -4], [0, -6], [1, -4], [0, -8], [1, -6], [1, -3], [0, -11], [2, -8], [1, -3], [0, -9], [2, -12], [1, -2], [0, -2], [-1, -3], [1, -2], [1, -1], [1, 3], [3, -4], [3, 0], [0, -10], [1, -7], [3, 3], [2, -1], [0, -9], [-1, -5], [-3, -1], [-1, -2], [0, -9], [3, -3], [0, -7], [-2, -7], [-2, -4], [-2, 2], [-1, -2], [1, -4], [1, -3], [0, -4], [-2, 2], [-1, -2], [0, -3], [1, -5], [1, -2], [3, 0], [1, -2], [-2, -6], [0, -4], [2, -2], [1, -5], [1, -4], [-1, -6], [1, -4], [1, 5], [0, 13], [2, 1], [1, -7], [2, -1], [1, -5], [3, -4], [1, -6], [0, -5], [1, -3], [3, -3], [0, -13], [1, -6], [2, -2], [0, -2], [-4, -2], [0, -4], [2, -6], [-1, -9], [0, -3], [2, 0], [0, -2], [1, -9], [2, -6], [1, -2], [0, -9], [-1, -6], [0, -6], [1, -3], [1, 3], [1, 8], [1, 0], [2, -7], [0, -9], [1, -2], [2, -1], [1, -6], [1, -2], [2, -1], [1, -8], [3, -1], [0, -9], [1, -4], [1, -1], [1, 2], [2, -1], [0, -2], [-3, -7], [0, -3], [1, -3], [4, 4], [1, -1], [0, -4], [-2, -1], [-1, -5], [0, -5], [-1, -2], [-2, -8], [0, -3], [2, -5], [2, -2], [1, -16], [1, -3], [0, -6], [1, -6], [2, -2], [1, -4], [0, -2], [-1, -5], [0, -6], [1, -5], [0, -3], [-2, -7], [1, -3], [1, 2], [1, 0], [0, -9], [1, -2], [1, 7], [1, 2], [1, -7], [1, -1], [1, -6], [2, -3], [2, -5], [2, 0], [1, 3], [2, 2], [1, -2], [1, -5], [2, -3], [0, -5], [1, -5], [1, -2], [0, -2], [-1, -7], [2, -8], [0, -3], [3, 0], [1, 3], [2, -2], [2, 1], [0, 3], [-1, 12], [0, 6], [1, 4], [2, 0], [1, -1], [-1, -9], [2, -6], [0, -4], [-3, -5], [0, -5], [1, -5], [2, 4], [1, 0], [1, -3], [-1, -7], [0, -5], [1, -1], [2, 2], [0, -20], [3, -2], [1, 5], [3, -2], [1, -9], [1, -5], [0, -5], [-1, -5], [-4, -2], [-1, -2], [1, -3], [1, -2], [2, -6], [-1, -3], [0, -4], [1, -2], [3, 0], [0, 5], [1, 3], [2, 0], [2, 2], [0, -3], [-1, -5], [2, -1], [3, 4], [1, -1], [3, 1], [0, -3], [1, -3], [1, -2], [1, -7], [0, -7], [1, -2], [1, 1], [1, -1], [1, -2], [0, -5], [1, -2], [1, 3], [0, 6], [-1, 7], [0, 7], [2, 1], [0, -2], [1, -5], [1, -2], [1, -3], [2, 3], [1, -1], [0, -6], [2, -2], [1, 2], [1, 8], [2, 2], [0, -6], [1, 1], [1, 4], [2, 0], [1, 4], [2, 1], [1, -4], [0, -6]], [[27086, 60598], [-15, -44], [-9, -23], [-3, -10], [-22, -66], [-19, -55], [-16, -46], [-13, -39], [-1, -9], [-2, -5], [-3, -2], [0, -1], [-1, 1], [-1, 0], [0, -8], [-1, -2], [0, -5], [-2, -3], [-3, -1], [-3, -5], [-2, 0], [-7, -8], [-1, 0], [-3, -5], [-3, -3], [-2, 1], [-1, -5], [-1, 1], [-3, -6], [-1, -1], [-1, -2], [-2, 0], [-2, -4], [-2, -2], [0, -3], [-1, -4], [-1, 1], [-1, 2], [-3, -5], [0, -6], [-2, -2], [-2, -5], [0, 3], [-2, -3], [0, -4], [-1, -2], [-2, 0], [-1, -4], [-1, -1], [0, 2], [-1, -1], [-4, -9], [-7, -14], [0, -4], [-2, -4], [-2, -3], [-2, -5], [-1, -1], [-2, -5], [-3, -12], [-2, -2], [-1, -2], [-1, -1], [0, 2], [-2, -2], [0, -5], [-2, -2], [-1, -3], [-3, -8], [-1, 3], [-2, -4], [-1, -1], [-3, -5], [0, -1], [-1, -3], [-2, -2], [0, -2], [-1, 1], [-1, -2], [-2, -7], [0, -3], [2, -8], [-1, -2], [1, -3], [0, -8], [-1, -2], [0, -9], [2, -4], [0, -6], [-2, -1], [-1, -2], [1, -8], [1, -10], [-1, -3], [1, -12], [-1, -3], [-1, 0], [-2, 2], [-2, -2], [0, -7], [-1, -3], [0, -11], [-1, -2], [-1, 4], [-2, 1], [-1, -3], [-1, -2], [-1, -8], [-2, 0], [0, -4], [-1, -5], [-2, 0], [-1, -3], [-1, 5], [-2, -3], [-2, 0], [-1, -2], [0, 2], [-2, -4], [-1, 3], [-1, -1], [-1, -5], [1, -4], [0, -4], [-2, -3], [0, -6], [-1, 0], [-2, -3], [-1, -1], [-1, 2], [-1, -3], [0, -4], [-1, 0], [-1, 2], [-1, -3], [0, -10], [-1, -1], [1, -4], [0, -1], [1, -7], [1, -1], [1, -5], [-1, -5], [0, -17], [1, -2], [0, -4], [-1, -4], [-1, -2], [-2, -11], [-2, -7], [2, -6], [1, -4], [-3, -6], [0, -6], [-2, -1], [-1, -5], [-3, -3], [-2, -4], [0, -4], [-3, -2], [-1, 1], [-2, -4], [-1, 0], [-1, -4], [-2, -1], [-2, 0], [-1, -3], [-2, -1], [-2, -5], [-3, 1], [-1, -1], [-2, 1], [-2, -3], [-2, -4], [-1, -7], [-1, 0], [-1, 2], [-2, 1], [-1, 2], [0, 4], [-3, -1], [-1, 1], [-2, -4], [-4, 3], [0, -3], [-1, 0], [-2, 3], [-1, -4], [1, -6], [-1, -6], [-3, -3], [-1, -4], [-3, -4], [0, -4], [1, -4], [0, -12], [-1, -3], [-1, -8], [-2, -4], [-1, -5], [-1, -8], [-1, -4], [-2, 0], [-1, -2], [0, -2], [1, -8], [-1, -5], [1, -1], [-1, -7], [2, -3], [-1, -3], [0, -8], [1, -2], [-1, -2], [-1, 0], [0, -8], [-2, -1], [-3, 1], [-3, -3], [-2, 1], [-1, -2], [-6, 1], [-1, -3], [-6, -7], [-2, -1], [-3, -4], [-2, -1], [-1, -2], [-6, -6], [-3, -4], [-1, 0], [-1, -2], [-2, 0], [-2, -3], [-2, -1], [-1, -3], [-1, 0], [-5, -6], [-4, -3], [0, -3], [-3, -5], [-1, 1], [-2, -4], [-1, 0], [-2, -2], [0, -2], [-1, -1], [-1, -3], [-2, -5], [0, -3], [-2, -4], [-4, -6], [-2, -1], [-3, -1], [-2, 1], [-1, -2], [-2, -1], [-1, 1], [-1, -1], [-3, 0], [-3, 1], [-3, 3], [0, 2], [-2, 0], [0, -1], [-3, -1], [0, 2], [-6, -6], [0, -4], [-1, -1], [-2, -6], [-1, -2], [-2, 0], [-2, -3], [0, -2], [-2, -4], [-2, -2], [-1, -3], [-2, 1], [-5, -6], [0, 1], [-3, -4], [-1, -7], [-1, -4], [-4, -3], [-1, 2], [-2, -2], [-1, -7], [-1, -4], [-1, 0], [-2, -7], [-2, -3], [-1, -4]], [[24992, 59389], [-15, 0]], [[31875, 38193], [-1, 0], [-3, -9], [-2, -5], [-3, -4], [1, -10], [0, -16], [-1, -11], [-1, -9], [-2, -8], [-2, -7], [-1, -5], [-3, -5], [-2, -3], [-2, -2], [-3, 0], [-2, 2], [-2, 3], [-4, 12], [-2, 7], [-3, 21], [0, 7], [-2, 2], [-2, 3], [-2, 5], [-2, 6], [-2, 12], [-1, 10], [-2, -1], [-2, 0], [-2, 1], [-2, -1], [-2, 1], [-2, -2], [-2, -3], [-4, -1], [-3, 1], [-3, 4], [-3, 7], [-2, 5], [0, 3], [-1, -8], [-1, -9], [-3, -12], [-2, -7], [-3, -3], [-4, -3], [-5, 2], [-4, 8], [-3, 11], [-1, 9], [-1, 12], [-1, 10], [0, 18], [1, 11], [2, 12], [2, 9], [-1, 9], [0, 9], [1, 17], [2, 13], [1, 9], [1, 4], [1, 8], [0, 8], [1, 10], [0, 13], [1, 14], [1, 12], [2, 12], [2, 9], [3, 7], [6, 8], [5, -1], [3, -4], [4, -7], [3, -10], [2, 5], [3, 5], [4, 2], [1, 0], [6, -6], [1, 6], [2, 6], [3, 6], [2, 2], [4, 2], [2, -1], [2, -2], [5, -60], [0, -6], [2, -12], [2, -1], [5, -1], [3, 2], [4, 9], [4, 5], [5, -4], [2, -21], [6, -11], [2, 1], [1, 1], [2, -2], [2, 2], [1, -4], [2, -1], [3, 0], [2, -4], [3, 2], [1, 1], [2, -1], [1, -6], [2, -2], [1, 0], [2, -1], [4, 0], [1, -1], [0, -10], [-1, -13], [1, -26], [1, -2], [-4, -22], [-3, -18], [0, -21], [-1, -7], [-2, -6], [-1, -4], [-5, -5], [-4, 0], [-3, 3], [-3, 4], [-2, 5], [-1, 1], [-2, 4], [-3, -2], [-3, -1]], [[31823, 37517], [0, 6], [1, 9], [0, 9], [1, 8], [2, 7], [1, 6], [-1, 14], [-1, 8], [0, 24], [1, 14], [2, 18], [2, 12], [3, 11], [3, 9], [2, 4], [5, 6], [3, 1], [2, -1], [5, -5], [0, -2], [1, 1], [3, 9], [3, 6], [2, 1], [1, 0], [2, 3], [1, 1], [4, 2], [3, 0], [2, -2], [1, 0], [4, 3], [1, -1], [3, -2], [3, -4], [1, -4], [3, -9], [2, -10], [1, -1], [3, 8], [0, 3], [2, 9], [2, 6], [1, 5], [5, 8], [1, 2], [2, 1], [2, 0], [5, -1], [4, -4], [2, -4], [3, -5], [7, -21], [0, -5], [5, -12], [3, -8], [2, -10], [2, -15], [0, -13], [1, -9], [-2, -16], [-1, -11], [-2, -16], [-3, -8], [-2, -7], [-4, -6], [-4, -4], [-5, -10], [-4, -10], [-3, -5], [-2, -6], [-2, -3], [-4, -5], [-4, -2], [-2, -2], [-3, -5], [-2, -3], [-6, -3], [-1, -1], [-1, -4], [-2, -3], [-3, -3], [-1, 0], [-1, -2], [-2, -3], [-2, -4], [-6, -1], [-3, -5], [-4, -1], [-3, 1], [-1, 3], [-3, 4], [-2, -2], [-3, 0], [-2, 2], [-4, 5], [-1, -2], [-2, -5], [-2, -4], [-2, -2], [-2, -1], [-3, 0], [-2, 2], [-2, 4], [-3, 7], [-2, 11], [-2, 10], [-1, 9], [-1, 14], [0, 7]], [[28269, 62670], [-3, -6], [-2, -5], [-1, -4], [-1, -8], [-1, -7], [-1, -14], [-1, -7], [-1, -4], [0, -9], [-1, -3], [0, -6], [-2, -1], [0, -2], [-1, -7], [1, 0], [0, -8], [-1, -7], [-1, -6], [-1, -3], [0, -2], [-2, -7], [0, -2], [-1, -5], [0, -3], [-1, -4], [-1, -10], [0, -8], [-2, -15], [-1, -11], [-2, -16], [-2, -7], [0, -18], [-1, -1], [-1, -3], [-12, 35], [-13, 33], [-22, 60], [-2, 6], [-7, 18], [-7, 19], [-10, 27], [-5, 11], [-4, 12], [-5, 13], [-4, 11], [-4, 12], [-5, 12], [-5, 14], [-11, 31], [-1, 3], [-4, 10], [-6, 17], [-6, 14], [-11, 30], [-1, -5], [1, -3], [0, -22], [-2, -4], [2, -7], [0, -4], [-1, -8], [-2, -5], [0, -5], [-1, -4], [1, -5], [2, -8], [0, -7], [2, -3], [-2, -16], [-3, -13], [-2, -5], [2, -2], [3, -4], [3, -1], [0, -9], [-1, 1], [-1, -5], [0, -4], [-2, -15], [-2, -10], [0, 2], [-1, -2], [-1, -9], [-2, -5], [-1, -8], [-2, -6], [-2, -12], [-2, -2], [-1, -3], [1, -2], [-4, -19], [-1, -4], [3, -6], [2, -10], [-1, -3], [0, -11], [-5, -22], [-2, -7], [-2, -10], [0, -2], [2, 0], [0, -4], [1, 2], [1, -3], [-2, -5], [1, -6], [1, -1], [1, -5], [1, 1], [0, -4], [1, -3], [1, -1], [1, -5], [-3, -10], [-3, -7], [-2, -11], [-1, -1], [0, -8], [-1, -7], [-3, -10], [-2, -8], [-2, -1], [-2, -5], [-1, -1], [-1, 2], [-1, -2], [-3, -8], [0, -2], [-2, -5], [-2, -7], [-2, -8], [0, -5], [-2, -5], [0, -3], [-1, -3], [-1, -2], [-1, -4], [-2, -3], [-1, -6], [-3, -8], [0, -4], [-3, -7], [-2, -8], [2, -7], [1, 1], [1, -3], [0, -3], [2, -4], [-2, -7], [-1, -6], [-2, -5], [-3, -17], [-1, -3], [-1, -6], [0, -4], [-2, -6], [-1, -2], [-1, -6], [-2, 7], [-1, 6], [-2, -2], [0, 10], [-2, 0], [-1, -2], [0, -7], [-2, -10], [-2, 2], [-1, -5], [-1, -4], [-1, -8], [-1, -7], [-1, -2], [-1, -5], [0, -3], [-1, -6], [-3, -10], [-2, 0], [-1, -7], [-1, -2], [-1, -4], [-1, 1], [-3, -7], [-1, -5], [-1, 2], [0, 20], [1, 15], [-1, -5], [-5, -6], [-2, -7], [0, -1], [-1, -5], [0, -5], [-1, -2], [0, -5], [-2, -6], [-1, -2], [-2, -2], [-1, -4], [-1, -1], [-3, -9], [-1, -8], [-1, -3], [0, -2], [-2, -14], [-1, -5], [0, -1], [-1, -5], [-2, -15], [-1, -9], [-1, -8], [-2, -11], [-4, -18], [0, -4], [-1, -4], [-1, -11], [-3, -13], [0, -5], [-1, -5], [-30, 87], [-5, 14], [-2, -6], [0, -10], [-2, -17], [-1, -2], [-1, 0], [-1, -3], [0, -7], [-1, -2], [0, -13], [-1, -6], [-1, -3], [-2, 1], [-3, 0], [-2, -7], [0, -3], [1, -6], [0, -6], [-1, -2], [-1, -12], [-1, -5], [-1, -3], [-2, -8], [0, -6], [-2, -6], [0, -5], [-2, -11], [0, -8], [-2, -16], [1, -5], [0, -6], [1, -5], [1, -2], [-1, -6], [0, -10], [-1, -6], [-1, -9], [-2, -3], [-2, -1], [-1, 3], [-1, -1], [-1, 2], [-1, -1], [-1, -5], [-1, 0], [0, -2], [-1, -9], [-1, -2], [0, -7], [-2, -4], [0, -9], [-2, -8], [-1, -11], [0, -5], [-1, -6], [0, -9], [-1, -6], [0, -6], [-2, -4], [-1, -8], [1, -5], [-2, -3], [0, -4], [-1, -2], [-1, -10], [-1, -5], [-2, -6], [0, -6], [-1, -2], [0, -4], [-1, -5], [-1, -4], [0, -8], [-1, -3], [-1, -9], [2, -4], [-1, -8], [0, -4], [-2, -3], [0, -2], [-1, -2], [0, -8], [-2, -5], [-2, -4], [-2, -3], [0, -18], [-2, -1], [-2, 3], [0, -7], [-2, -3], [-1, -10], [-1, -2], [-4, -6], [1, -9], [0, -5], [-1, -2], [-1, 2], [-1, 1], [-1, -3], [-1, -4], [-2, 1], [-1, -4], [-1, -1], [-16, 18], [-15, 18], [-15, 17], [-6, 45], [-6, 44], [-2, 8], [-1, 2], [0, 5], [-1, 5], [-3, 4], [-2, 7], [-2, 1], [-2, 2], [-1, 0], [-22, 33], [0, -5], [-1, -7], [-1, -6], [0, -3], [-1, -3], [1, -10], [-1, -2], [-1, 1], [-1, -10], [0, -8], [-1, -6], [2, -2], [-1, -4], [-1, -8], [2, -5], [1, -7], [0, -3], [-2, -4], [0, -5], [-2, 3], [-1, 0], [-1, -6], [0, -4], [-1, -7], [-1, 1], [-1, -3], [-1, -8], [0, -7], [1, 0], [0, -3], [-2, -5], [1, -5], [1, -2], [1, -5], [0, -6], [1, -10], [-1, -4], [0, -18], [-2, -5], [1, -4], [-2, -2], [-2, -7], [-1, -9], [-2, -8], [-1, -14], [-1, -2], [0, -4], [-1, -3], [-1, -8], [2, -3], [0, -11], [-2, -3], [0, -5], [-3, -3], [-1, 3], [-3, 2], [-2, -1], [0, -6], [-1, -4], [0, -4], [-1, -7], [0, -3], [-2, -5], [-2, 0], [0, -3], [-1, -1], [-2, -6], [0, -7], [-1, -1], [-2, -8], [0, -5], [1, -7], [1, -8], [1, 0], [1, -2], [1, -10], [0, -4], [1, -4], [-1, -7], [-1, -4], [-1, 1], [-1, -5], [-1, -3], [-2, 1], [-1, -6], [0, -4], [-1, -4], [-2, 3], [-1, -1], [-1, -3], [0, -6], [-3, -1], [0, -1], [-2, -8], [-1, -3], [-1, -6], [-1, -3], [-2, -4], [-1, -5], [0, -3], [-2, -2], [-1, -5], [-1, 1], [-1, -4], [0, -5], [-2, -4], [0, -4], [-3, -6], [-1, 1], [-1, -5], [-1, -2], [0, -3], [1, -2], [-1, -7], [1, -5], [0, -6], [-1, 0], [0, -9], [-1, -5], [-1, -7], [-1, -6], [-1, -5], [-2, -1], [-1, -3], [0, -4], [1, -4], [0, -9], [1, -7], [1, -2], [2, -1], [0, -5], [-2, -6], [0, -2], [-2, -7], [-3, -12], [-2, -11], [-1, -5], [1, -3], [-2, -16], [-1, -7], [-1, -6], [1, -5], [-1, -1], [0, -5], [-1, -1], [-2, -12], [0, -6], [-2, -1], [-1, -8], [0, -6], [-1, -2], [0, -5], [-1, -3], [-2, -2], [-1, -4], [0, -4], [-1, -3], [-1, -1], [0, -3], [-2, -2], [-2, -9], [-1, -3], [-1, 0], [0, -2], [-1, -5], [-3, -9], [-4, -8], [0, -2], [-1, -1], [0, -3], [-3, -8], [0, -4], [-2, -3], [0, -4], [-1, -6], [-2, 0], [0, -3], [-1, -2], [0, -2], [-2, -3], [0, -3], [-1, -1], [0, -10], [-1, -1], [-1, 1], [-1, -3], [0, -1], [-1, -6], [-2, -3], [-1, -5], [-1, 2], [-1, 3], [0, -4], [-1, -1], [-2, -8], [-1, -5], [0, -3], [-1, -1], [-1, -7], [0, -3], [-1, -4], [-1, -3], [-1, 0], [0, -6], [1, -9], [-2, -3], [-2, -6], [-3, -10], [-1, -9], [-1, -4], [-2, -4], [0, 1], [-3, -13], [0, -8], [2, -7], [-1, -2], [1, -3], [1, 2], [1, -2], [0, -5], [-1, -1], [-1, 2], [-1, -1], [0, 1], [-2, 0], [0, -3], [-1, -3], [-1, -1], [-1, -5], [0, -1], [-1, 1], [-1, -5], [0, -9], [-2, 0], [0, -13], [-1, -4], [0, -9], [3, -4], [-1, -3], [-1, -8], [-2, -2], [-1, -4], [0, -3], [-1, -2], [-1, -6], [-1, -4], [-2, -7], [-3, -4], [0, -2], [2, -15], [3, -25], [3, -13], [8, -9], [5, -12], [-1, -9], [-3, -9], [-1, -6], [-3, -6], [-2, -7], [-5, -8], [-1, -4], [-1, 0], [-3, -8], [-2, -2], [-3, -6], [-5, -9], [5, -21], [-1, -2], [-1, 0], [-1, -3], [-1, -2], [-1, -4], [6, -11], [5, 11], [2, -3], [-5, -30], [-3, -5], [1, -1], [-4, -5], [-1, -4], [-2, -2], [-3, -1], [-6, -9], [1, -6], [-2, -4], [-1, -3], [-3, -4], [-5, -9], [0, -2], [-7, -13], [-5, -13], [-2, -5], [-2, -2], [-2, -7], [-3, -4], [-5, 14], [-1, 11], [1, 15], [-1, 11], [-4, 17], [-1, -3], [-1, 0], [-1, -2], [-3, 0], [-1, -4], [-2, 1], [-2, -1], [-1, -2], [-2, -3], [-1, -3], [-3, -6], [-6, -18], [-2, -1], [-2, -6], [-1, -1], [-2, -4], [0, -3], [-2, -1], [-2, -3], [0, -3], [-2, -6], [-2, -2], [-1, -3], [-5, -9], [-3, -6], [-1, -3], [-2, -3], [-1, 0], [-2, -6], [-2, -4], [-1, -3], [-1, 1], [-1, -1], [0, -3], [-1, 0], [-1, -3], [-2, 0], [-1, -4], [-2, 0], [0, -2], [-2, -1], [-1, -3], [-3, -3], [-2, 13], [-1, 8], [-1, 5], [-1, 1], [-2, 0], [-1, 1], [-1, 2], [-1, 0], [0, 10], [-1, 2], [-8, 20], [0, 1], [-2, -3], [-2, 4], [-1, 0], [-1, 3], [-1, -7], [0, -14], [-5, -32], [9, -43], [-5, -10], [-3, -11], [-2, -5], [-3, -9], [-5, -10], [-1, -3], [-4, -3], [-2, -5], [-3, -5], [-7, -4], [-2, 3], [0, 2], [1, 6], [-2, 1], [-7, -7], [-3, -2], [-4, -4], [-5, -2], [-1, -2], [-5, -2], [-2, -1], [-6, -4], [-8, -10], [-2, -4], [-5, -4], [-6, -9], [-2, -6], [-5, -11], [-5, -10], [-6, 17], [-13, 36], [-8, 22], [-12, 45], [-1, 0], [0, -6], [-1, -2], [1, -5], [-1, -3], [-1, -4], [-1, -3], [-2, 1], [0, 2], [-1, -3], [-2, -2], [0, -4], [-1, -2], [0, -4], [1, -4], [-2, -3], [-1, -3], [1, -3], [-1, -3], [-1, -11], [-1, -6], [-1, 0], [0, -7], [-3, -3], [-1, 4], [-2, 0], [0, -4], [-2, 2], [-1, 0], [0, -3], [-1, -3], [-2, -2], [0, -6], [-2, -3], [-2, -1], [-2, -7], [-1, 1], [-1, -1], [-2, 2], [0, 6], [-2, -5], [-1, -9], [0, -12], [-1, -4], [-1, -1], [-2, -5], [-1, 1], [-2, -5], [-2, -2], [-1, -2], [-1, 0], [0, -4], [-3, -11], [0, 2], [-1, -2], [-16, -3], [-17, -3], [-1, 4], [0, 7], [-1, 3], [-2, -1], [-1, 5], [0, 3], [-2, 1], [0, 3], [-1, 1], [-1, 4], [-1, 1], [0, 7], [-1, 5], [-1, 2], [-2, 0], [-1, -3], [-2, 0], [0, 5], [-1, 1], [0, 8], [1, 5], [-1, 5], [-1, 6], [-1, 0], [0, 3], [-2, 3], [0, 8], [-1, 0], [-2, -3], [-2, 3], [-1, 2], [0, 3], [-1, 3], [-2, 2], [-1, -4], [0, 5], [-3, 0], [-1, -2], [-1, -1], [0, -2], [-2, -2], [-2, 0], [0, 3], [-2, 0], [0, 3], [-1, 2], [-3, -2], [0, 1], [-1, 3], [-1, 5], [1, 5], [-1, 2], [0, 10], [-1, -2], [-1, 1], [-1, 4], [2, 6], [0, 1], [-2, 6], [-1, 0], [-1, 3], [0, 6], [-1, 1], [0, 2], [-1, 2], [0, -3], [-2, 0], [-1, 2], [-1, -2], [-1, 4], [0, 9], [-2, 2], [-1, 3], [0, 4], [-2, 0], [-1, 5], [0, 4], [-1, 0], [-1, 5], [0, 6], [-1, 1], [-1, 3], [0, 4], [1, 3], [-1, 4], [0, 5], [1, 4], [-1, 4], [2, 4], [-1, 4], [1, 2], [-1, 3], [0, 4], [2, 3], [0, 5], [-1, 3], [-1, 1], [-1, 6], [-1, 0], [0, 4], [-1, 6], [1, 4], [1, 7], [-1, 2], [-2, 0], [-1, 6], [-1, 1], [-1, 3], [-1, -1], [-2, -1], [-1, 1], [0, 4], [-1, 2], [0, 4], [-2, 1], [-1, -3], [-1, 1], [0, 4], [-1, 2], [0, 9], [-1, 2], [0, 7], [1, 4], [0, 4], [1, 2], [1, 1], [2, -1], [1, 3], [1, 1], [2, 6], [2, -2], [1, 0], [0, 12], [2, 0], [0, 1], [1, 7], [2, 2], [1, 2], [1, 0], [0, 3], [-2, 5], [0, -4], [-2, -4], [-1, 2], [0, 2], [1, 5], [-2, 8], [1, 4], [0, 2], [-2, -4], [-1, 1], [0, 7], [-3, -3], [-1, 2], [1, 4]], [[27086, 60598], [0, 6], [-1, 4], [-2, -1], [-1, -4], [-2, 0], [-1, -4], [-1, -1], [0, 6], [-2, -2], [-1, -8], [-1, -2], [-2, 2], [0, 6], [-1, 1], [-2, -3], [-1, 3], [-1, 2], [-1, 5], [0, 2], [-2, -1], [0, -7], [1, -7], [0, -6], [-1, -3], [-1, 2], [0, 5], [-1, 2], [-1, 1], [-1, -1], [-1, 2], [0, 7], [-1, 7], [-1, 2], [-1, 3], [0, 3], [-3, -1], [-1, 1], [-3, -4], [-2, 1], [1, 5], [0, 3], [-2, -2], [-2, 0], [-1, -3], [0, -5], [-3, 0], [-1, 2], [0, 4], [1, 3], [-2, 6], [-1, 2], [-1, 3], [1, 2], [4, 2], [1, 5], [0, 5], [-1, 5], [-1, 9], [-3, 2], [-1, -5], [-3, 2], [0, 20], [-2, -2], [-1, 1], [0, 5], [1, 7], [-1, 3], [-1, 0], [-2, -4], [-1, 5], [0, 5], [3, 5], [0, 4], [-2, 6], [1, 9], [-1, 1], [-2, 0], [-1, -4], [0, -6], [1, -12], [0, -3], [-2, -1], [-2, 2], [-1, -3], [-3, 0], [0, 3], [-2, 8], [1, 7], [0, 2], [-1, 2], [-1, 5], [0, 5], [-2, 3], [-1, 5], [-1, 2], [-2, -2], [-1, -3], [-2, 0], [-2, 5], [-2, 3], [-1, 6], [-1, 1], [-1, 7], [-1, -2], [-1, -7], [-1, 2], [0, 9], [-1, 0], [-1, -2], [-1, 3], [2, 7], [0, 3], [-1, 5], [0, 6], [1, 5], [0, 2], [-1, 4], [-2, 2], [-1, 6], [0, 6], [-1, 3], [-1, 16], [-2, 2], [-2, 5], [0, 3], [2, 8], [1, 2], [0, 5], [1, 5], [2, 1], [0, 4], [-1, 1], [-4, -4], [-1, 3], [0, 3], [3, 7], [0, 2], [-2, 1], [-1, -2], [-1, 1], [-1, 4], [0, 9], [-3, 1], [-1, 8], [-2, 1], [-1, 2], [-1, 6], [-2, 1], [-1, 2], [0, 9], [-2, 7], [-1, 0], [-1, -8], [-1, -3], [-1, 3], [0, 6], [1, 6], [0, 9], [-1, 2], [-2, 6], [-1, 9], [0, 2], [-2, 0], [0, 3], [1, 9], [-2, 6], [0, 4], [4, 2], [0, 2], [-2, 2], [-1, 6], [0, 13], [-3, 3], [-1, 3], [0, 5], [-1, 6], [-3, 4], [-1, 5], [-2, 1], [-1, 7], [-2, -1], [0, -13], [-1, -5], [-1, 4], [1, 6], [-1, 4], [-1, 5], [-2, 2], [0, 4], [2, 6], [-1, 2], [-3, 0], [-1, 2], [-1, 5], [0, 3], [1, 2], [2, -2], [0, 4], [-1, 3], [-1, 4], [1, 2], [2, -2], [2, 4], [2, 7], [0, 7], [-3, 3], [0, 9], [1, 2], [3, 1], [1, 5], [0, 9], [-2, 1], [-3, -3], [-1, 7], [0, 10], [-3, 0], [-3, 4], [-1, -3], [-1, 1], [-1, 2], [1, 3], [0, 2], [-1, 2], [-2, 12], [0, 9], [-1, 3], [-2, 8], [0, 11], [-1, 3], [-1, 6], [0, 8], [-1, 4], [0, 6], [-1, 4], [-2, 1], [-1, 2], [-1, 7], [0, 1], [-2, 0], [-1, 2], [-1, 5], [-1, 3], [0, 20], [-1, 3], [-1, 2], [-2, 6], [-2, 5], [-4, 0], [0, 13], [-1, 2], [-3, 4], [-1, 2], [0, 20], [-1, 7], [-1, 5], [1, 5], [1, 1], [4, -1], [1, -2], [2, 3], [1, 4], [1, 13], [2, 12], [0, 24], [-2, 5], [-1, 3], [-1, 12], [0, 2], [1, 10], [2, 4], [2, -3], [3, 0], [1, 4], [2, 18], [0, 12], [-1, 7], [-1, 3], [0, 7], [-1, 9], [1, 9], [2, 10], [0, 11], [-1, 6], [-2, 7], [-1, 7], [-2, 3], [-1, 4], [0, 22], [2, 12], [-1, 7], [-1, 8], [0, 5], [1, 7], [0, 27]], [[26911, 61625], [0, -4]], [[26911, 61621], [1, -3], [2, -7], [4, -5], [6, -2], [3, 1], [6, 4], [4, 6], [4, 5], [11, 11], [5, 4], [7, 10], [4, -5], [2, 0], [3, 2], [2, 2], [3, 1], [4, 2], [3, 4], [2, 6], [1, 10], [1, 8], [1, 14], [0, 7], [2, 12], [0, 35], [2, 17], [1, 22], [0, 21], [1, 4], [1, 5], [2, 6], [1, 7], [1, 2], [3, 3], [4, 0], [0, -1], [1, 0], [5, -5], [1, -2], [5, 0], [3, 2], [1, 2], [2, 6], [1, 5], [2, 9], [0, 16], [-1, 20], [-1, 7], [-2, 12], [0, 7], [-1, 8], [0, 18], [2, 21], [0, 4], [-1, 8], [-2, 13], [0, 12]], [[27023, 61992], [0, -7]], [[27023, 61985], [1, -5], [1, -6], [-1, 13], [0, 5], [-1, 4], [-1, 13], [-1, 8], [-2, 6], [-3, 5], [-1, 7], [0, 15], [1, 9], [2, 7], [4, 10], [1, 5], [1, 2], [2, 1], [5, 8], [1, 3], [3, 10], [1, 2], [1, 6], [1, 15], [0, 14], [-1, 10], [-1, 9], [0, 10], [1, 7], [1, 4], [1, 0], [0, 4], [2, 4], [0, 5], [3, 14], [1, 7], [1, 18], [3, 10], [1, 12], [1, 8], [1, 4], [3, 7], [2, 4], [5, 11], [1, 4], [1, 7], [1, 16], [1, 8], [2, 3], [3, 3], [3, 1], [1, -1], [2, -3], [1, -5], [2, -12], [1, -11], [1, -10], [1, -2], [3, 1], [2, 2], [2, 1], [3, -3], [2, -6], [2, -12], [3, -15], [1, -12], [2, -11], [1, -8], [1, -10], [0, -5], [-3, -9], [-1, -2], [-1, -6], [0, -2], [-3, -9], [0, -9], [1, -3], [2, -8], [2, -5], [3, -6], [2, -1], [1, 2], [4, 7], [4, 10], [1, 3], [2, 10], [1, 10], [0, 22], [2, 10], [1, 6], [1, 2], [1, 3], [2, 0], [2, -1], [2, -4], [2, -12], [1, -2], [2, -5], [4, -4], [2, 0], [2, 4], [1, 9], [-1, 4], [-1, 1], [-1, 8], [-1, 4], [-3, 9], [0, 22], [1, 6], [0, 11], [1, 6], [1, 3], [1, 6], [1, 7], [-1, 8], [-1, 7], [-1, 6], [-3, 9], [-3, 8], [-4, 14], [-1, 9], [0, 26], [1, 1], [3, -2], [2, -4], [3, -1], [1, 0], [3, 4], [3, 8], [1, 3], [2, 8], [0, 15], [1, 7], [-1, 11], [0, 27], [-2, 18], [-1, 14], [0, 4], [1, 7], [3, 4], [2, 7], [0, 11], [2, 12], [5, 4], [2, 2], [2, 4], [1, 4], [-1, 10], [-1, 9], [0, 14], [1, 6], [1, 5], [2, 6], [2, 4], [2, 2], [4, 1], [3, 0], [6, -4], [4, 3], [4, -4], [1, -4], [2, -1], [2, -2], [1, 1], [1, 3], [1, 7], [0, 21], [1, 27], [0, 15], [1, 10], [4, 16], [2, 3], [0, 3], [3, 4], [2, 4], [3, 7], [5, 15], [2, 7], [2, 12], [2, 4], [3, 7], [3, 1], [3, -2], [2, -4], [4, -12], [2, -8], [1, -13], [1, -9], [1, -16], [1, -8], [2, -6], [4, -2], [4, 2], [3, 4], [2, 3], [2, 8], [3, 5], [4, 12], [3, 5], [2, 2], [2, 3], [1, 5], [3, 3], [2, 0], [3, 4], [2, 0], [2, -1], [2, -3], [2, 0], [1, 1], [1, 4], [0, 3], [1, 12], [1, 8], [4, 15], [2, 9], [1, 5], [3, 4], [2, 3], [3, 2], [4, 1], [1, 1], [1, 5], [2, 5], [2, 15], [4, 24], [3, 10], [4, 17], [1, 6], [4, 9], [4, 15], [3, 8], [2, 5], [1, 6], [1, 5], [2, 4], [1, 3], [3, 7], [1, 3], [4, 14], [2, 6], [0, 2], [8, 19], [3, 10], [2, 3], [2, 1], [3, 0], [3, -2], [1, 0], [4, 4], [1, 6], [0, 11], [1, 4], [1, 10], [0, 6], [1, 16], [0, 2], [-1, 13], [1, 9], [1, 8], [2, 5], [2, 2], [3, 5], [1, 2], [1, 10], [-1, 7], [-1, 2], [-2, 13], [-1, 6], [-1, 2], [-1, 1], [-2, 9], [-1, 5], [-1, 7], [0, 4], [-1, 1], [1, 10], [2, 6], [3, 6], [4, 10], [3, 9], [1, 15], [-1, 5], [1, 12], [-1, 10], [0, 2], [-1, 6], [1, 6], [2, 7], [3, 3], [2, 4], [2, 6], [1, 4], [0, 6], [-1, 10], [-1, 6], [-2, 6], [-1, 6], [-1, 10], [0, 6], [1, 6], [1, 3], [1, 2], [1, 0], [3, -2], [1, -2], [3, -7], [1, -1], [2, -1], [1, 6], [0, 9], [-1, 9], [-1, 19], [0, 9], [1, 6], [1, 3], [3, 6], [2, 5], [-1, 3], [1, 10], [0, 11], [-1, 10], [0, 17], [1, 7], [0, 9], [2, 9], [0, 23], [-1, 4], [-1, 7], [0, 17], [2, 7], [2, 5], [3, 8], [1, 5], [1, 11], [-1, 17], [0, 15], [1, 7], [0, 11], [3, 19], [1, 5], [2, 8], [1, 6], [2, 7], [2, 8], [0, 14], [1, 1], [0, 8], [1, 12], [2, 18], [2, 7], [2, 5], [0, -1], [4, 8], [1, 4], [1, 9], [0, 22], [3, 14], [1, 4], [1, 12], [-1, 12], [-2, 15], [-1, 8], [0, 9], [1, 8], [0, 15], [-3, 8], [-3, 5], [0, 9], [4, 8], [0, -1], [1, 3], [0, 37], [1, 8], [1, 6], [0, 4], [2, 10], [1, 6], [0, 14], [-1, 8], [-1, 2], [-2, 6], [-2, 12], [0, 3], [-2, 21], [0, 7], [-1, 11], [-2, 3], [-2, 12], [-3, 16], [-1, 4], [-2, 5], [-1, 4], [0, 11], [1, 9], [3, 8], [2, 7], [2, 8], [1, 6], [2, 5], [3, 1], [1, 2], [3, 3], [1, 0], [1, -2], [3, -9], [2, -2], [2, 2], [5, 15], [2, 1], [4, 8], [1, -1], [2, 4]], [[25540, 52104], [0, 63], [5, 5], [13, 14], [1, 12], [-2, 0], [-1, -3], [-4, 0], [-1, -1], [-1, -3], [-3, 0], [-3, 4], [0, 3], [-1, 10], [1, 6], [0, 3], [1, 2], [3, 3], [3, 0], [4, 2], [1, 3], [2, 10], [1, 3], [-1, 18], [1, 6], [0, 3], [2, 6], [1, 8], [-1, 8], [1, 3], [1, 5], [0, 2], [1, 8], [2, 5], [2, 2], [1, -2], [2, 0], [1, 2], [1, 6], [1, 3], [3, 3], [2, 5], [3, 8], [0, 10], [-1, 7], [-3, 4], [-2, 0], [-1, 2], [-1, -1], [-2, 2], [-1, 5], [-2, 0], [-1, 5], [-1, 2], [-2, 9], [-1, 7], [-1, 4], [1, 5], [0, 4], [1, -1], [0, 3], [-1, 5], [0, 6], [-2, 9], [-1, 0], [-1, 4], [-1, 6], [1, 2], [0, 6], [1, 2], [-1, 3], [2, 5], [0, 11], [1, 0], [0, 11], [1, 0], [1, 4], [1, 6], [1, 4], [0, -2], [1, 3], [0, 9], [1, 3], [1, 9], [1, 3], [-1, 3], [1, 2], [0, 18], [1, 0], [0, 3], [1, 0], [1, 4], [0, 16], [1, 5], [0, 5], [-1, 5], [1, 7], [-1, 3], [1, 1], [-1, 3], [0, 8], [-2, 4], [0, 8], [-1, 2], [0, 9], [-1, 3], [-2, 2], [-1, 2], [-1, 3], [-1, 6], [-2, 0], [-1, 2], [-1, 5], [-2, 3], [0, 3], [-2, -4], [-1, 4], [-2, 1], [0, 5], [-2, 1], [0, 4], [-1, 1], [0, 4], [-1, 5], [0, -3], [-1, 4], [-1, -1], [-1, 3], [0, -1], [-2, 2], [-1, 6], [-1, 2], [-1, 4], [0, 3], [-1, -1], [-1, 3], [-1, 2], [-1, 3], [-1, 1], [-1, 3], [0, 3], [-1, 4], [0, 16], [-1, 1], [-2, 9], [1, 7], [-1, 3], [-1, 1], [0, 5], [-2, 4], [-2, 8], [-2, 5], [0, 3], [-1, 5], [0, 2], [-2, 4], [-1, 3], [-2, 1], [-2, 6], [-1, 10], [-1, 4], [-2, 2], [0, 6], [-1, 2], [-1, 4], [-1, 2], [0, 16], [-2, 2], [0, 5], [1, 11], [0, 5], [3, 8], [-1, 9], [1, 5], [0, 1], [1, 5], [0, 1], [1, 6], [0, 3], [1, 10], [0, 3], [2, 14], [1, 2], [0, 5], [1, 7], [0, 2], [1, 2], [0, 16], [-1, 9], [0, 13], [-1, 3], [0, 12], [3, 1], [11, 0], [8, -1], [5, 1], [69, 0], [4, -2], [4, 1], [9, 1], [14, 2], [5, -1], [35, 0], [20, -1], [6, -1], [4, 1], [17, -1], [20, -1], [9, 0], [6, -2], [36, 0], [3, 1], [12, -3], [2, 1], [4, -1], [11, 1], [10, 0], [5, 1], [5, -1], [4, 1], [15, -1], [17, 0], [5, 1], [4, -1], [14, 0], [12, -1], [46, 0], [26, 1], [1, 0], [33, 1], [1, 1], [22, 0], [28, 1], [20, 1], [23, 1], [11, 1], [1, 0], [27, 1], [8, 1], [68, 0]], [[26241, 53000], [0, -16], [-1, -8], [0, -8], [5, -5], [2, -8], [0, -9], [-1, -9], [0, -12], [1, -4], [3, -6], [0, -7], [1, -5], [3, -11], [1, -12], [2, -10], [2, -5], [0, -5], [-1, -7], [0, -4], [2, -6], [0, -4], [-1, -2], [0, -4], [1, -6], [1, -3], [1, -6], [0, -6], [-2, -1], [-1, -5], [0, -18], [2, -9], [0, -17], [3, -21], [0, -14], [1, -5], [0, -9], [1, -3], [1, -1], [1, 2], [2, -1], [2, -9], [1, -4], [1, -8], [2, -6], [2, -10], [1, -9], [8, -1], [13, -3], [11, -2], [18, -3], [11, -2], [11, -3], [17, -3], [13, -3], [7, -2], [7, -1], [8, 0], [12, -2], [17, -4], [10, -2], [8, -1], [16, -3], [19, -4], [30, -6], [12, -3], [17, -3], [10, -2], [6, -2], [2, -1], [5, 0], [6, -2], [17, -3], [14, -4], [6, -1], [14, -3], [35, -8], [6, -1], [8, -2], [6, -1], [9, -3], [2, 0], [27, -7], [36, -9], [9, -2], [4, -1], [14, -3], [11, -3], [7, -2], [17, -4], [15, -3], [5, -2], [33, -8], [6, -1], [8, -3], [21, -4], [9, -3], [2, -1], [25, -5], [66, -18], [12, -3], [0, -2], [-1, -2], [-2, 0], [-1, -3], [-1, -5], [0, -1], [-1, -10], [-1, -3], [0, -15], [2, -5], [0, -3], [1, -7], [0, -8], [1, -7], [4, -10], [0, -5], [1, -3], [2, -8], [-1, -4], [1, -2], [0, -6], [-1, -2], [0, -5], [-1, 0], [0, -14], [1, -2], [0, -12], [-1, -6], [0, -6], [-1, -3], [1, -4], [-1, -3], [1, -5], [0, -11], [1, -10], [0, -5], [1, -5], [1, -4], [-1, -2], [1, -2], [0, 2], [1, -6], [0, -7], [1, -3], [1, 4], [0, -1], [1, -5], [0, -1], [1, -6], [1, -4], [1, -6], [0, -1], [3, -1], [3, 4], [1, 1], [2, 3], [1, -3], [2, 4], [0, 2], [3, -4], [0, 4], [1, 1], [1, -2], [1, 3], [1, -3], [1, -4], [0, 1], [1, -4], [2, 1], [2, -1], [0, -2], [2, 3], [2, -3], [0, -3], [1, 5], [2, -2], [1, 4], [1, 0], [1, 6], [1, 0], [0, 4], [1, 1], [0, 4], [1, 3], [-1, 5], [1, 4], [-1, 7], [0, 3], [-1, 3], [-1, 9], [1, 3], [0, 9], [2, 6], [0, 9], [-1, 9], [0, 1], [1, 2], [0, 5], [2, 5], [0, 10], [1, 2], [1, 5], [-1, 4], [1, 9], [1, 3], [-1, 5], [1, 1], [-1, 3], [1, 2], [0, 12], [1, 6], [-1, 2], [1, 11], [-1, 10]], [[27072, 52441], [0, -1]], [[27072, 52440], [0, 14], [-1, 2], [1, 3], [0, 5], [1, 4], [0, 8], [1, 2], [0, 12]], [[27074, 52490], [0, -2]], [[27074, 52488], [1, 2], [0, 7], [-1, 5], [1, 1], [0, 5], [-1, 7], [0, 3], [-1, 1], [1, 3], [-1, 1], [0, 4], [-1, 10], [-1, 2], [-1, 3], [-1, 1], [0, 17]], [[27069, 52560], [0, -3]], [[27069, 52557], [-1, 1], [0, 6], [-1, 1], [0, 4], [-1, 7], [0, 9], [-1, 7], [-1, 3], [-1, 4], [0, 7], [1, -1], [-1, 6], [1, 1], [-1, 2], [0, 10], [1, 5], [-1, 1], [2, 2], [0, 14], [-1, 2], [1, 1], [0, 3], [1, 0], [1, 6], [0, 7], [-1, 3], [0, 11], [-2, 2], [0, 2], [1, 3], [-1, 1], [2, 6], [-1, 4], [1, 5], [0, 3], [1, 9], [0, -1], [1, -3], [1, 0], [1, 2], [2, 3], [-1, 2], [3, 5], [0, 3], [-2, 10]], [[27072, 52735], [0, -1]], [[27072, 52734], [0, 5], [-1, 1], [-1, 7], [1, 6], [1, 0], [0, 3], [1, 1], [0, -3], [1, 2], [1, 3], [0, -3], [3, -5], [2, -7], [2, -4], [1, 0], [1, 3], [2, 15], [1, 5], [0, 5], [-1, 7], [1, 2], [0, 4], [1, 2], [-1, 3], [1, 6], [1, 1], [2, 6], [2, -2], [0, 3], [1, -2], [0, 4], [1, -4], [0, -6], [1, -2], [1, -3], [1, 1], [0, -2], [1, 1], [1, -1], [2, -1], [1, 1], [0, 13], [1, 2], [1, -4], [2, -1], [0, -13], [2, -4], [0, -3], [1, -4], [0, -5], [3, -3], [0, -5], [2, 1], [1, 0], [2, 1], [2, -5], [1, 2], [0, -7], [3, 3], [1, 0], [1, -2], [1, 3], [4, 0], [1, -4], [1, -6], [0, 4], [1, 2], [1, -4], [2, -11], [0, -2], [-1, -3], [1, -3], [0, -6], [1, 0], [2, 2], [0, 5], [1, 8], [0, 3], [2, -1], [1, -6], [2, -4], [2, -1], [1, -3], [-1, -3], [1, -4], [2, -3], [0, -6], [2, -4], [1, 0], [1, -2], [2, 3], [1, 0], [1, -2], [1, 0], [1, 3], [1, -1], [1, -4], [0, -3], [3, 0], [2, -3], [1, 2], [0, 4], [-1, 4], [-1, 1], [-1, -4], [-1, 0], [0, 4], [1, 3], [3, 1], [1, 3], [1, -4], [0, -3], [-1, -3], [1, -4], [2, 2], [1, -4], [-1, -9], [0, -4], [2, -3], [2, 3], [1, 5], [0, -1], [1, -5], [1, -1], [0, 6], [1, 4], [1, -1], [0, -14], [2, -1], [1, -7], [1, -1], [0, 13], [1, 3], [2, -1], [0, -11], [1, -1], [1, 6], [1, 0], [4, -2], [2, -6], [0, -3], [1, -3], [1, 3], [2, 4], [1, -1], [1, -6], [1, -3], [1, 0], [1, 3], [-1, 9], [1, 4], [1, 2], [1, -2], [3, 0], [4, 2], [3, 2], [1, -1], [2, -7], [1, -6], [3, -4], [4, -1], [3, 0], [3, -1], [7, 1], [0, 3], [16, 0]], [[27259, 52665], [0, -18], [-2, -13], [-4, -22], [-2, -5], [0, -9], [-2, -32], [0, -75], [1, -21], [1, -14], [1, -11], [2, -15], [1, -7], [2, -26], [0, -41], [1, -2], [3, -8], [2, -6], [2, -9], [2, -20], [0, -16], [-1, -18], [-1, -7], [-2, -7], [-1, -6], [0, -50], [1, -22], [1, -23], [3, -31], [-1, 0], [1, -20], [5, -64], [4, -64], [8, -146], [2, -20], [2, -24], [1, -8], [1, -15], [0, -6], [2, -9], [1, -9], [1, -11], [1, -25], [1, -8], [1, -10], [1, -23], [0, -38], [1, -13], [1, -12], [2, -27], [1, -21], [6, -43], [1, -13], [0, -5], [2, -26], [2, -22], [2, -17], [2, -22], [0, -9], [4, -33], [1, -6], [3, -33], [2, -13], [3, -26], [4, -34], [9, -78], [-1, -1], [12, -111], [13, -100], [4, -45], [5, -47], [4, -31], [9, -45], [8, -50], [9, -58], [14, -88], [12, -72], [8, -50], [16, -96], [3, -17], [3, -18], [21, -110], [3, -12], [1, -7], [2, -24], [2, -26], [1, -14], [0, -15], [2, -8], [4, -39], [2, -9], [2, -23], [0, -23], [-2, -22], [-1, -10], [-2, -8], [-2, -6], [-1, -4], [-6, -22], [-4, -64], [-3, -75], [3, -43], [4, -79], [6, -104], [0, -8], [6, -43], [1, -8], [3, -30], [4, -31], [5, -37], [4, -29], [3, -18], [1, -12], [3, -18], [4, -41], [2, -15], [8, -59], [2, -18], [1, -13], [3, -29], [3, -36], [2, -31], [0, -6], [1, -10], [1, -17], [2, -16], [1, -5], [2, -26], [2, -30], [2, -27], [1, -13], [2, -21], [1, -8], [0, -4], [2, -6], [2, -12], [1, -10], [0, -27], [2, -18], [2, -26], [7, -57], [6, -52], [11, -107], [3, -21], [2, -11], [1, -11], [2, -11], [1, -14], [0, -19], [2, -10], [2, -35], [2, -20], [3, -19], [3, -32], [4, -40], [1, -25], [1, -9], [2, -35], [8, -103], [0, -8], [1, -17], [0, -4], [2, -24], [0, -8], [3, -34], [0, -41], [-1, -10], [-1, -7], [1, -20], [0, -20], [1, -9], [0, -12], [-2, -24], [0, -125], [-1, -22], [0, -16], [-1, -11], [-1, -5], [-1, -26], [0, -20], [-1, -14], [-2, -45], [-2, -82], [-1, -48], [-1, -37], [-1, -20], [0, -24], [-1, -10], [-1, -12], [0, -8], [-1, -10], [0, -14], [-1, -9], [0, -22], [-1, -8], [0, -17], [-1, -15], [0, -12], [-1, -9], [0, -38], [-1, -13], [0, -10], [-1, -20], [0, -24], [-1, -23], [0, -34], [-1, -14], [0, -57], [-1, -11], [1, -9], [0, -11], [-1, -10], [0, -10], [1, -9], [0, -60], [-1, -14], [0, -15], [-1, -13], [0, -43], [-1, -7], [-1, -8], [-2, -10], [-2, -7], [0, -20], [-1, -11], [-1, -12], [1, -9], [0, -7], [-1, -12], [-1, -13], [-1, -49], [0, -11], [1, -11], [-1, -8], [1, -12], [0, -10], [-1, -10], [-1, -15], [-1, -16], [0, -4], [1, -5], [2, -9], [1, -8], [1, -13], [1, -9], [-1, -7], [0, -10], [-1, -9], [0, -5], [-2, -8], [-1, -7], [-2, -5], [-3, -6], [-3, -4], [-1, -9], [-2, -14], [0, -9], [-1, -9], [0, -7], [-2, -9], [-1, -7], [-3, -13], [-2, -20], [-1, -9], [0, -10], [-2, -12], [-1, -7], [-2, -9], [-1, -6], [-1, -5], [-1, -6], [-3, -12], [0, -6], [-2, -14], [-1, -8], [-2, -10], [-2, -12], [-1, -5], [-2, -9], [-1, -13], [-1, -7], [-2, -11], [-2, -12], [-1, -5], [-2, -19], [-1, -11], [-1, -13], [-1, -7], [0, -3], [-2, -14], [-1, -5], [-2, -8], [-3, -23], [-2, -12], [-4, -14], [-1, -4], [-5, -12], [-2, -5], [-2, -2], [0, -16], [-1, -9], [-1, -8], [-1, -10], [-2, -8], [-2, -5], [-2, -6], [-3, -4], [-2, -2], [0, -15], [-1, -14], [-3, -11], [-2, -9], [-2, -5], [-2, -4], [-7, -6], [-3, -3], [-2, -9], [-2, -11], [-3, -13], [-3, -7], [-3, -5], [-2, -2], [-2, -7], [-2, -5], [-1, -1], [-3, -11], [0, -5], [-1, 0], [-3, -12], [-1, -6], [-2, -6], [-2, -8], [-1, -2], [-3, -9], [-3, -8], [-5, -6], [-1, -1], [-2, -5], [-2, -6], [-2, -4], [-4, -9], [-3, -6], [-2, -3], [-1, -3], [-2, -4], [-2, -3], [-1, -4], [-2, -10], [-4, -12], [-3, -6], [-3, -1], [-2, -1], [-4, 2], [-2, -5], [-4, -8], [-3, -1], [-2, 0], [-2, -11], [-2, -4], [-3, -13], [-2, -6], [-2, -4], [-3, -3], [-4, -1], [-2, -4], [-2, -8], [-4, -7], [-3, -4], [0, -2], [-5, -10], [-4, -10], [-3, -6], [0, 2], [-1, -2], [-2, -2], [-3, -2], [-1, -6], [-1, -7], [-3, -9], [-2, -7], [-3, -5], [-5, -3], [-3, -1], [-3, 0], [-4, 2], [-6, 6], [-2, 4], [-2, 7], [-1, -5], [-4, -10], [-2, -3], [-3, -3], [-6, 0], [0, -1], [-3, -8], [-3, -4], [-2, -3], [-2, 0], [-1, -8], [-1, -4], [-2, -4], [-2, -5], [-2, -2], [-5, -2], [-2, 1], [-3, -5], [-3, -4], [-6, -5], [0, -1], [-2, -3], [-3, -2], [-2, -6], [-3, -3], [-3, -2], [-7, 0], [-3, 1], [-5, -11], [-4, -7], [-3, -3], [-3, 1], [-2, 2], [-2, 3], [-2, 6], [-1, -2], [-3, 2], [-1, 2], [-1, -3], [-3, -10], [1, -9], [1, -12], [1, -10], [0, -11], [-1, -6], [0, -6], [-1, -8], [-1, 0], [-1, -4], [-2, -12], [-3, -10], [-4, -6], [-3, -2], [-3, 0], [-1, -5], [-2, -6], [-4, -8], [-4, -4], [-2, 0], [-1, -3], [-2, -3], [-5, -5], [-1, -2], [-3, -1], [-2, -2], [-4, -6], [-4, -3], [-5, 1], [-3, 4], [-2, 4], [-2, 6], [-2, 8], [-2, 16], [-1, 11], [0, 23], [1, 5], [-3, -2], [-3, 1], [1, -5], [1, -15], [1, -21], [-2, -25], [-4, -14], [-3, -11], [-8, -12], [-2, -2], [-3, -1], [-1, 0], [-1, -1], [-2, -1], [-3, 1], [-3, 2], [-2, -5], [-2, -4], [-3, -2], [-4, 1], [-3, 3], [-4, 7], [-2, 8], [-2, 10], [-2, 12], [0, 30], [1, 13], [1, 3], [-2, 3], [-3, 1], [-2, 2], [-1, -1], [-3, 1], [-3, 2], [-3, 5], [-3, 9], [-2, 8], [0, 8], [-1, 13], [-3, 10], [-1, -7], [-2, -7], [-3, -6], [-3, -7], [-1, 0], [-4, -3], [-3, -1], [-3, 2], [-3, -3], [-2, 0], [-2, 1], [-6, 6], [-2, 5], [-3, 8], [-2, 11], [-1, 6], [-2, 30], [0, 20], [1, 9], [1, 6], [-31, 0], [1, 16], [1, 17], [1, 13], [5, 40], [3, 14], [3, 15], [4, 19], [2, 10], [5, 15], [3, 7], [7, 14], [4, 5], [3, 2], [8, 4], [4, 0], [6, -1], [4, -2], [3, -2], [9, -9], [2, -3], [5, -9], [2, 6], [4, 8], [3, 7], [5, 7], [5, 6], [4, 3], [3, 2], [5, 4], [3, 1], [3, 0], [2, 5], [0, 2], [9, 18], [2, 6], [3, 6], [7, 13], [2, 3], [4, 5], [3, 2], [5, 16], [4, 10], [6, 11], [3, 5], [7, 14], [4, 11], [3, 9], [5, 10], [4, 6], [3, 3], [6, 18], [5, 13], [4, 9], [4, 7], [1, 3], [4, 7], [8, 16], [5, 8], [8, 6], [5, 2], [4, 4], [4, 2], [4, 0], [4, -1], [4, -2], [1, -2], [5, -4], [3, 2], [4, 1], [4, 5], [3, 4], [3, 3], [3, 2], [3, 1], [6, 0], [6, -4], [3, -3], [4, -5], [2, -3], [3, -6], [3, -7], [-1, 10], [0, 6], [-2, 8], [-2, 14], [-2, 4], [-2, 8], [-2, 9], [-1, 7], [-5, 9], [-4, 10], [-4, 16], [-3, 11], [-2, 12], [-2, 10], [-1, 8], [-1, 10], [-1, 9], [-1, 11], [-1, 17], [-1, 9], [-1, 6], [-2, 13], [-2, 18], [-1, 14], [-1, 15], [-2, 16], [-1, 18], [0, 53], [3, 33], [5, 69], [-1, 11], [-1, 14], [-1, 20], [-2, 5], [-2, 10], [-4, 16], [-1, 7], [-2, 20], [-2, 13], [-3, 44], [-1, 9], [-3, 11], [-2, 14], [-2, 7], [-2, 16], [-2, 15], [-6, 9], [-2, 6], [-4, 11], [-4, 13], [-2, 12], [-2, 9], [-2, 12], [-1, 7], [-1, 12], [-1, 10], [-1, 13], [0, 8], [-4, 7], [-6, 10], [-3, 10], [-3, 7], [-3, -5], [-9, -9], [-3, -1], [-4, -1], [-2, 1], [-4, -1], [-3, 0], [-4, 2], [-5, 3], [-4, 5], [-5, 7], [-6, 12], [-4, 11], [-3, 11], [-2, 9], [-3, 12], [-2, 10], [-1, 8], [-2, 15], [-2, 11], [-3, 26], [-1, 5], [-2, 8], [-1, 8], [-3, 12], [-1, 8], [-2, 11], [-1, 8], [-1, 12], [-2, 18], [-1, 4], [-2, 14], [-2, 15], [-1, 14], [0, 11], [-1, 16], [-1, 20], [-1, 14], [-1, 9], [-1, 14], [-2, 14], [-2, 13], [-1, 11], [-1, 10], [-1, 11], [-2, 17], [-1, 9], [0, 14], [-1, 17], [0, 14], [-1, 35], [-2, 30], [0, 29], [-1, 20], [0, 22], [-1, 28], [-2, 20], [-1, 13], [-2, 22], [-3, -5], [-5, -5], [-4, -3], [-3, -1], [-4, -1], [-6, 0], [-5, 2], [-4, 3], [-3, 4], [-8, 10], [-9, 15], [-5, 11], [-3, 9], [-2, 5], [-4, 15], [-5, 11], [-3, 11], [-4, 14], [-3, 10], [-1, 8], [-3, 13], [-2, 11], [-2, 20], [-3, 23], [-1, 12], [-1, 14], [-2, 47], [-4, 20], [-1, 15], [-2, 17], [-1, 11], [-1, 13], [0, 9], [-4, 22], [-1, 8], [-2, 14], [-2, 19], [-1, 18], [-1, 19], [-1, 12], [0, 32], [1, 9], [0, 34], [-1, 5], [-2, 15], [-1, 13], [-6, 32], [-1, 6], [-3, 13], [-2, 10], [-3, 21], [-2, 10], [-3, 27], [-3, 17], [-4, 22], [-2, 17], [-4, 33], [-3, 17], [-4, 23], [-1, 11], [-2, 16], [-3, 25], [-1, 16], [-2, 13], [-2, 18], [-1, 12], [-1, 16], [-4, 26], [-2, 20], [-1, 9], [-1, 12], [-1, 6], [-2, 10], [-2, 6], [-2, 8], [-3, 11], [-3, 17], [-2, 12], [-2, 11], [-1, 10], [-1, 12], [-1, 15], [-5, 25], [-2, 7], [-4, 20], [-3, 22], [-2, 7], [-5, 17], [-2, 7], [-2, 13], [-3, 16], [-2, 12], [-1, 15], [-2, 13], [0, 13], [-2, 19], [-2, 5], [-2, 12], [-2, 9], [-4, 24], [-1, 12], [-2, 17], [-1, 13], [-4, 34], [-1, 13], [-1, 11], [0, 16], [-1, 16], [0, 17], [1, 10], [0, 25], [2, 16], [1, 15], [1, 13], [1, 7], [0, 17], [-3, 14], [-3, 11], [-6, 24], [-2, 9], [-3, 16], [-2, 13], [-2, 14], [-1, 8], [-3, 22], [-1, 10], [-1, 12], [-1, 26], [-1, 12], [0, 68], [1, 31], [2, 27], [1, 21], [2, 18], [0, 26], [-1, 4], [1, 13], [-2, 16], [-1, 15], [0, 41], [-1, 18], [0, 34], [-1, 9], [-1, 26], [-1, 33], [0, 26], [1, 25], [1, 19], [3, 27], [1, 11], [2, 12], [3, 12], [1, 7], [3, 10], [4, 13], [6, 15], [6, 9], [4, 5], [1, 16], [1, 11], [1, 13], [1, 12], [1, 13], [1, 10], [0, 11], [1, 17], [2, 14], [1, 13], [2, 10], [-1, 16], [0, 40], [1, 9], [0, 10], [1, 13], [1, 12], [2, 13], [-3, 13], [-2, 13], [-1, 9], [-2, 12], [-1, 16], [-2, 16], [0, 14], [-1, 10], [-1, 15], [-1, 12], [0, 16], [-2, 10], [-2, 17], [-1, 9], [-2, 16], [-2, 15], [-1, 15], [0, 14], [-1, 17], [1, 19], [0, 15], [1, 11], [2, 24], [-3, 14], [-1, 9], [-2, 14], [-1, 11], [-1, 21], [-1, 18], [0, 38], [-3, -7], [-2, -3], [-8, -8], [-3, -2], [-5, -2], [-4, 0], [-4, 1], [-4, -1], [-5, 1], [-4, 3], [-5, 4], [-4, 4], [-4, 6], [-4, 10], [-5, 10], [-4, 14], [-3, 11], [-2, 8], [-3, 13], [-1, 9], [-4, 24], [-1, 9], [-2, 11], [-1, 16], [-1, 9], [-1, 14], [-1, 16], [0, 53], [-4, 9], [-2, 6], [-4, 11], [-4, 14], [-2, 10], [-2, 8], [-1, 12], [-3, 16], [-1, 16], [-1, 10], [-1, 12], [0, 18], [-1, 12], [0, 4], [-9, 18], [-4, 11], [-2, 7], [-2, 9], [-3, 9], [-2, 13], [-3, 4], [-3, 6], [-3, 8], [-4, 6], [-3, 7], [-8, 24], [-3, 13], [-3, 15], [-2, 12], [-2, 11], [-1, 11], [-1, 14], [-1, 19], [-1, 13], [0, 29], [-1, 18], [-1, 8], [0, 14], [-1, 16], [-3, 8], [-2, 8], [-4, 14], [-2, 3], [-3, 4], [-3, 6], [-5, 9], [-3, 8], [-2, 6], [-2, 7], [-3, 11], [-2, 7], [-1, 9], [-4, 18], [-2, 16], [-2, 13], [-2, 14], [-1, 15], [-1, 13], [-1, 10], [0, 19], [-1, 3], [-1, 9], [-2, 11], [-3, 23], [-4, 14], [-4, 7], [-3, 6], [-3, 7], [-5, 2], [-3, 1], [-4, 4], [-3, 2], [-3, 5], [-4, 6], [-8, 20], [-2, 7], [-2, 8], [-4, 14], [-2, 9], [-2, 5], [-2, 3], [-3, 7], [-5, 7], [-4, 9], [-7, 21], [-2, 10], [-6, -4], [-3, -6], [-4, -5], [-4, -3], [-4, -2], [-4, -1], [-2, 0], [0, -13], [-1, -15], [-1, -26], [-1, -13], [-3, -23], [-2, -16], [-2, -11], [-2, -9], [-2, -12], [-3, -13], [-4, -12], [-5, -12], [-4, -9], [-4, -6], [-5, -7], [-8, -6], [-6, -3], [-3, -1], [-5, -1], [-3, 1], [-4, 1], [-4, 3], [-2, -10], [-4, -24], [-2, -9], [-3, -14], [-3, -7], [-3, -9], [-3, -7], [-4, -7], [-4, -8], [-3, -5], [-5, -9], [-6, -8], [-5, -7], [-3, -12], [-4, -12], [-4, -15], [-5, -16], [-2, -9], [-2, -6], [-8, -20], [-6, -13], [-5, -8], [-3, -5], [-5, -8], [-9, -9], [-2, -5], [-3, -5], [-9, -21], [-5, -11], [-3, -7], [-4, -8], [-4, -7], [-2, -3], [-4, -4], [-7, -8], [-4, -6], [-7, -8], [-6, -6], [-5, -3], [-4, -2], [-4, -1], [-5, 2], [-4, 1], [-4, 4], [-4, 6], [-3, 5], [-2, 4], [-4, 7], [-3, 8], [-6, 21], [-2, 3], [-3, 3], [-3, 4], [-4, 9], [-5, 9], [-1, 5], [-5, 13], [-1, -1], [-3, -6], [-3, -5], [-5, -6], [-6, -4], [-3, -1], [-7, 0], [-4, 2], [-3, 2], [-4, 5], [-4, 6], [-5, 8], [-2, 6], [-2, 5], [-3, 8], [-4, 12], [-4, 15], [-2, 8], [-3, 19], [-2, 8], [-3, 21], [-3, 18], [-1, 8], [-2, 21], [-4, 36], [-2, 23], [-1, 20], [-2, 27], [-1, 15], [-2, 28], [0, 11], [-1, 16], [0, 38], [-5, 13], [-2, 6], [-5, 13], [-3, 11], [-5, 18], [-7, 26], [-5, 19], [-1, 8], [-5, 8], [-4, 6], [-8, 14], [-3, 7], [-6, 15], [-3, 7], [-6, 16], [-4, 13], [-4, 11], [-3, 14], [-3, 8], [-3, 9], [-3, 7], [-7, 18], [-4, 9], [-6, 13], [-11, 23], [-7, 14], [-12, 20], [-9, 14], [-12, 18], [-8, 11], [-3, 4], [-8, 9], [-4, 6], [-10, 12], [-4, 4], [-6, 8], [-7, 6], [-4, 5], [-11, 8], [-3, 1], [-5, 3], [-2, 1], [-7, 3], [-4, 1], [-5, 0], [-7, -2], [-5, 0], [-6, 2], [-7, 7], [-3, 1], [-4, 3], [-9, 3], [-5, 1], [-13, -1], [-7, -2], [-8, -3], [-13, -6], [-4, -1], [-14, -8], [-10, -6], [-4, -4], [-4, -2], [-2, -2], [-6, -5], [-9, -5], [-9, -7], [-12, -10], [-18, -14], [-4, -3], [-6, -2], [-7, -5], [-6, -2], [-7, -3], [-9, -3], [-3, 0], [-4, 1], [-5, 3], [-4, -3], [-5, -6], [-8, -7], [-5, -5], [-4, -2], [-7, -5], [-6, -4], [-3, -3], [-8, -6], [-7, -6], [-3, -3], [0, 121]], [[26768, 45595], [0, 16], [1, 17], [2, 15], [1, 14], [2, 11], [2, 16], [4, 16], [4, 15], [3, 10], [3, 7], [3, 9], [4, 11], [7, 14], [5, 6], [4, 4], [4, 2], [4, 1], [2, 3], [5, 5], [7, 4], [5, 1], [3, -1], [8, 3], [3, 0], [3, -1], [4, -2], [5, -5], [5, -6], [5, -10], [3, -8], [4, -11], [4, -17], [4, -20], [3, -21], [3, -29], [1, -21], [1, -18], [-1, -15], [0, -16], [-1, -15], [0, -11], [-2, -15], [-1, -11], [-48, 0], [-2, -11], [-4, -8], [-4, -5], [-2, -1], [-4, 1], [-3, 4], [-2, 5], [-3, 6], [-2, -4], [-3, -3], [-3, -1], [-5, 3], [-3, 5], [-1, 5], [-2, 4], [-5, 0], [0, -124], [-4, 6], [-4, 9], [-4, 10], [-2, 8], [-4, 13], [-2, 11], [-3, 13], [-2, 13], [-1, 8], [-1, 11], [-2, 18], [0, 12], [-1, 9], [0, 36]], [[25398, 60901], [-1, -3], [-2, -12], [-1, -18], [-2, -18], [-2, -9], [0, -3], [-2, -6], [-2, -7], [-1, -1], [-1, -3], [-1, -1], [-3, -6], [-2, -6], [-5, -7], [-1, -2], [-1, -5], [-2, -11], [0, -6], [-4, -11], [-1, -7], [-1, -8], [-2, -12], [0, -6], [1, -6], [0, -19], [1, -12], [3, -22], [1, -5], [-1, -7], [1, -9], [1, -10], [0, -3], [4, -6], [2, -9], [2, -6], [2, -5], [2, -16], [1, -4], [3, -3], [2, -4], [1, -4], [1, -12], [0, -9], [1, -3], [0, -6], [-1, -12], [-1, -4], [-2, 0], [0, -5], [-1, -3], [-1, -6], [-1, -2], [-1, 0], [-1, 2], [-2, 0], [-2, -1], [-5, -1], [-1, -2], [-1, 2], [-4, -3], [-1, -2], [-6, -2], [-1, -3], [-1, 1], [-1, -1], [-4, -3], [-3, -1], [-5, -3], [-4, -1], [-4, 0], [-8, -4], [-1, -3], [-4, -5], [-3, -6], [-2, -7], [-1, -1], [-2, -5], [-4, -15], [-1, -5], [-4, -11], [-1, -2], [-1, 1], [-1, 2], [-1, 7], [-2, 4], [-3, 7], [-2, 4], [-2, 3], [-1, -1], [-3, -4], [-3, -3], [-4, -7], [-2, -3], [-3, -12], [-3, -15], [0, -8], [-2, -19], [0, -21], [-1, -7], [-1, -5], [0, -6], [-2, -10], [-2, -16], [-2, -13], [0, -6], [-1, -8], [1, -6], [1, -5], [0, -5], [1, -7], [0, -1], [-1, -3], [1, -2], [4, -14], [2, -8], [1, -10], [1, -6], [2, -8], [6, -16], [0, -3], [1, -10], [0, -3], [2, -12], [0, -2], [1, -20], [2, -10], [1, -4], [-3, -28], [-2, -17], [-1, -4], [1, 0], [0, -5], [-1, -6], [0, -5], [-1, -9], [-2, -8], [-1, -5], [-1, -3], [-3, -5], [-3, -2], [-1, 1], [-4, -3], [-4, -1], [-3, 2], [-5, 4], [-2, 3], [-2, 4], [-2, 2], [0, -3], [-2, 5], [0, 6], [-1, 1], [-2, 7], [-1, 9], [-2, 3], [-1, 4], [-3, 8], [-2, 4], [-3, 5], [-3, 2], [-5, 7], [-7, 11], [-3, 5], [-3, 1], [-4, -2], [-4, 4], [-2, 3], [-2, 6], [-4, 9], [-5, 12], [0, 4], [-2, 3], [0, 3], [-4, 9], [-1, 3], [-3, 1], [-1, 2], [-5, 6], [-2, 4], [-2, 3], [-4, 7], [-3, 4], [-4, 5], [-7, 9], [-2, 1], [-3, 3], [-2, 1], [2, -3], [0, -1], [-2, -1], [-4, 1], [-3, 1], [-2, 3], [1, 2], [-1, 0], [-4, -2], [-4, -5], [-3, -9], [-2, -1], [-2, -5], [-1, 0], [-2, -8], [-1, -1], [-4, -16], [-7, -21], [-2, -8], [-1, -9], [-1, -8], [-1, -11], [-1, -9], [-2, -11], [-1, -3], [-4, -14], [-4, -11], [-2, -1], [-1, -6], [1, -2], [-1, -1], [-1, -4], [-3, -14], [-2, -10], [-1, -10], [-1, -14], [0, -28], [2, -12], [1, -5], [3, -9], [3, -11], [4, -9]], [[24454, 63899], [1, 4], [5, 1], [1, 1], [2, 3], [3, 7], [1, 8], [0, 20], [-2, 12], [-1, 12], [0, 13], [1, 10], [1, 8], [2, 9], [1, 15], [0, 18], [-1, 15], [-4, 18], [-2, 6], [-3, 4], [-1, 3], [-1, 4], [0, 6], [1, 8], [1, 5], [6, 18], [1, 9], [4, 23], [2, 5], [1, 4], [3, 4], [8, 14], [2, 2], [5, 3], [3, 3], [3, 2], [2, 4], [2, 1], [9, 0], [5, -3], [4, 2], [8, 19], [5, 8], [4, 9], [1, 5], [0, 4], [1, 18], [1, 6], [1, 7], [-1, 6], [-1, 20], [2, 24], [0, 5], [2, 8], [1, 7], [2, 16], [0, 19], [-2, 11], [0, 10], [2, 11], [0, 5], [4, 10], [3, 10], [2, 5], [1, 2], [1, 12], [1, 7], [3, 12], [3, 5], [1, 6], [3, 16], [2, 7], [2, 5], [3, 4], [2, 4], [3, 4], [1, 3], [1, 4], [2, 30], [1, 9], [-1, 13], [-1, 8], [0, 4], [1, 8], [1, 10], [2, 13], [0, 15], [1, 18], [-1, 9], [0, 7], [-1, 9], [1, 6], [-1, 10], [0, 28], [-1, 8], [-2, 12], [-2, 9], [-1, 13], [-3, 14], [-3, 15], [-2, 8], [-2, 4], [-1, 1], [-3, -2], [-1, -1], [-2, 0], [-3, 3], [-4, 22], [-3, 16], [-4, 18], [-5, 15], [-4, 13], [0, 13], [2, 14], [2, 11], [1, 13], [1, 7], [1, 6], [3, 9], [1, 4], [0, 6], [1, 34], [0, 13], [1, 18], [0, 3], [4, 18], [0, 18], [1, 12], [1, 7], [2, 5], [3, 4], [4, 1], [2, 2], [3, 4], [2, 4], [3, 1], [4, -6], [2, -4], [2, -2], [2, -1], [3, -2], [2, 2], [1, 3], [3, 4], [2, 2], [3, 5], [6, 14], [3, 6], [3, 3], [4, 1], [2, -1], [4, 0], [4, -1], [3, -1], [2, -2], [8, -2], [4, 0], [3, 3], [5, 2], [5, 3], [4, 5], [2, 0], [3, 1], [2, 4], [3, 9], [2, 8], [4, 6], [3, 11], [1, 3], [0, 11], [2, 5], [1, 2], [3, 3], [3, 1], [1, 2], [3, 8], [4, 2], [8, -8], [4, -1], [2, 0], [5, 1], [3, 5], [5, 14], [2, 10], [1, 6], [3, 6], [2, 10], [5, 10], [5, 6], [5, 3], [5, 10], [1, 3], [0, 38], [-1, 27], [2, 21], [1, 17], [1, 5], [3, 7], [1, 6], [1, 5], [0, 12], [-1, 10], [-1, 5], [1, 14], [2, 10], [2, 8], [5, 17], [1, 3], [4, 5], [5, 10], [7, 15], [1, 3], [9, 9], [1, 4], [1, 6], [-1, 18], [0, 20], [3, 15], [0, 15], [1, 7], [1, 9], [2, 16], [1, 10], [0, 10], [1, 18], [-2, 9], [-1, 3], [-1, 5], [0, 13], [2, 12], [0, 3], [1, 6], [2, 4], [0, 12], [2, 9], [0, 15], [-1, 7], [-1, 4], [-1, 14], [-2, 8], [-2, 5], [0, 11], [-1, 6], [1, 6], [-1, 17], [1, 12], [1, 5], [0, 30], [-2, 7], [-1, 3], [-4, 0], [-3, 3], [-1, 4], [-1, 9], [-1, 12], [0, 4], [-2, 5], [-3, 4], [-3, 6], [-4, 7], [-1, 0], [-4, 3], [-4, 6], [-4, 10], [-6, 7], [-3, 8], [-2, 3], [-5, 2], [-3, 6], [-3, 5], [-3, 10], [-1, 3], [-1, 4], [0, 4], [-2, 8], [-2, 9], [-3, 8], [-1, 8], [0, 8], [-2, 12], [0, 5], [1, 9], [1, 3], [0, 11], [1, 7], [0, 8], [1, 9], [-1, 6], [-3, 10], [-2, 13], [-2, 10], [-2, 3], [-3, 12], [-2, 10], [-2, 7], [-2, 1], [-2, 3], [-2, 9], [-2, 4], [-3, 5], [-7, 10], [-2, 2], [-2, 3], [0, 6], [-1, 10], [-1, 6], [0, 4], [-2, 4], [-3, 3], [-2, 4], [-5, 4], [-5, 9], [-6, 13], [-1, 6], [-2, 10], [0, 8], [2, 8], [0, 4], [2, 9]], [[24670, 66375], [7, -1], [30, 0], [23, -1], [48, 0], [3, 1], [59, 0], [7, -1], [6, -1], [8, -1], [80, 0], [19, -2], [11, -1], [19, -2], [15, 0], [24, -1], [17, -2], [8, 0], [11, -1], [16, -1], [19, 0], [8, -1], [22, 0], [36, -3], [3, 0], [10, -1], [11, -1], [8, 1], [9, 1], [16, 2], [36, 0], [8, -1], [10, 1], [20, -1], [24, 0], [7, 1], [38, 0], [17, 1], [22, -1], [12, 0], [32, -2], [12, -1], [2, -1], [12, 1], [35, 0], [70, 2], [35, -1], [64, 0]], [[24861, 71933], [-12, 2], [-35, 4], [-39, 5], [-31, 3], [-34, 4], [-35, 2], [-8, 2], [-34, -65], [-28, -54], [-35, -67], [-17, -35], [-15, -29], [-39, -76], [-18, -34], [-15, -31], [-35, -70], [-14, -24], [-11, -21], [-10, -14], [-34, -57], [-35, -59], [-30, -46], [-11, -22], [-3, 5], [-11, 32], [-5, 15], [-7, 0], [-6, -11], [-2, -6], [0, -7], [1, -4], [-2, -10], [0, -1], [-2, 1], [-4, 4], [-2, -3], [-1, -1], [-3, 1], [0, -1], [-1, -6], [-1, -4], [-2, -4], [0, -7], [2, -2], [4, -1], [2, -6], [0, -8], [-3, -6], [-2, -2], [-3, -14], [1, -6], [0, -5], [-3, -6], [-1, 0], [-2, 3], [-2, 0], [-2, -3], [-2, -1], [-1, 5], [-2, 6], [-1, -2], [-2, -7], [-1, 0], [-1, 2], [0, 6], [-3, 1], [-1, 2], [0, 8], [-1, 1], [0, -191], [-1, -73], [0, -136], [1, -12], [-1, -30], [0, -248], [-1, -2], [-3, -1], [-2, -3], [-1, 0], [-3, -5], [-1, -6], [-1, -9], [0, -5], [-2, -5], [1, -10], [-1, -9], [-1, -4], [-1, -8], [-2, -4], [-1, 0], [-3, 1], [-1, 2], [-4, 4], [-3, 6], [-2, 3], [-3, -1], [-4, -6], [-2, -6], [-1, -8], [-2, -10], [0, -9], [-1, -3], [-2, -3], [0, -7], [1, -2], [-1, -4], [-3, -4], [-2, 1], [-1, 2], [-2, 0], [-3, 5], [-5, 5], [-1, 0], [-2, -3], [-2, -4], [-2, -9], [-1, -3], [0, -13], [-1, -5], [-4, -4], [-2, -1], [-2, -2], [-2, -5], [-3, -1], [-5, -8], [-1, 1], [-2, -3], [-3, 2], [0, -11], [-5, 0], [-1, -2], [-2, -6], [-1, -2], [-1, -5], [0, -5], [-3, -6], [-1, -3], [-3, -4], [-2, -1], [-1, -4], [-2, -9], [-1, -2], [-3, -13], [0, -2], [-2, -10], [1, -2], [-1, -15], [-2, -6], [-1, -1], [-1, -3], [-2, -5], [-1, -4], [0, -3], [1, -10], [1, -9], [0, -5], [-1, -7], [-2, -3], [-1, -4], [-1, -6], [-1, -8], [-2, -22], [-3, -12], [-2, -2], [0, -5], [-6, -12], [-1, -4], [-2, -1], [-1, -4], [-2, -1], [-1, -6], [-3, -1], [-2, -6], [0, -6], [-1, -14], [1, -3], [-2, -10], [0, -15], [-1, -12], [-1, -7], [-1, -16], [-1, -4], [1, -7], [0, -20], [1, -6], [0, -11], [-1, -11], [1, -6], [0, -17], [3, -9], [8, -2], [6, -6], [3, 0], [3, 2], [3, 5], [3, 2], [2, 0], [2, -6], [2, -7], [3, -5], [4, -10], [2, -4], [0, -3], [-1, -15], [1, -13], [0, -2], [3, -9], [4, -15], [2, -12], [1, -7], [2, -7], [1, -6], [3, -5], [3, -4], [1, -2], [2, -15], [0, -5], [-1, -9], [0, -13], [1, -5], [-1, -4], [0, -14], [-2, -3], [-2, -4], [-1, -4], [-3, -11], [0, -8], [-3, -6], [-1, -3], [-1, -2], [-2, -6], [0, -6], [1, -13], [0, -7], [-1, -11], [-5, -15], [-2, -5], [-2, -11], [-1, -1], [-3, -8], [-2, -2], [-1, -3], [0, -11], [1, -4], [1, -5], [1, -6], [-1, -7], [-2, -12], [1, -13], [0, -9], [2, -14], [-1, -6], [-2, -7], [-1, -3], [-1, -12], [0, -10], [1, -3], [3, -10], [1, -4], [-1, -5], [1, -4], [0, -29], [1, -18], [2, -7], [0, -4], [-1, -6], [-3, -6], [-2, -5], [-4, -11], [-4, -10], [-2, -9], [-1, -3], [-1, -6], [1, -9], [1, -8], [3, -8], [1, -4], [3, -8], [2, -5], [1, -8], [-2, -17], [-1, -7], [0, -9], [1, -7], [-1, -5], [1, -13], [0, -5], [2, -4], [2, -10], [1, -17], [0, -5], [-1, -10], [-1, -20], [-1, -4], [-3, -7], [-1, -8], [0, -6], [2, -8], [1, -8], [0, -3], [-1, -11], [0, -9], [1, -18], [0, -7], [-2, -7], [0, -8], [-2, -8], [-1, -7], [0, -11], [-1, -9], [0, -3], [-3, -8], [-1, -5], [-1, -11], [-1, -13], [0, -6], [2, -7], [2, -8], [6, -8], [6, -12], [3, -4], [2, -5], [3, -10], [6, -16], [2, -4], [2, -7], [6, -22], [2, -6], [7, -10], [3, -12], [0, -12], [-1, -8], [1, -7], [0, -3], [2, -2], [2, 1], [1, -1], [2, -4], [2, -3], [0, -5], [1, -2], [1, 1], [1, 5], [3, -2], [1, -8], [4, -16], [0, -5], [-1, -6], [1, -5], [1, -1], [2, 0], [3, 6], [3, 3], [1, -4], [2, -3], [4, -4], [3, 3], [6, -7], [5, -10], [1, -1], [3, 6], [3, 3], [7, -4], [6, 2], [2, 0], [4, -2], [3, -4], [2, -4], [2, -5], [2, -4], [0, -6], [1, -10], [2, -11], [1, -4], [0, -19], [1, -6], [2, -11], [2, -9], [4, -11], [6, -10], [1, -5], [3, -10], [3, -7], [8, -8], [9, -7], [6, -3], [4, -4], [4, -8], [7, -7], [2, -5], [5, 0], [2, -3], [2, -9], [2, -6], [5, -8], [2, -2], [2, -1], [1, -1], [1, -4], [4, -7], [2, -1], [2, -3], [3, -7], [2, -8], [1, -5], [2, -9], [4, -6], [1, -5], [2, -15], [1, -8], [0, -4], [-2, -8], [-1, -6], [0, -5], [1, -6], [3, -4], [2, -4], [2, -5], [0, -14], [2, -8], [0, -12], [-1, -13], [0, -4], [1, -6], [2, -11], [1, -8], [1, -11], [3, -5], [2, -5], [3, -8], [4, -6], [1, -2], [3, -16], [2, -6], [4, -6], [6, -7], [1, -5], [5, -10], [6, -3], [2, -2], [1, -2], [3, -10], [0, -19], [4, -7], [2, 0], [2, -1], [4, -14], [2, -13], [3, -12], [2, 0], [1, -2], [3, -7], [3, -5], [1, -3], [2, -4], [2, -10], [1, -4], [3, -7], [3, -1], [4, -1], [3, -4], [4, -1], [1, 0], [3, -1], [3, -2], [2, -2], [2, -5], [4, -6], [3, 2], [1, 0], [3, -5], [4, -4], [3, -9], [1, -13], [3, -8], [1, -6], [1, -8], [3, -5], [3, -6], [5, -20], [1, -3], [0, -9], [2, -12], [3, -5], [1, -11], [2, -7], [3, -5], [1, -5], [2, -7], [1, -17], [2, -6], [1, -7], [3, -5], [2, -12], [1, -5], [1, -15], [1, -14], [1, -4], [0, -6], [1, -4], [0, -10], [3, -10], [2, -10], [0, -9], [-3, -25], [0, -15], [-1, -10], [0, -5], [-2, -6], [0, -22], [-1, -23], [0, -3], [-1, -6], [1, -7], [0, -12], [2, -4], [0, -11], [-1, -13], [0, -14], [1, -6], [1, -8], [2, -3], [5, -15], [1, -5], [0, -22], [-1, -3], [-2, -8], [0, -17], [2, -9], [1, -10], [2, -6], [2, -5], [0, -17]], [[24510, 67527], [-7, 0], [-7, 1], [-29, 0], [-1, -1], [-6, 1], [-27, 0], [-18, -1], [-19, 1], [-2, -1], [-22, 1], [-128, 0], [-8, -1], [-6, 1], [-25, -1], [-10, 1], [-11, -1], [-9, 1], [-12, -1], [-134, 0], [-33, -1], [-179, 0], [-27, 1], [-195, 0], [-18, 1], [0, -1], [-15, 1], [-73, 0], [-2, -1], [-4, 0], [-3, 1], [-50, 0], [-17, -1], [-3, 1], [-23, 0], [-33, -1], [-18, 0], [-6, 1], [-6, -1], [-272, 0]], [[23021, 70357], [1, 12], [-1, 6], [0, 8], [-1, 1], [-1, 6], [0, 30], [-1, 17], [0, 14], [-1, 13], [1, 11], [2, 18], [2, 3], [0, 5], [1, 7], [0, 15], [1, 7], [-1, 4], [0, 8], [-1, 8], [0, 4], [-1, 4], [-1, 8], [2, 2], [0, 3], [-2, 1], [0, 4], [-1, 1], [0, 2], [1, 7], [-1, 4], [0, 1], [-1, 8], [-1, 5], [-1, 4], [2, 10], [-1, 2], [0, 5], [-1, 1], [2, 2], [-1, 2], [-1, 0], [0, 1], [1, 1], [0, 3], [-2, -1], [2, 4], [-2, 1], [0, -3], [-1, 1], [-1, -1], [0, 4], [1, 1], [0, 2], [1, 2], [-2, 3], [1, 0], [0, 7], [1, 4], [-2, 1], [2, 2], [1, 4], [-1, 0], [0, 3], [-1, 1], [0, 3], [1, 2], [0, 2], [-2, -2], [1, 4], [-1, 3], [0, 4], [-1, 2], [0, 14], [-1, 5], [0, 7], [2, 4], [1, -1], [1, 2], [0, 5], [-2, -1], [-1, 3], [1, 5], [0, 3], [-2, 3], [1, 7], [0, 11], [-1, 4], [1, 6], [-2, 0], [1, 2], [1, 0], [0, 4], [-3, 2], [3, 6], [-2, 4], [1, 4], [0, 7], [1, 8], [-1, 2], [0, 9], [-2, -2], [2, 6], [-2, 0], [-1, 6], [-3, 5], [0, 2], [1, 4], [0, 2], [-3, 2], [0, 6], [-3, -3], [-2, -1], [0, 10], [1, 2], [-2, 2], [-2, 4], [0, 4], [-1, 2], [1, 4], [-2, -1], [-1, 3], [0, 13], [-2, 5], [1, 4], [-2, 10], [-1, 4], [-1, -2], [-1, 4], [1, 4], [0, 2], [-4, -1], [0, 4], [2, 0], [0, 6], [-3, -5], [0, 1], [1, 10], [-1, -1], [1, 5], [-2, -2], [0, 2], [1, 7], [0, 2], [-1, -3], [-1, 0], [0, 2], [-1, -1], [-1, 3], [-1, 2], [1, 1], [2, -1], [-1, 4], [1, 3], [-1, 2], [0, -2], [-2, 0], [0, 2], [2, 1], [0, 4], [-1, 3], [2, 0], [0, 5], [-2, 2], [0, 2], [2, 3], [-2, 2], [-1, -3], [0, 5], [1, 2], [1, -1], [0, 3], [-1, 1], [-1, -3], [-1, 2], [0, 4], [-3, 5], [0, -4], [-1, 2], [2, 5], [-1, 2], [-1, 3], [2, 2], [-1, 2], [1, 2], [-1, 3], [1, 2], [-2, 1], [1, 3], [-1, 1], [2, 6], [-2, 3], [0, 3], [1, -1], [1, 2], [-1, 4], [-1, 5], [-1, 0], [2, 2], [-1, 4], [-1, -1], [0, 10], [-1, 2], [2, 0], [-1, 4], [1, 2], [-1, 0], [-1, -1], [-1, 2], [2, 1], [0, -1], [1, 3], [-1, 0], [-2, 1], [1, 4], [1, -2], [1, 2], [-1, 3], [-2, -1], [1, 8], [-1, -1], [-1, 3], [2, 0], [-1, 5], [1, 0], [0, 3], [1, -2], [0, 5], [-1, 0], [0, 4], [-1, 0], [0, 3], [1, 0], [0, 3], [-2, 0], [0, -2], [-1, 4], [1, 0], [0, 4], [2, 0], [-1, 3], [-3, -3], [0, 3], [3, 1], [0, 4], [-2, -2], [-1, 3], [0, 3], [1, 0], [1, 4], [-3, 0], [0, 4], [-2, -2], [0, 5], [1, 2], [-1, 1], [1, 4], [-2, -2], [-1, 3], [2, 2], [0, 8], [-2, -3], [-1, 2], [1, 2], [1, 0], [0, 4], [-1, -1], [-1, 2], [-1, -3], [0, 4], [2, 2], [0, 2], [-2, -2], [-1, 1], [1, 3], [0, 4], [-1, -2], [-2, 2], [1, 4], [1, 5], [1, 1], [-1, 3], [-1, 5], [1, 3], [-2, 6], [0, 6], [-1, 1], [1, 2], [-1, 7], [1, 1], [1, -2], [0, 8], [-1, -1], [-1, 2], [1, 4], [1, 1], [0, -3], [2, 2], [-2, 3], [0, 3], [2, -2], [0, 4], [1, 0], [-2, 4], [0, 1], [1, 2], [0, 11], [-1, 3], [2, 3], [-2, 3], [0, 2], [2, 1], [-1, 3], [1, 3], [0, 2], [-2, 0], [3, 5], [-1, 3], [1, 2], [0, 4], [-1, 0], [0, 3], [1, 2], [-1, 2], [1, 3], [-1, 2], [0, 2], [-1, 1], [0, 2], [2, -1], [0, 2], [-2, 2], [0, 2], [1, 0], [0, 6], [-2, 3], [1, 1], [1, -1], [0, 3], [-1, 1], [0, 2], [2, -2], [0, 3], [-2, 0], [-1, 2], [0, 2], [3, -2], [1, 4], [-3, 1], [-1, 3], [0, 4], [2, -1], [0, 5], [-1, 0], [-2, -3], [-1, 2], [3, 10], [-1, 1], [0, 3], [-1, -1], [-1, 3], [1, 5], [-1, 1], [-1, 0], [0, 2], [1, 1], [0, 6], [-1, 0], [-1, 2], [2, 1], [0, 3], [-1, 1], [0, 11], [1, 3], [1, 2], [1, 4], [3, -1], [-2, 5], [-2, 3], [0, 1], [2, -2], [1, 4], [-1, 5], [0, 1], [3, -3], [0, 2], [-2, 8], [2, 3], [0, 3], [-1, -1], [-1, 1], [0, 4], [1, -2], [1, 1], [-2, 6], [0, 3], [1, 5], [-1, 5], [2, 3], [-2, 6], [1, 1], [1, -1], [1, 3], [0, -5], [1, 3], [0, 4], [-2, 3], [0, 5], [2, 2], [0, 1], [-2, 2], [0, 5], [2, 3], [-1, 3], [1, 3], [1, -1], [0, 7], [2, 5], [0, -2], [1, 1], [-2, 8], [0, 2], [2, -1], [0, 2], [-3, 2], [0, 2], [1, 1], [1, -2], [0, 3], [-1, 3], [0, 3], [-4, -5], [0, -6], [-1, 3], [-1, -4], [-1, 1], [0, 5], [-1, -3], [0, 11], [-1, 5], [1, 3], [-1, 4], [-2, -3], [-1, 3], [2, 5], [-1, 4], [-1, 3], [1, 2], [1, 6], [1, 2], [-2, 3], [0, -5], [-1, 4], [-1, 0], [0, -4], [-1, 2], [-2, 2], [-1, 5], [1, 6], [-1, 10], [-1, 3], [1, 3], [-1, 3], [1, 5], [1, 1], [-1, 3], [0, 3], [-1, -2], [-1, 3], [-1, -1], [0, 4], [-2, 0], [2, 4], [0, 8], [1, 1], [1, 5], [2, 2], [1, -1], [0, 2], [-2, 6], [-1, 1], [0, 2], [3, 1], [1, 5], [-1, 2], [-1, -1], [0, -4], [-1, 2], [0, 2], [1, 7], [0, 3], [-2, -3], [0, 1], [2, 4], [0, 3], [-2, 4], [1, 3], [0, 2], [-2, 0], [0, 1], [1, 2], [1, -2], [1, 1], [-1, 5], [0, 8], [1, 1], [0, 2], [-1, 1], [-1, -4], [-1, 2], [1, 3], [3, 2], [0, 2], [-1, 2], [0, 3], [1, 3], [-1, 3], [-2, -2], [0, 3], [2, 1], [0, 7], [-1, 4], [2, 4], [0, 5], [-1, -1], [-1, 2], [1, 5], [-1, 4], [-2, 4], [-1, 0], [-1, 1], [1, 2], [2, -1], [1, 10], [-1, -3], [-1, 2], [1, 4], [-1, 7], [-1, 3], [0, 2], [1, 2], [-1, 4], [-1, -1], [-1, 3], [1, 2], [0, 5], [2, -3], [2, 1], [-1, 4], [-2, 0], [1, 3], [1, 0], [2, 2], [0, 3], [-2, 2], [1, 8], [-2, 0], [-1, 4], [2, 0], [0, 5], [1, 2], [-1, 2], [-2, -2], [-1, 2], [1, 3], [2, 1], [0, 2], [-1, 3], [-2, 4], [-1, -1], [0, -5], [-1, 1], [0, 3], [1, 4], [2, 6], [1, 0]], [[22947, 71831], [0, -3], [1, 1], [-3, 6], [0, 2], [2, 1], [0, 3], [-2, 5], [1, 4], [-1, 3], [0, 1], [-1, -6], [-1, 0], [0, 5], [3, 5], [0, 2], [-2, 1], [-1, 2], [1, 3], [1, 2], [1, -4], [1, 0], [0, 3], [-2, 10], [-1, -5], [-1, 4], [3, 4], [0, 3], [-1, 6], [-1, -5], [-1, 3], [2, 5], [-1, 2], [-1, 0], [0, 2], [2, -1], [0, 5], [-1, 0], [-2, -2], [0, 2], [1, 3], [1, -1], [2, 2], [-1, 3], [-2, 0], [-1, 2], [0, 3], [2, 3], [0, 9], [-1, 6], [0, 5], [3, 12], [1, 2], [0, 2], [-2, 5], [-1, 0], [0, -3], [-1, 2], [0, 4], [-1, 1], [0, 3], [2, 2], [1, 0], [1, 2], [-1, 5], [2, 1], [0, 5], [-1, 1], [-2, -4], [-1, -1], [-1, 3], [1, 4], [3, 1], [1, 5], [-1, 4], [-2, 0], [-1, 5], [-1, 2], [0, 3], [1, 1], [0, 5], [2, -1], [-1, 3], [-3, 1], [0, 4], [1, 2], [-1, 5], [-2, -1], [0, 3], [2, 1], [2, -1], [2, 3], [-1, 3], [-1, -3], [-1, 0], [-2, 2], [1, 2], [1, 0], [1, 1], [0, 3], [-2, 4], [1, 2], [2, -3], [1, 3], [-1, 4], [1, 3], [-1, 5], [-1, -2], [-1, 2], [0, 3], [2, 2], [0, 2], [-1, 4], [-2, 3], [0, 2], [1, 1], [2, 3], [-1, 2], [-3, -3], [-1, 1], [-1, 4], [0, 4], [-1, 2], [-1, -1], [-1, 2], [2, 1], [3, 5], [-1, 2], [-1, 0], [-1, 2], [2, 4], [2, -1], [-1, 3], [-2, 1], [0, 3], [1, 1], [1, 2], [-1, 7], [0, 7], [1, 1], [-1, 3], [-1, 0], [0, 3], [1, 1], [1, 2], [0, 2], [-2, 12], [2, 3], [1, 5], [-1, 2], [-2, -1], [-1, -4], [-1, 1], [2, 7], [2, -1], [1, 3], [0, 2], [-3, 3], [-1, 2], [3, 2], [0, 2], [2, 4], [-2, 4], [1, 6], [1, -1], [1, 2], [0, 3], [-2, -1], [-1, 4], [1, 1], [1, -2], [2, 3], [-1, 2], [-1, 0], [-2, -3], [-2, 2], [-1, 12], [-1, 0], [0, 3], [2, 0], [1, 3], [1, 6], [0, 2], [-2, -1], [0, 5], [2, 0], [2, -5], [1, 2], [-1, 4], [-3, 3], [-1, 2], [2, 2], [1, 4], [0, 3], [-2, 1], [-1, 4], [1, 2], [1, 0], [2, 5], [0, 2], [-4, -5], [-1, 2], [-1, 4], [1, 3], [2, -3], [2, 1], [0, 3], [-3, 4], [2, 4], [1, 3], [-1, 4], [1, 8], [0, 2], [-2, 3], [1, 1], [1, 5], [-1, 1], [-1, 3], [1, 3], [0, 4], [-1, 3], [-2, 1], [-1, 2], [-1, 0], [0, 4], [-2, 1], [0, 2], [1, 3], [-1, 2], [0, 2], [1, 0], [1, 2], [-2, 2], [-1, 3], [-1, 6], [0, 2], [1, 3], [0, 9], [-1, 3], [0, 6], [1, 7], [-2, 8], [1, 2], [0, 2], [-2, -1], [-1, 1], [1, 4], [-1, 10], [0, 4], [-1, 3], [-1, -4], [-1, 1], [0, 5], [-1, 8], [0, 1], [-1, -2], [-1, 2], [1, 2], [1, 4], [0, 2], [-2, 2], [0, 6], [-1, 3], [-1, -3], [-1, 0], [0, 3], [3, 4], [0, 4], [-1, 2], [-1, 4], [-1, 6], [-1, 3], [1, 4], [0, 12], [-2, 3], [0, 3], [1, -2], [1, 2], [-2, 3], [0, 5], [1, 4], [-2, 2], [-1, 5], [0, 2], [-3, 0], [1, 6], [-2, 2], [0, 3], [-1, -1], [-1, 1], [1, 5], [1, 2], [0, 3], [-1, 2], [-1, 6], [-2, -2], [-1, 1], [0, 3], [1, 2], [-2, 1], [-3, 6], [1, 1], [2, -1], [1, 2], [-1, 7], [0, 6], [2, 2], [-1, 2], [-3, 0], [2, 6], [-1, 3], [-1, 5], [-2, 1], [1, 4], [-2, 0], [1, 4], [-1, 4], [0, 12], [-2, 6], [1, 5], [-1, 2], [-3, 1], [-2, 3], [2, 6], [-2, 6], [0, 4], [1, 3], [0, 2], [-1, 4], [0, 3], [1, 2], [0, 3], [-1, 4], [0, 3], [1, -2], [1, 0], [0, 8], [-2, 3], [1, 3], [1, 2], [-3, 8], [-2, 3], [-1, 4], [1, 4], [-1, 3], [0, 2], [-3, 1], [-1, 4], [-1, 5], [1, 8], [-1, 5], [-1, 4], [-1, 2], [2, 6], [-1, 5], [2, 15], [0, 4], [-3, 6], [0, 8], [-1, 8], [1, 3], [0, 2], [-2, 1], [-1, 5], [1, 9], [0, 21], [-1, 8], [-3, 5], [-1, 2], [-1, 7], [-2, 8], [-1, 0], [0, 3], [1, 4], [0, 11], [-1, 2], [-2, 3], [0, 1], [2, 3], [0, 2], [-2, 4], [0, 6], [-1, 1], [-2, -1], [-1, 2], [1, 6], [0, 6], [-2, 8], [0, 11], [-2, 4], [1, 1], [1, -2], [1, 1], [1, 2], [-2, 3], [-3, 2], [-1, -2], [-1, 3], [2, 9], [4, 6], [1, 2], [0, 4], [-2, 1], [-3, -4], [-2, 4], [-1, 11], [1, 2], [2, 1], [1, 2], [-1, 5], [-1, 3], [-1, -1], [-1, 1], [0, 3], [2, 6], [0, 4], [2, 3], [-1, 3], [-1, 4], [1, 3], [2, 2], [1, 3], [-2, 2], [-1, 3], [0, 3], [1, 1], [1, -1], [1, -3], [1, -7], [1, -1], [1, 3], [-1, 3], [-1, 4], [-1, 3], [-3, 4], [-1, -1], [-2, -4], [-1, 2], [1, 5], [4, 4], [1, -1], [2, -4], [1, 2], [0, 3], [-3, 3], [-3, 1], [-1, 3], [1, 4], [2, 0], [0, 3], [-1, 3], [-2, -1], [0, 4], [1, 3], [2, 3], [2, 0], [1, 3], [-2, 6], [0, 3], [2, 0], [0, 3], [-1, 2], [-2, 2], [-2, 0], [-1, 3], [1, 2], [2, 1], [2, -1], [1, 3], [0, 3], [1, 2], [1, 3], [0, 4], [-1, 8], [-1, 2], [-2, -1], [-1, -4], [-1, 0], [0, 4], [3, 9], [1, 0], [1, -5], [1, -1], [1, 2], [0, 3], [-4, 7], [0, 2], [2, 4], [-1, 3], [-2, -1], [-1, -2], [-1, 1], [0, 3], [1, 6], [1, 2], [2, 0], [2, 3], [0, 2], [-1, 4], [-2, 1], [-2, -1], [-1, -2], [-1, 3], [1, 3], [3, 3], [1, 6], [-1, 5], [-1, 2], [-2, 0], [-1, 3], [2, 4], [0, 2], [-2, 3], [-1, 6], [-3, 5], [0, 7], [1, 1], [4, -1], [0, 4], [-1, 5], [1, 3], [1, 2], [0, 2], [-3, -3], [-2, 3], [-1, 2], [0, 6], [-2, 1], [0, 4], [1, 2], [3, 0], [1, 2], [2, 5], [2, 4], [0, 5], [-2, 5], [0, 4], [-2, -1], [-1, -5], [-1, 0], [-1, 4], [2, 3], [3, 3], [1, -1], [2, -6], [1, 2], [0, 6], [-3, 4], [-2, 2], [-1, 3], [0, 3], [2, 1], [2, -3], [1, 1], [1, 2], [0, 9], [-2, 3], [-1, -1], [-2, -5], [-1, -1], [-1, 1], [0, 5], [4, 7], [2, 6], [0, 7], [-1, 4], [-3, -1], [-1, 5], [-1, 4], [1, 4], [1, 1], [3, -4], [1, 1], [0, 4], [-2, 2], [-2, 0], [-3, -3], [-2, 0], [0, 1], [-1, 4], [1, 2], [4, 2], [2, 3], [0, 4]], [[22861, 73325], [-1, 3], [1, 1], [0, -4]], [[22861, 73325], [2, 0], [0, 4], [-2, 4], [-2, 2], [-1, 5], [0, 12], [2, -1], [1, 1], [3, 7], [0, 2], [-1, 3], [-1, 0], [-3, -4], [-1, 0], [-1, 3], [-1, 6], [1, 4], [3, 2], [0, 4], [-1, 3], [-3, 3], [-1, 2], [-1, 6], [-1, 4], [1, 3], [1, 1], [1, -3], [4, 0], [1, 3], [-1, 3], [-3, 1], [-3, -1], [-2, 2], [-1, 2], [0, 4], [1, 1], [5, 2], [1, 2], [0, 11], [-3, 1], [0, 4], [2, 1], [2, -2], [0, 1], [1, 5], [0, 7], [-1, 2], [-2, 0], [0, 5], [3, 0], [1, 6], [1, 4], [-1, 3], [-1, -1], [-2, 0], [0, 6], [2, 2], [3, -3], [1, 2], [-1, 4], [-1, 3], [1, 3], [2, -6], [1, 1], [0, 3], [-2, 7], [-1, 5], [1, 3], [1, 0], [3, -5], [1, 2], [0, 10], [-2, 4], [3, 6], [0, 4], [2, 7], [0, 5], [-2, 0], [-1, 2], [2, 4], [1, 4], [-1, 11], [1, 3], [2, -1], [0, 4], [-4, 4], [-1, 4], [-3, 9], [0, 5], [3, 1], [0, 3], [-3, 4], [0, 2], [-1, 8], [-3, 6], [-1, 3], [2, 1], [1, 3], [-1, 3], [-2, 0], [-1, 3], [0, 2], [1, 5], [1, 4], [-1, 5], [-1, 1], [-2, -1], [-1, 1], [-1, 6], [2, 6], [1, 5], [-2, 7], [-1, 1], [-1, 4], [3, 3], [1, 3], [-1, 1], [-3, 1], [0, 3], [1, 5], [-1, 2], [-1, -1], [-2, 1], [-1, 3], [1, 3], [2, -1], [0, 4], [-1, 2], [-1, -1], [-1, -3], [-2, -1], [0, 5], [4, 4], [2, 1], [1, 3], [-1, 3], [-1, 2], [-2, -1], [-1, 1], [-2, 4], [-2, -2], [0, 2], [2, 4], [1, 7], [-2, 8], [0, 3], [2, 0], [1, 2], [0, 5], [-1, 5], [-1, 2], [0, 2], [2, 0], [0, 4], [-1, 5], [0, 7], [-1, 2], [-2, -1], [0, 5], [3, 7], [0, 4], [-4, 0], [-1, 3], [-1, 4], [1, 5], [-2, 5], [3, 0], [1, 4], [-1, 4], [-4, 5], [-1, 2], [-1, 5], [1, 7], [-1, 4], [-2, 3], [1, 4], [1, 7], [0, 2], [-2, 1], [-1, 3], [-1, 5], [0, 7], [-1, 1], [-1, 2], [1, 9], [1, 7], [-1, 3], [-2, 2], [0, 22], [2, 5], [1, 5], [-1, 1], [0, 4], [1, 3]], [[22836, 73920], [46, 0], [37, -1], [324, 0], [34, -1], [137, 0], [0, 448], [1, -4], [1, -3], [1, 0], [1, -3], [2, -3], [1, -3], [3, -5], [4, -1], [0, -2], [4, -3], [8, -9], [3, 0], [10, 3], [7, 15], [4, -2], [4, 3], [2, -1], [12, -22], [1, -2], [7, -18], [7, -10], [5, 0], [6, -3], [-3, -15], [0, -17], [8, -93], [0, -19], [7, -90], [6, -25], [8, -100], [6, -80], [5, -70], [-1, -13], [-2, -4], [1, -6], [-1, -12], [2, -16], [-3, -5], [-2, -4], [0, -9], [2, -18], [0, -11], [1, -12], [1, -13], [1, -3], [3, -4], [2, -7], [2, -6], [2, -5], [2, -9], [0, -5], [1, -4], [7, -4], [2, -7], [3, -4], [1, -4], [1, -6], [1, -2], [6, -3], [3, 1], [2, -1], [1, -3], [2, -11], [2, -2], [2, 0], [4, -1], [3, -3], [4, 0], [4, -2], [5, -4], [2, 0], [2, 2], [4, 13], [2, 6], [3, 0], [5, 1], [2, -1], [3, -5], [5, -3], [2, -1], [4, 2], [6, 6], [5, -3], [2, -2], [3, -7], [2, -1], [1, -3], [3, -15], [0, -6], [-1, -17], [0, -2], [1, -6], [2, -4], [3, -1], [3, -3], [2, -1], [4, 2], [3, 0], [6, -3], [3, -3], [5, 1], [4, -2], [4, 0], [3, 2], [3, -3], [4, 1], [1, 2], [2, 0], [0, -3], [1, -1], [2, 1], [3, 0], [2, -3], [2, 0], [6, 3], [2, -1], [3, -3], [1, 0], [2, -2], [3, 0], [2, -2], [2, -3], [5, -2], [5, 0], [1, 3], [2, -1], [3, -2], [3, -1], [3, 0], [1, -1], [6, 0], [4, -4], [0, -2], [2, -9], [2, -10], [1, -14], [1, -11], [2, -10], [1, -10], [-1, -7], [-1, -9], [-1, -8], [1, -6], [0, -4], [-2, -7], [0, -5], [2, -7], [2, -3], [3, -7], [1, -1], [7, 1], [3, -1], [4, 3], [5, 0], [3, 1], [4, -4], [2, 0], [3, 1], [5, 0], [3, 2], [2, 4], [1, 8], [2, 3], [1, 0], [4, -10], [2, 1], [2, 6], [2, 2], [3, -4], [1, 0], [4, 3], [4, 0], [1, 1], [5, 4], [2, 1], [5, 8], [4, 2], [5, 4], [2, 4], [0, 4], [1, 7], [0, 9], [-1, 7], [-2, 18], [1, 4], [1, 1], [2, 0], [4, 1], [1, 2], [2, 5], [2, 4], [1, 0], [1, 4], [3, 4], [1, -7], [1, 0], [4, 2], [3, 0], [1, 3], [2, 7], [2, -4], [1, 18], [27, 19], [13, 0], [6, -17], [2, -6], [24, 5], [30, -4], [8, 9], [1, -2], [0, -25], [6, -2], [6, -12], [4, -2], [46, -64], [20, 8], [6, -4], [2, -24], [1, -5], [-1, -5], [1, -1], [-2, -4], [0, -3], [1, -4], [-1, -3], [-1, -2], [-3, 1], [-2, 2], [-2, -6], [-7, 1], [-4, -3], [0, -12], [-3, -14], [1, -3], [-2, -8], [7, -23], [7, -4], [2, -4], [22, 5], [11, 8], [7, 1], [2, -1], [3, -13], [2, -7], [2, -2], [0, -4], [2, -8], [5, -5], [0, -15], [-6, -34], [2, -23], [5, -28], [3, -14], [1, -8], [2, -5], [1, 0], [2, -7], [1, -4], [4, -28], [2, -13], [0, -3], [2, -4], [-1, -1], [0, -3], [1, 1], [0, -8], [1, 0], [0, -4], [2, -7], [0, -4], [1, -9], [1, 0], [0, -4], [1, 4], [1, -1], [1, 3], [2, 5], [2, 3], [2, 4], [1, -2], [2, 3], [1, 1], [2, 3], [10, 5], [3, 4], [-1, 10], [-5, 10], [-1, 7], [0, 8], [-2, 12], [2, 21], [-3, 11], [0, 8], [3, 1], [2, 22], [7, 14], [11, -7], [2, -4], [2, 1], [0, 2], [1, 5], [3, -2], [0, -2], [4, 4], [0, 3], [1, 3], [4, 7], [5, 3], [0, -11], [15, -2], [2, -1], [1, 5], [3, 2], [4, 0], [1, -13], [1, -3], [0, -13], [2, -2], [2, -9], [9, -5], [-4, -27], [1, -13], [1, -7], [0, -18], [5, -6], [2, -14], [1, -1], [1, -3], [1, 5], [0, 6], [3, 0], [2, -2], [0, -3], [1, -4], [0, -2], [-2, -1], [0, -5], [-1, -3], [1, -4], [2, 0], [1, -3], [1, 0], [1, 4], [5, 3], [2, 3], [3, -3], [3, 1], [2, -12], [5, -9], [1, -15], [5, 2], [3, 2], [1, -1], [4, 3], [1, -4], [1, -2], [3, -4], [2, -1], [1, -7], [2, 5], [5, 0], [1, 5], [1, 1], [1, -6], [1, -2], [2, 1], [0, 6], [4, -4], [3, -2], [2, -7], [-1, -7], [-2, -9], [-1, -11], [0, -2], [2, 4], [2, 1], [1, -3], [0, -12], [-1, -8], [2, -9], [1, -1], [0, -15], [-2, -8], [-1, -2], [0, -4], [-1, -3], [0, -3], [3, -1], [3, 4], [0, 3], [3, 3], [-1, -5], [-1, -7], [3, -5], [3, 1], [0, -2], [1, 6], [3, 3], [0, -6], [3, -14], [7, 6], [7, 0], [4, 5], [5, 2], [2, -6], [-5, -11], [-2, -32], [1, -10], [-1, -10], [2, -6], [8, 12], [15, 16], [6, -1], [4, 2], [1, -1], [0, -6], [3, -12], [0, -4], [2, -1], [4, 6], [7, 4], [3, 10], [2, 5], [2, -3], [4, 5], [3, 2], [1, -4], [2, 0], [1, 4], [5, 0], [5, 1], [4, 6], [2, 0], [5, 6], [4, 14], [2, 3], [4, 4], [7, 26], [2, -3], [1, 4], [6, 17], [5, 10], [-1, 7], [6, 7], [1, 6], [2, 3], [3, 3], [2, 3], [1, 5], [1, 3], [2, -2], [3, 3], [1, 4], [1, 0], [1, 4], [1, 0], [4, 2], [2, -2], [2, 2], [0, 3], [3, 7], [3, 2], [-1, 3], [8, 19], [14, 12], [3, 1], [2, 8], [6, 10], [1, -7], [2, -3], [3, 1], [5, 7], [1, -1], [0, -3], [1, -2], [1, -5], [-1, -9], [1, -1], [0, -29], [1, -17], [-1, -11], [1, -4], [3, 5], [-1, 6], [1, 2], [1, -7], [2, 1], [2, -2], [1, -17], [1, -5], [1, 2], [1, -1], [1, 1], [1, 4], [1, -1], [1, -2], [-1, -13], [0, -6], [-1, 1], [-4, -8], [0, -5], [2, 1], [2, -1], [0, -3], [-2, 0], [0, -3], [1, -3], [1, 0], [0, -2], [2, -2], [1, -7], [1, -4], [0, -5], [2, -12], [0, -2], [3, -8], [2, 4], [11, 2], [5, 5], [12, 3], [4, 10], [3, 0], [3, 4], [4, 2], [1, 3], [2, 5], [2, -4], [2, 2], [2, -1], [1, -5], [-4, -12], [1, -6], [1, -3], [2, -4], [11, 4], [2, -2], [1, 3], [3, -2], [0, 4], [1, -3], [1, 0], [2, 3], [1, 4], [2, 1], [1, 3], [1, -2], [3, -2], [1, -2], [3, -5], [8, 7], [2, 0], [4, -8], [1, -4], [1, -2], [2, -2], [0, 3], [2, 1], [3, 0], [3, -1], [2, 3], [0, 4], [2, 3], [4, 1], [0, 2], [3, 0], [2, -3], [1, -4], [1, 0], [4, 5], [3, 0], [3, -1], [6, 6], [2, 1], [3, -2], [1, 0], [5, 2], [1, -1], [4, 6], [3, -4], [4, 1], [2, 3], [3, -1], [1, -4], [2, -3], [2, -2], [6, 0], [5, -4], [2, -3], [3, -2], [2, -5], [2, -3], [4, -2], [1, -4], [2, -15], [1, -5], [1, 2], [3, -13], [2, -10], [-1, -8], [0, -8], [1, -9], [5, -5], [1, -6], [1, -4], [1, 0], [3, -5], [1, 3], [0, 4], [1, -2], [3, 1], [1, -5], [0, -5], [2, -1], [-1, -5], [2, -2], [0, -3], [1, 0], [1, -3], [3, -3], [1, -5], [2, 0], [2, -2], [2, 1], [2, -2], [1, 5], [5, 3], [1, 6], [1, 0], [0, 7], [1, -2], [1, -3], [1, 0], [1, 7], [1, 5], [0, 2], [1, 4], [4, 3], [0, -4], [2, 1], [1, 3], [1, 1], [2, -1], [1, 1], [1, 5], [1, -2], [2, 2], [3, 1], [1, -1], [1, 1], [1, -1], [1, -3], [2, 2], [0, -3], [3, 0], [0, 2], [1, -3], [-1, -2], [0, -3], [2, 3], [0, -8], [2, 1], [2, -5], [4, 6], [0, -2], [4, 2], [2, -5], [1, 4], [1, 0], [2, -7], [1, 0], [0, 2], [1, 0], [2, -3], [0, 6], [4, 4], [1, -1], [2, 8], [1, -6], [-1, -3], [1, -4], [4, -3], [2, -3], [0, -3], [2, -4], [2, 3], [2, 5], [21, 14], [2, -1]], [[29030, 61660], [-1, -18], [-1, -35], [-2, -27], [0, -13], [-5, -59], [-1, -13], [-1, -8], [-2, -10], [-2, -9], [-5, -43], [-4, -28], [-4, -42], [-4, -40], [-3, -35], [-4, -36], [-3, -23], [-6, -39], [-2, -15]], [[28980, 61167], [-16, 0], [-7, -1], [-7, -3], [-34, -13], [-21, -7], [-17, -6], [-2, -1], [-5, -1], [-16, -6], [-3, -1], [0, -5], [-2, -4], [0, -3], [1, -6], [0, -3], [-1, 0], [-1, 4], [-1, -3], [-1, -8], [-1, -4], [0, -23], [-3, -2], [-2, 5], [-7, 7], [-4, -1], [-10, -10], [-6, -5], [-11, -34], [-23, -1], [-19, -6], [2, 46], [-14, 9], [-16, 0], [-20, -29], [-30, -48], [-1, -1], [0, 3], [-2, 2], [-1, 5], [-3, 12], [-3, 8], [-5, 8], [-1, 4], [-4, 6], [-10, 20], [-3, 5], [-2, 3], [-5, 4], [-4, 3], [-6, 10], [-2, 5], [-2, 7], [-2, 6], [-1, 4], [-2, 5], [-6, 27], [-2, 4], [-2, -2], [-5, 5], [-2, 3], [-3, 6], [0, 21], [-3, 9], [-2, 13], [-1, 4], [1, 7], [-1, 3], [-1, 1], [-4, 8], [0, 2], [-2, 3], [-5, 8], [-6, 21], [1, 2], [-1, 18], [-2, 21], [1, 0], [0, 1], [-3, 1], [-4, 4], [-1, -1], [-15, 9], [-4, 1], [-13, 4], [-4, 4], [-3, -1], [-4, 2], [-2, -1], [-1, 1], [-3, -3], [-1, 0], [-2, -3], [-5, 0], [-2, 3], [-2, 1], [-1, 4], [-2, 1], [-2, 0], [-2, 3], [-4, 11], [-1, 5], [-2, 5], [-3, 9], [-2, 1], [-3, 1], [-1, 1], [-4, 7], [-3, 25], [1, 5], [0, 13], [-1, 5], [0, 8], [-2, 5], [-1, 5], [-3, 11], [-2, -1], [-3, 7], [-1, 6], [-1, 5], [-1, 4], [-2, 9], [-1, 1], [-2, 4], [0, 8], [4, 24], [0, 6], [-1, 5], [1, 14], [0, 20], [1, 4], [-2, 9], [-1, 1], [-1, 6], [-1, 2], [-3, 12], [-1, 1], [-3, -3], [-1, -5], [-1, -6], [-3, -13], [-1, -4], [-2, -5], [-1, -3], [-2, 0], [-2, 2], [-2, 0], [-4, -3], [-4, 1], [-1, 0], [-1, -7], [-2, -8], [-2, -7], [-1, -3], [-5, -5], [-3, -1], [-4, 0], [-3, -3], [-5, -7], [-2, -1], [-2, 0], [-5, 2], [-3, 5], [-2, 6], [-1, 10], [0, 9], [-2, 8], [0, 5], [-3, 6], [-1, 25], [0, 4], [-1, 2], [-1, 11], [-1, 7], [-1, 18], [1, 2], [0, 46], [1, 5], [0, 2], [2, 13], [0, 5], [2, 4], [2, 9], [0, 3], [3, 16], [0, 3], [1, 12], [1, 4], [0, 9], [1, 4], [3, 7], [1, 3], [1, 1], [2, 34], [1, 4], [2, 6], [9, 23], [2, 2], [2, -1], [0, 2], [2, 1], [1, 2], [4, 2], [10, 11], [-1, 9], [0, 4], [-1, 2], [0, 6], [1, 25], [2, 5], [1, 8], [5, 14], [2, 2], [2, 7], [2, 3], [1, 7], [1, -1], [1, -3], [5, 0], [2, 3], [1, 7], [1, 9], [0, 12], [-1, 3], [0, 2], [1, 29], [0, 30]], [[28458, 62055], [12, 38], [24, 79], [-6, 23], [-7, 21], [-18, 60], [-5, 16], [-17, -54], [-5, -16], [0, -1]], [[28436, 62221], [-3, 7], [-1, 15], [-2, 6], [-1, 5], [-2, 3], [-3, 1], [-1, 1], [-1, -1], [-2, 2], [-2, 1], [-2, -2], [-1, 1], [-1, -2], [-2, 2], [-1, 2], [-1, -1], [-2, 3], [-1, 1], [-1, 2], [-1, 5], [-1, 1], [0, -4], [-2, 5], [-1, 3], [-1, 11], [-1, 4], [-1, 7], [1, 9], [1, 6], [1, 4], [0, 5], [-1, 4], [-3, 6], [-2, 1], [-2, 3], [-4, 8], [-1, 4], [-4, 8], [-2, 0], [-2, 2], [-2, 5], [-2, 2], [0, 2], [-2, 2], [-3, -1], [-3, 1], [-1, -1], [-3, 1], [-3, -1], [-3, 3], [-2, 0], [-3, 2], [-1, 0], [-2, 2], [-1, 2], [-3, 2], [-1, 0], [-3, 2], [-1, 2], [-2, 12], [0, 5], [-2, 4], [0, 8], [-2, 7], [-1, 4], [-1, 3], [-3, 3], [-5, 6], [-1, 4], [-1, 5], [-1, 10], [0, 13], [1, 4], [1, 13], [1, 9], [2, 11], [1, 3], [7, 7], [1, 5], [1, 6], [0, 12], [1, 6], [3, 7], [1, 7], [-1, 5], [-3, 6], [-3, 9], [-1, 5], [-1, 3], [-3, 3], [-3, 2], [-3, 6], [-3, 3], [-2, 5], [-1, 3], [-1, 5], [-1, 4], [-1, 7], [-1, 1], [-2, 14], [1, 7], [-1, 3], [-1, 4], [-3, -1], [-3, -5], [-3, 1], [-2, 2], [-2, -1], [-4, 4], [-1, 2], [-3, 1], [-2, 2], [-1, 3], [-4, 6], [-1, 4], [-1, 3], [-2, -1], [-1, -4], [-2, -2], [-1, 0], [-3, 4], [-3, -1]], [[28269, 62670], [-2, 1], [-2, 5], [-3, 3], [-2, 5], [-1, 1], [-1, 4], [-1, 3], [1, 6], [0, 2], [2, 3], [2, 8], [0, 11], [-3, 15], [0, 3], [2, 4], [2, 1], [1, 2], [0, 5], [-1, 9], [0, 5], [-2, 7], [-2, 17], [-2, 4], [-4, 0], [-1, 2], [-2, -1], [-3, 4], [-1, 5], [-1, 2], [2, 4], [2, 1], [1, 1], [0, 6], [-2, 4], [-1, 5], [0, 5], [1, 2], [3, -3], [2, 2], [-1, 4], [-3, 5], [-1, 3], [-1, 4], [0, 5], [1, 3], [3, 6], [3, 2], [1, 3], [1, 2], [0, 4], [-1, 2], [-2, 1], [-2, 0], [-1, -2], [-1, -6], [-2, -3], [-3, 1], [-3, 4], [-2, -1], [-4, 5], [-1, 1], [-1, 3], [0, 4], [4, 9], [2, 3], [0, 4], [1, 7], [0, 5], [-2, 4], [-2, 0], [-1, -3], [0, -12], [-2, -4], [-4, -1], [-1, 1], [0, 27], [-1, 5], [-3, 7], [-1, 2], [-1, 5], [0, 6], [2, 3], [2, 1], [2, 0], [3, 1], [4, 0], [1, 3], [1, 6], [1, 17], [0, 7], [-1, 9], [-1, 6], [-1, 1], [-4, 1], [-3, 2], [-2, 6], [-3, 2], [-1, -2], [2, -10], [-1, -8], [-1, -2], [-4, 4], [-1, 0], [-2, 2], [-2, 1], [-1, 2], [-1, 4], [0, 6], [-2, 5], [-2, 2], [-1, -2], [0, -3], [2, -3], [1, -5], [0, -4], [-1, -12], [0, -8], [-2, -4], [-1, 2], [-1, 4], [0, 19], [-1, 3], [-1, 1], [-1, -1], [-2, -3], [-1, -5], [-1, -2], [-2, -1], [-6, 3], [-1, 2], [-4, 20], [-2, 11], [-2, 8], [-3, 9], [-1, 8], [-3, 6], [-3, 13], [-2, 4], [-2, 0], [-4, 12], [-2, 1], [-4, 4], [-2, 1], [-1, 2], [-2, 3], [-3, 0], [-2, 3], [-3, 2], [-3, 0], [-3, -8], [-1, -8], [-1, -5], [-2, -1], [-2, 0], [-1, -1], [-2, 1], [-2, -2], [0, -6], [2, -8], [0, -6], [-4, -7], [-2, -7], [-2, -6], [-2, -11], [-1, -9], [-1, -5], [-5, 3], [-3, 5], [-4, 6], [-4, 4], [-3, 4], [-5, 4], [-1, -2], [0, -3], [1, -6], [0, -6], [-1, -1], [-2, 1], [-1, 3], [-2, 2], [-1, -2], [-1, -6], [1, -5], [2, -9], [0, -2], [-2, -3], [-3, 6], [-1, 3], [-5, 7], [-2, 3], [-2, 1], [-2, -3], [0, -9], [3, -12], [3, -8], [3, -5], [1, -3], [1, -4], [0, -3], [-2, -5], [-2, -2], [-2, 1], [-2, 6], [-2, 3], [-4, 5], [-2, -2], [-2, -3], [0, -8], [1, -6], [1, -5], [3, -5], [1, -3], [3, -5], [2, -11], [0, -3], [-1, -3], [-1, 2], [-1, 6], [-2, 2], [-1, -2], [1, -4], [1, -7], [-1, -4], [-1, 0], [-2, 11], [-1, 2], [-2, 2], [-1, -1], [0, -4], [1, -2], [2, -2], [1, -2], [0, -4], [-1, -1], [-2, 1], [-1, -2], [0, -19], [-2, -5], [-2, 0], [-1, 3], [-2, 1], [-1, -2], [-3, 1], [-4, 5], [-1, 2], [-2, 0], [-1, -2], [-2, 0], [-1, -2], [-3, -1], [-1, 1], [-1, 0], [-2, -2], [-2, 3], [-1, 5], [-3, 2], [-1, 3], [0, 5], [-1, 2], [-1, -2], [-1, -3], [-1, 0], [0, 3], [-1, 0], [-3, 5], [-2, 0], [0, -2], [-3, -2], [-2, 0], [-3, -2], [-2, 3], [-1, 4], [-2, 0], [-2, 4], [-2, 3], [-1, 5], [-1, 4], [-2, 2], [-1, 0], [-3, 8], [-2, 1], [-2, 13], [-1, 13], [-1, 0], [-1, -6], [-1, -1], [-2, 2], [-1, -1], [-1, 2], [-2, 6], [-1, 8], [-1, 3], [-1, 5], [1, 4], [1, 2], [1, 3], [1, 1], [3, 0], [1, -5], [1, 0], [1, 4], [1, 1], [1, 4], [0, 10], [-3, 5], [-1, 0], [-2, -4], [-1, -3], [-1, -2], [-2, 2], [-2, 3], [0, 3], [2, 13], [1, 3], [1, 6], [-1, 4], [0, -2], [-3, -1], [-1, -10], [-3, 2], [-1, -2], [1, -3], [-1, -6], [-1, 0], [0, -10], [1, -11], [0, -4], [-1, -3], [-2, 4], [-1, -9], [0, -3], [-2, -4], [0, -5], [-2, 0], [0, -1], [-1, -8], [1, -6], [1, -1], [2, -5], [0, -6], [-1, -7], [-1, 0], [-2, 4], [-3, 3], [0, -1], [-1, -3], [-1, -1], [-1, -3], [-1, -10], [-2, -12], [-3, -3], [0, -5], [1, -3], [-2, -10], [-1, -2], [-2, 2], [-1, 2], [-1, -2], [0, -12], [-3, 0], [-1, -2], [1, -8], [-1, -7], [-2, -4], [-1, -10], [-3, 1], [-2, -1], [-2, -6], [1, -5], [0, -6], [-3, -9], [-2, 0], [0, -4], [1, -7], [-2, -4], [1, -3], [1, -8], [-1, -2], [-2, -1], [-1, 5], [-2, 2], [0, 4], [-2, 3], [-2, 2], [-2, 3], [-2, 4], [-2, 3], [-2, 7], [-3, -3], [-1, 3], [-1, 4], [0, 7], [-2, 4], [-1, 4], [-2, -3], [0, -9], [-1, -3], [-1, 1], [-1, 8], [-1, 1], [0, -5], [-3, -4], [-3, 1], [-3, 5], [-1, -4], [0, -3], [2, -3], [1, -4], [-1, -3], [-2, 1], [-1, -2], [0, -5], [2, 1], [0, -9], [-2, -5], [-2, -4], [0, -5], [1, -3], [0, -5], [-3, 2], [-2, -4], [1, -13], [-1, -1], [-2, 2], [-1, -3], [0, -7], [-1, -6], [-1, -1], [-1, 2], [1, 3], [-1, 7], [0, 3], [-1, 1], [-1, -3], [0, -9], [-2, -3], [0, -11], [1, -5], [0, -4], [-1, -1], [-2, 5], [0, 4], [-1, 2], [-1, -2], [1, -6], [-2, -5], [-1, 0], [-2, 4], [-1, -1], [-1, -10], [-1, -6], [-2, -4], [0, -2], [-1, -7], [-1, 0], [-3, 2], [-1, -6], [0, -1], [-2, 1], [-3, -5], [-1, 2], [0, -2], [1, -9], [-1, -5], [0, -7], [-1, -4], [-2, 3], [-1, -2], [0, -8], [-1, 0], [-2, -5], [0, -3], [-1, -7], [0, -6], [-2, -12], [-4, 0], [-2, 6], [-1, 0], [-1, -5], [-2, 1], [-1, -1], [-2, -5], [-1, -2], [-1, -1], [-1, -2], [1, -6], [0, -2], [-2, 0], [0, -8], [-3, -4], [-3, -1], [-1, -2], [-1, -6], [-1, 2], [-1, -1], [0, -5], [-1, -3], [0, 1], [-2, -8], [0, -5], [-1, 0], [-1, -4], [-1, -1], [0, -4], [-1, -3], [-1, 0], [-1, -2], [0, -3], [-1, -2], [0, -8], [-2, -4], [-1, -5], [-2, -3], [-1, -1], [-2, -4], [0, -2], [-2, 1], [-2, -4], [-1, -5], [-1, -2], [-1, 2], [-2, 2], [0, 69], [-1, 0], [1, 12], [-1, 5], [1, 19], [0, 92], [1, 88], [0, 94], [1, 0], [0, 220]], [[28806, 63136], [0, -86], [2, -67], [2, -98], [1, -71], [2, -91], [2, -110], [1, -62], [2, -99], [2, -73], [1, -103], [2, -84], [2, -118], [2, -79], [2, -94], [1, -56], [1, -97], [2, -79], [26, -3], [25, -3], [32, -3], [6, 0], [39, -1], [65, 0], [4, 1]], [[30115, 65123], [-4, -11], [-4, -10], [-2, -2], [-35, -40], [-2, -3], [-32, -42], [-30, -30], [0, -2], [-4, -4], [-3, 0], [-2, 1], [-4, 0], [-4, 5], [-9, 9], [-3, -4], [-4, -5], [-7, -8], [-2, -1], [-1, -2], [-6, -8], [-1, 0], [-3, -9], [-9, -9], [-5, 0], [-3, -5], [-2, -1], [-7, -2], [-4, 1], [-3, -3], [0, -103]], [[29920, 64835], [-18, 77], [-1, 4], [-6, 26], [-8, 33]], [[29887, 64975], [2, 10], [0, 4], [2, 13], [1, 3], [4, -10], [3, -3], [2, 2], [2, 5], [1, 5], [3, 7], [2, 8], [-1, 11], [-1, 3], [0, 13], [1, 5], [0, 7], [1, 3], [-1, 5], [0, 4], [-1, 5], [-2, 6], [1, 5], [0, 4], [-1, 2], [1, 7], [0, 2], [2, -1], [2, 3], [2, 6], [2, 0], [1, -3], [1, 1], [1, -3], [1, 2], [0, 40], [1, 42], [0, 37], [1, 51], [1, 67], [0, 57], [-1, 93], [0, 24], [-1, 51], [0, 46], [-1, 27], [0, 62], [-1, 90]], [[29917, 65793], [8, 2], [26, 2], [42, 4], [8, 3], [33, 1], [0, -145], [12, 6], [-1, -20], [2, -22], [-2, -21], [2, -10], [-3, -10], [-1, -5], [3, -17], [-1, -6], [0, -7], [2, -3], [0, -5], [1, -2], [0, -4], [1, -5], [18, -34], [10, -45], [9, -44], [5, -4], [0, -4], [12, -9], [0, -19], [-1, -18], [-1, -6], [-1, -13], [1, -9], [0, -1], [2, -12], [2, -45], [1, -38], [0, -34], [2, -9], [7, -62]], [[29951, 64806], [1, 23], [1, 18], [2, 14], [3, 11], [1, 10], [2, 8], [0, 17], [1, 5], [1, 16], [3, 12], [4, 9], [5, 9], [6, 5], [4, 0], [6, -9], [5, -17], [5, -25], [2, -11], [1, -6], [1, -10], [0, -26], [-1, -11], [2, -10], [1, -12], [0, -24], [-1, -9], [-2, -20], [-1, -6], [-3, -11], [-1, -5], [-6, -10], [-2, -2], [-5, -1], [-5, -4], [-6, -1], [-5, 2], [-2, 2], [-6, 10], [-3, 7], [-5, 16], [-1, 7], [-1, 9], [-1, 8], [0, 12]], [[18986, 68664], [1, -5], [0, -528], [1, -23], [0, -798], [1, -55], [0, -635], [-1, -110], [0, -724]], [[18988, 65786], [-10, -1], [-64, 0], [-27, -1], [-10, 0], [-5, -1], [-80, 0], [-10, -1], [-63, 0], [-14, -1], [-16, 0], [-9, -1], [-6, 5], [-92, 0], [-37, -1], [-18, 0], [-22, -1], [-22, 0], [-12, -1], [-10, 0], [-17, -1], [-44, -1], [-22, -1], [-29, -1], [-24, -2], [-15, 0], [-29, -2], [-20, -1], [-44, -3], [-24, 0], [-9, 2], [-16, 4], [-14, 0]], [[18154, 65776], [-19, 0], [-35, 1], [-101, 0], [-14, 3], [-10, 0], [-30, 5], [-7, 1], [-11, 0], [-22, -4], [-11, -1], [-5, 0], [-6, -1], [-5, -1], [-87, 0], [-17, 1], [-145, 0], [-11, -1], [-8, 1], [-14, -1], [-6, 2], [-49, 0], [-20, -1], [-6, 0], [-9, -1], [-8, 1], [-12, 0], [-16, 1], [-2, -1], [-20, 1], [-41, 0], [-21, 1], [-58, 0], [-5, 2]], [[17323, 65784], [0, 1250], [-1, 59], [0, 32], [1, 52], [0, 350], [-1, 51], [1, 38], [0, 269], [1, 9], [0, 7], [-1, 4], [-2, 4], [0, 6], [1, 4], [2, 5], [1, -2], [1, 0], [1, 6], [0, 7], [-3, 3], [0, 3], [1, 4], [3, 5], [3, 1], [1, -1], [2, 3], [1, 3], [0, 15], [2, 15], [-1, 13], [-1, 6], [0, 4], [2, 2], [3, 1], [1, 1], [0, 17], [-2, 4], [0, 7], [1, 2], [0, 3], [1, 11], [-3, 1], [0, 3], [3, 4], [0, 6], [-2, 1], [-1, -1], [-1, 8], [1, 3], [1, -1], [1, 6], [2, 2], [2, 0], [0, 1], [2, -1], [1, 2], [1, 4], [0, 2], [-3, 15], [2, 7], [1, 6], [0, 8], [-1, 9], [-1, 8], [-3, 5], [-2, 6], [-4, 4], [0, 39], [-1, 3], [1, 4], [2, 3], [2, 0], [4, 3], [1, 1], [3, 6], [1, 9], [0, 6], [1, 7], [2, 7], [1, 3], [1, 15], [2, 5], [1, 6], [1, 5], [0, 20], [-2, 10], [-3, 3], [-3, 6], [0, 4], [-3, 3], [-1, 0], [-2, -3], [-6, 4], [-1, 4], [-1, 12], [1, 6], [0, 12], [-1, 6], [1, 7], [0, 3], [-1, 6], [-3, 3], [-4, 0], [-2, 1], [-3, -1], [-2, 4], [-2, 0], [-3, -7], [-1, -14], [-1, -2], [-2, 2], [0, 7], [-3, 9], [-3, 7], [-3, 8], [0, 4], [-1, 10], [-1, 7], [-2, 5], [-2, 1], [-2, -3], [-3, -10], [-2, -9], [-1, -3], [-5, -2], [-3, 2], [-4, 10], [-3, 4], [-2, 5], [-2, 9], [-3, 7], [-1, 11], [1, 3], [0, 7], [1, 2], [3, 3], [1, 6], [0, 6], [1, 6], [2, 2], [0, 7], [-2, 14], [-1, 4], [-4, 12], [-2, 5], [-1, 4], [-2, 7], [-1, 9], [-2, 10], [0, 7], [3, 5], [2, 5], [1, 10], [0, 3], [1, 3], [1, 9], [0, 37], [-1, 5], [-1, 8], [-1, 7], [0, 4], [1, 5], [2, 3], [2, 0], [2, 7], [2, 13], [1, 8], [1, 6], [0, 5], [1, 4], [2, -1], [1, 2], [1, -1], [2, 2], [3, 8], [0, 5], [2, 11], [0, 14], [-1, 5], [0, 8], [1, 3], [3, 5], [2, 7], [0, 12], [1, 6], [0, 20], [2, 11], [2, 4], [3, 16], [0, 8], [1, 5], [-1, 6], [0, 9], [5, 10], [0, 21], [2, 10], [2, 4], [1, 3], [0, 24], [1, 4], [2, 2], [1, 4], [0, 7], [1, 4], [1, 2], [0, 2], [3, 3], [2, -1], [1, 3], [1, 4], [4, 0], [3, 4], [4, 11], [1, 5], [1, 2], [5, 3], [2, 4], [2, 3], [1, 4], [0, 18], [1, 7], [1, 3], [5, 27], [2, 1], [0, 5], [1, 8], [0, 4], [-1, 4], [1, 2], [2, 0], [1, 4], [2, 4], [1, 5], [1, 1], [1, 4], [3, 13], [1, 7], [0, 5], [1, 1], [0, 9], [2, 9], [0, 7], [1, 4], [0, 6], [1, 7], [1, 4], [-1, 9], [-3, 13], [-2, 10], [1, 4], [4, 6], [2, 16], [0, 1], [-2, 1], [-2, -2], [0, -8], [-1, -4], [-2, 0], [-1, 5], [0, 13], [3, 16], [0, 14], [-1, 11], [1, 3], [1, 5], [1, 3], [4, 6], [1, 6], [3, 9], [3, 11], [2, 11], [2, 9], [0, 19], [3, 14], [5, 10], [1, 9], [2, 3], [0, 10], [1, 3], [2, 3], [2, 7], [0, 12], [1, 10], [0, 10], [2, 15], [1, 10], [1, 11], [0, 22], [1, 7], [1, 14], [1, 6], [2, 22], [1, 5], [1, 2], [3, 7], [0, 53], [1, 3], [1, 10], [1, 7], [3, 18], [3, 13], [0, 3], [2, 11], [1, 5], [1, 7], [1, 4], [0, 3], [1, 5], [5, 13], [1, 4], [1, 14], [2, 21], [1, 3], [2, 8], [2, 4], [1, 4], [3, 4], [0, 12], [-1, 8], [1, 19], [0, 3], [-1, 4], [1, 6], [2, 5], [1, 4], [1, 6], [1, 4], [1, 8], [0, 5], [1, 5], [1, 7], [1, 1], [0, 3], [-2, 1], [1, 5], [2, 3], [2, 0], [1, 2], [1, 3], [0, 6], [6, 14], [0, 6], [1, 5], [1, 3], [2, 9], [1, 6], [0, 15], [-1, 6], [-1, 4], [0, 5], [-1, 3], [-1, 1], [-1, 2], [0, 7], [-1, 5], [0, 4], [-1, 4], [-2, 7], [-2, 6], [-2, 9], [-3, 9], [-2, 4], [0, 6], [-2, 6], [0, 50], [-1, 11], [-2, 10], [-3, 3], [-2, 9], [-3, 3], [-2, 8], [-3, 8], [-2, 0], [-1, 2], [-3, 2], [-2, -1], [-1, 3], [-2, 1], [-2, -5], [-2, -2], [-4, 1], [-1, 2], [-1, 5], [-3, 10], [-2, 15], [-1, 4], [-1, 6], [-1, 4], [-3, 6], [-2, 2], [-1, -1], [-1, 1], [-3, 0], [-2, -3], [-1, -3], [-2, -5], [-2, -1], [-1, 0], [-3, 8], [-2, 2], [-2, 8], [0, 15], [-1, 6], [-1, 10], [0, 3], [-2, 4], [-3, 15], [-9, 18], [0, 4], [-2, 8], [-1, 1], [-3, 15], [-1, 12], [0, 10], [-1, 7], [0, 15], [-2, 4], [-1, 0], [-2, 2], [-1, 10], [1, 9], [-2, 8], [-1, 1], [-2, 6], [-2, 7]], [[17321, 73918], [40, 1], [108, 0], [43, 1], [83, 0]], [[30258, 66849], [-3, -3], [-2, -1], [-3, -1], [-3, 0], [-2, 2], [-4, 5], [-4, 3], [-3, 4], [-3, 7], [-3, 11], [-2, 10], [-1, 9], [-2, -11], [-2, -10], [-3, -8], [-2, -3], [1, -13], [-1, -9], [0, -25], [-2, -16]], [[30214, 66800], [-4, 0], [-12, -1], [-6, -1], [-2, -1], [-3, -4], [-2, -5], [-3, -4], [-10, 26], [-5, 4], [-3, 0], [-4, -2], [-6, -10], [-5, -9], [-14, -8], [-4, -3], [-4, -12], [-2, -18], [-3, -31], [-19, 17], [-4, -6], [-5, -8], [-6, -21], [1, -47], [0, -15], [-11, 10], [-4, -2], [-2, -2], [-3, -7], [-4, -13], [-3, -17], [-4, -16], [-8, 0], [-8, 1], [-9, 1], [-14, 1], [-6, 1], [-15, 1], [-26, 3], [-26, 2], [-7, 1], [-18, 2], [-25, 3], [-19, 2], [-10, 0], [-5, 1], [-31, 4], [-39, 4], [-15, 2], [-12, 1], [-23, 3], [-8, 1]], [[29734, 66628], [-1, 6], [-2, 11], [-1, 6], [-1, 12], [0, 5], [-1, 3], [-1, 2], [-2, 9], [-1, 1], [-1, -2], [-1, -4], [-2, -5], [-1, 0], [-1, 4], [0, 3], [1, 4], [1, 3], [0, 5], [-2, 9], [-7, 22], [0, 9], [-2, 12], [0, 21], [-1, 2], [-2, 8], [1, 10], [0, 17], [1, 7], [0, 4], [3, 5], [1, 5], [2, 5], [-1, 11], [1, 7], [1, 2], [1, 5], [-1, 11], [0, 8], [-1, 11], [-1, 5], [0, 6], [2, 3], [2, 7], [4, 2], [0, 1], [4, 2], [1, 5], [1, 2], [2, -2], [1, 1], [3, 11], [0, 2], [-1, 6], [0, 6], [2, 7], [0, 1], [2, -1], [2, 6], [0, 5], [-2, 7], [-2, 3], [-1, 9], [0, 20], [-2, 8], [0, 4], [2, 6], [2, 5], [1, 7], [1, 1], [2, 7], [2, 12], [-2, 7], [0, 3], [-1, 7], [1, 6], [2, 5], [0, 12], [-3, 10], [1, 9], [-1, 1], [-1, -1], [-2, 3], [-1, 8], [0, 3], [2, 5], [0, 14], [-1, 7], [1, 3], [2, 5], [0, 5], [-2, 7], [0, 5], [3, 10], [0, 25], [2, 10], [-2, 9], [0, 14], [1, 5], [1, 4], [3, 5], [0, 2], [2, 6], [2, 12], [1, 23], [0, 2], [2, 12], [0, 6], [-1, 2], [-2, 10], [-1, 4], [1, 4], [2, 15], [2, 4], [1, 6], [-1, 2], [-3, 0], [-1, 3], [-1, 2], [-1, 4], [0, 17], [1, 7], [2, 6], [1, 20], [0, 7], [1, 14], [0, 12], [1, 8], [1, 5], [0, 7], [-1, 14], [3, 10], [0, 6], [1, 14], [-2, 10], [-3, 9], [-1, 5], [2, 17], [1, 0], [2, 7], [1, 9], [-1, 6], [1, 5], [-1, 15], [1, 4], [0, 7], [1, 7], [5, 8], [2, 2], [2, 5], [3, 8], [1, 2], [0, 8], [-1, 3], [-1, 7], [1, 10], [1, 3], [0, 10], [1, 3], [3, 2], [0, 20], [3, 12], [0, 13], [-1, 5], [1, 14], [1, 5], [0, 8], [4, 12], [0, 5], [1, 4], [2, 3], [1, 8], [2, 0], [5, 10], [3, 3], [1, 3], [0, 2], [3, 12], [1, 6], [2, 3], [1, 4], [0, 7], [1, 3], [-1, 6], [3, 7], [1, 5], [0, 5], [2, 5], [0, 7], [-1, 9], [0, 6], [1, 9], [1, 4], [0, 12], [-2, 13], [1, 6], [0, 5], [1, 1], [2, 1], [2, 3], [-2, 12], [0, 5], [1, 3], [2, 0], [1, 2], [0, 5], [3, 12], [4, 7], [1, 5], [3, 6], [1, 6], [0, 12], [-1, 12], [1, 4], [3, 1], [1, 3], [1, 7], [-1, 5], [1, 3], [2, 2], [0, 2], [-4, 3], [-1, -3], [-1, 1], [0, 22], [-1, 6], [0, 3], [1, 2], [1, 4], [2, 4], [-1, 8], [0, 3], [2, 3], [2, -3], [-1, -1]], [[29835, 68122], [0, -3], [1, 2], [-1, 2]], [[29835, 68123], [0, 3], [0, 9], [1, 1], [2, -3], [1, 2], [0, 7], [2, 4], [-1, 7], [-1, 3], [1, 4], [3, 5], [1, 0], [0, 4], [-2, 3], [1, 4], [3, 0], [0, 6], [2, 8], [-1, 6], [2, 4], [2, -3], [1, 1], [1, 2], [-1, 3], [-3, 5], [0, 3], [3, 1], [1, 4], [0, 7], [-1, 3], [-1, 2], [-1, -2], [0, -5], [-2, -1], [-1, 6], [0, 4], [-1, 7], [1, 4], [0, 7], [2, 5], [2, 0], [1, 9], [-1, 1], [-1, 4], [0, 18], [1, 5], [-2, 2], [1, 4], [-1, 0], [-1, 4], [-1, 2], [-2, 20], [-2, 6], [1, 10], [1, 2], [0, 12], [1, 3], [1, 6], [0, 12], [1, 8], [0, 10], [-2, 5], [-1, 10], [0, 16], [-2, -2], [0, 5], [2, 16], [2, 4], [2, 3], [0, 3], [2, 3], [1, 5], [0, 10], [1, 5], [-1, 4], [0, 2], [1, 3], [3, -3], [3, 3], [6, 8], [0, 2], [1, 5], [1, 2], [5, -1], [1, 1], [4, 0], [1, -2], [2, 0], [1, 2], [1, 5], [4, 8], [2, 0], [2, -2], [1, -4], [2, -1], [4, -7], [1, 1], [2, 3], [3, 1], [2, 5], [3, 6], [3, 3], [1, 0], [2, 3], [0, 4], [-1, 9], [1, 7], [-1, 3], [0, 8], [2, 2], [1, -1], [1, 4], [-1, 5], [1, 3], [2, 7], [1, 1], [3, 0], [3, 7], [2, 1], [2, -1], [2, -6], [1, 1], [1, 7], [1, 3], [3, 1], [3, -2], [3, 4], [3, 8], [2, 4], [1, 5], [2, -1], [0, 3], [-1, 6], [0, 1], [3, 0], [1, 2], [2, 6], [0, 13], [1, 5], [0, 4], [3, -1], [1, 2], [0, 5], [-2, 3], [0, 6], [4, 8], [0, 4], [1, 0], [1, -2], [0, -3], [-2, -2], [-1, -3], [2, -2], [1, 1], [2, 11], [0, 2], [2, -2], [3, 2], [0, 1], [1, 9], [0, 6], [1, 2], [1, -4], [1, 2], [-1, 6], [1, 2], [0, -4], [2, -2], [0, 3], [-1, 5], [-1, 8], [-2, 3], [0, 6], [1, -1], [2, 2], [1, 2], [1, 9], [1, 6], [-2, 4], [-2, 5], [-3, 9], [0, 7], [1, 6], [5, 0], [2, -3], [2, 1], [1, 2], [0, 6], [1, -2], [2, 3], [-2, 5], [-1, 6], [1, 4], [1, -1], [-1, -3], [1, -3], [1, 0], [2, 5], [1, 6], [-1, 2], [0, 5], [-2, -4], [0, 8], [-2, -5], [-1, 0], [1, 6], [1, 2], [-1, 2], [-1, -2], [-1, 1], [0, 3], [1, 1], [1, 2], [0, 5], [-1, 9], [0, 8], [1, 1], [2, -4], [0, 3], [-3, 3], [0, 3], [1, -3], [2, 2], [0, 2], [-2, 0], [-1, 4], [-2, 3], [0, 3], [1, 0], [1, 3], [-2, 12], [-1, 1], [0, -3], [-2, -1], [-1, 3], [1, 1], [0, 3], [-2, 0], [-1, 2], [-1, 4], [1, 3], [-1, 8], [2, 2], [0, 2], [-2, 1], [0, 2], [-2, 1], [0, 2], [1, 3], [0, 3], [-1, 4], [0, 11], [-1, 3], [0, 9], [-1, 0], [-1, 8], [-2, 3], [0, 3], [-1, 3], [0, 8], [-1, -2], [-1, 2], [0, 16], [-1, 5], [-1, 2], [0, 3], [1, 3], [1, 0], [2, 2], [1, 4], [1, 8], [1, 1], [1, 3], [1, 5], [1, 2], [0, 3], [1, 6], [3, 3], [1, 0], [1, 4], [0, 2], [1, 4], [0, 9], [1, 6], [-2, 5], [-1, 2], [0, 2], [1, 7], [3, 4], [1, 0], [1, 12], [2, 3], [-1, 6], [-1, 5], [0, 3], [3, 8], [-1, 3], [0, 4], [1, 4], [2, 3], [1, 1], [2, 5], [0, 5], [2, 3], [1, 5], [1, 3], [1, 4], [-1, 5], [1, 2], [1, 3], [1, 2], [1, 5], [1, -2], [0, 5], [1, 5], [-2, -1], [-1, 8], [-3, 9], [-1, 2], [1, 2], [-1, 3], [0, 3], [-1, 3], [1, 2], [1, 6], [-1, 2], [0, 7], [1, 8], [-1, 7], [-2, -1], [0, 7], [-2, 8], [0, 4], [-2, 1], [1, 3], [-2, 0], [0, 2], [1, 5], [2, 2], [-2, 2], [1, 2], [1, 5], [2, 4], [1, 0], [2, 2], [1, 4], [1, 1], [1, -2], [1, -3], [1, 1], [2, -5], [1, 2], [1, 0], [1, 6], [0, 2], [3, 3], [0, 2], [-10, 0]], [[30000, 69286], [1, 1], [-1, 4], [1, 3], [0, 7], [1, 6], [1, 2], [0, 14], [-2, -1], [-1, 1], [0, 2], [-1, 1], [1, 5], [1, 1], [1, 3], [-1, 3], [1, 7], [-1, 3], [0, 4], [1, -2], [0, 3], [2, -1], [0, 4], [1, 2], [-1, 4], [1, 0], [1, 3], [0, 2], [1, 1], [2, -1], [1, 2], [1, 10], [1, 2], [0, 4], [3, 7], [-1, 0], [1, 4], [0, 5], [1, 0], [2, 2], [-1, 2], [2, 4], [2, 5], [0, 7], [-1, 10], [-2, 4], [1, 1], [0, 7], [2, 5], [0, 5], [1, 3], [0, 8], [2, 4], [0, 5], [1, 5], [-1, 2], [1, 5], [1, 2], [1, 4], [0, 9], [2, 3], [0, 10], [-1, 8], [-1, 1], [-2, 1], [-6, 15], [-1, 2], [0, 3], [-2, 0], [1, 4], [1, 1], [1, -1], [1, -2], [0, -3], [2, 0], [1, -2], [1, 4], [1, 0], [0, 4], [2, 3], [1, 1], [2, -1], [1, -3], [1, -5], [1, -1], [1, 6], [0, 4], [1, 3], [4, 4], [2, 6], [0, 3], [-1, 7], [-1, 5], [1, 4], [1, -2], [2, 4], [2, -1], [1, 2], [1, 4], [1, 5], [3, 2], [1, 5], [2, 1], [1, 6], [1, 5], [2, 3], [1, -1], [2, 5], [0, -6], [1, -3], [2, 2], [2, -3], [0, -3], [1, -8], [0, -10], [1, -5], [1, 2], [1, -4], [1, -2], [1, 1], [1, -7], [0, -2], [1, -1], [2, -8], [-1, -2], [1, -3], [2, 5], [1, -3], [3, 0], [0, 2], [2, 2], [1, -1], [1, -3], [2, -4], [0, -3], [2, -6], [1, 5], [1, 3], [1, 0], [2, 4], [1, -2], [3, -7], [0, -3], [1, 3], [3, 2], [1, 5], [0, 6], [1, 1], [0, 4], [2, 4], [0, 7], [1, 2], [0, 6], [1, 1], [1, 4], [1, 5], [-1, -1], [-1, 3], [1, 8], [1, 1], [0, 3], [2, 6], [0, 2], [1, 2], [3, 2]], [[17989, 57650], [1, -11], [0, -16], [-1, -11], [0, -12], [1, -8], [0, -15], [-1, -10], [0, -10], [1, -11], [0, -6], [-2, -14], [0, -11], [1, -12], [1, -10], [1, -6], [2, -5], [4, -9], [3, -10], [2, -6], [1, -9], [2, -15], [0, -12], [1, -10], [1, -5], [1, -7], [0, -4], [2, -10], [2, -8], [1, -6], [2, -5], [3, -7], [1, -5], [4, -16], [3, -3], [3, -7], [1, -9], [1, -3], [2, 0], [1, -2], [1, -6], [0, -7], [1, -12], [1, -6], [2, -10], [0, -7], [1, -4], [0, -2], [-1, -4], [-1, -5], [0, -2], [2, -6], [2, -9], [1, -4], [0, -22], [3, -8], [1, -5], [0, -9], [-1, -4], [-2, -3], [0, -3], [4, -15], [5, -13], [1, -12], [3, -19], [2, -15], [1, -16], [0, -11], [-1, -13], [0, -29], [-1, -8], [0, -7], [1, -5], [2, -7], [1, -1], [2, 1], [2, 3], [5, 2], [1, -3], [1, -5], [1, -8], [3, -3], [5, -10], [1, -6], [1, -5], [0, -9], [2, -5], [1, -3], [4, 0], [3, -9], [1, -6], [1, -2], [4, -13], [2, -9], [1, -4], [3, -4], [4, -1], [2, -6], [2, -2], [2, -6], [2, -12], [2, -10], [1, -12], [1, -3], [4, -14], [1, -3], [0, -17], [1, -9], [-1, -4], [1, -9], [1, -8], [0, -2], [-1, -3], [-3, 2], [-2, -2], [-3, 2], [0, -10], [-1, -2], [-2, -3], [-1, -5], [0, -3], [-4, -11], [-5, -18], [0, -4], [-2, -3], [-2, -5], [0, -13], [-1, -6], [-1, -2], [-3, -4], [-1, -5], [-2, -6], [-4, -4], [-2, 2], [-3, -2], [-2, -4], [-2, -8], [-2, -9], [-1, -9], [-3, -8], [-4, -4], [-3, 0], [-2, -1], [-1, -4], [-1, -8], [-2, -5], [0, -2], [-3, -1], [-3, -7], [-3, 2], [-2, -1], [-1, -1], [-1, -3], [-2, -5], [0, -4], [-1, -3], [-1, -5], [-1, -7], [-1, -11], [0, -7], [-1, -16], [0, -9], [1, -9], [0, -16], [-2, -14], [-2, -5], [-1, -1], [-3, 1], [0, -1], [-1, -4], [1, -5], [2, -4], [0, -4], [-1, -3], [-2, -1], [-2, -10], [-2, -5], [-1, -6], [-3, -11], [-1, -5], [-3, -5], [-1, 1], [-2, -3], [-2, -9], [-2, -15], [0, -8], [1, -3], [1, -2], [2, -3], [2, -8], [1, -3], [1, -6], [0, -5], [-1, -4], [-1, -1], [-2, 4], [-1, 0], [0, -6], [4, -18], [2, -4], [0, -13], [-1, -3], [-1, -2], [-1, -4], [-3, 2], [-1, -3], [0, -11], [1, -11], [1, -4], [1, -11], [-1, -8], [-2, -4], [3, -21], [1, -10], [2, -24], [1, -9], [0, -11], [-1, -11], [-1, -8], [2, -7], [1, -7], [1, -3], [1, -10], [0, -7], [-1, -9], [-3, -6], [-1, -1], [-3, -6], [-2, -8], [-1, -11], [1, -3], [1, -4], [1, -1], [1, 0], [1, -3], [0, -3], [-1, -2], [-2, 0], [-1, -2], [-1, -3], [0, -4], [1, -5], [1, -4], [1, -7], [-1, -5], [-1, -2], [0, -5], [1, -7], [1, -4], [0, -4], [-1, -3], [-1, -5], [-2, -11], [-1, -4], [0, -15], [1, -3], [0, -8], [1, -4], [0, -4], [1, -3], [1, -8], [-2, -6], [-3, -6], [-4, -11], [0, -3], [-1, -7], [0, -9], [-2, -8], [-1, -2], [-2, -2], [-3, -5], [-1, -4], [-1, -9], [-1, -7], [-2, -12], [-2, -8], [-2, -13], [0, -10], [-1, -18], [-1, -5], [-1, -6], [-3, -7], [-1, -4], [-3, 0], [-4, 7], [-4, -2], [-2, -3], [-1, -5], [-1, -3], [-3, -1], [-2, 1], [-2, -4], [1, -5], [3, -14], [2, -7], [0, -13], [2, -12], [0, -10], [-1, -18], [-1, -11], [-1, -7], [-3, -6], [-1, -5], [0, -2], [-2, -5], [0, -4], [2, -17], [2, -3], [1, -2], [3, -2], [2, -2], [3, -5], [2, -6], [1, -12], [0, -5], [-1, -2], [-2, -5], [-1, -2], [-1, -3], [2, -12], [2, -6], [1, -5], [0, -8], [-2, -18], [1, -5], [0, -20], [-1, -8], [0, -18], [-1, -5], [-1, -15], [-1, -5], [-2, -8], [-2, -20], [0, -10], [-1, -9], [0, -8], [1, -3], [1, -2], [2, 0], [2, -3], [0, -15], [2, -10], [2, -6], [-1, -10], [1, -8], [1, -4], [2, -6], [1, 1], [1, 4], [2, 11], [1, 2], [1, -4], [2, -7], [1, -8], [1, -3], [2, -3], [4, -2], [2, 0], [2, 1], [2, 2], [1, 9], [2, 1], [2, -2], [1, 1], [2, -2], [3, 0], [4, -2], [3, -3], [2, -7], [2, -14], [1, -9], [0, -4], [1, -12], [0, -12], [1, -9], [1, -2], [2, 2], [2, 4], [2, -2], [0, -20], [-1, -8], [-1, -9], [-1, -6], [0, -13], [1, -4], [3, -10], [1, -6], [-1, -11], [0, -33], [-1, -29], [-2, -8], [-5, -18], [-5, -8], [-2, -12], [0, -3], [-3, -8], [-1, -6], [0, -20], [1, -5], [0, -8], [1, -7], [-4, 0], [0, -8], [-7, -1], [0, -8], [-5, 0], [0, -9], [-9, 0], [0, -7], [-4, 2], [-1, 1], [-3, 1], [-3, 2], [-3, 1], [-4, 2], [-3, 2], [-2, 7], [-1, 2], [-1, -5], [-1, -8], [-1, -3], [-1, -4], [0, -8], [-1, -3]], [[17965, 54997], [-53, -15], [-25, -7], [-33, -10], [-35, -10], [-19, -6], [-30, -8], [-17, -6], [-28, -8], [-40, -13], [-26, -8], [-17, -5], [-29, -10], [-34, -11], [-29, -9], [-38, -13], [-26, -9], [-42, -14], [-28, -10], [-30, -10], [-28, -10], [-35, -13], [-28, -10], [-22, -5], [-1, 29], [0, 21], [-2, 26], [-1, 18], [-1, 12], [-3, -5], [-4, -2], [-1, 0], [-3, 2], [-2, 3], [-2, 5], [-6, 21], [-3, 17], [-3, 39], [-2, 49], [-1, 85], [-3, 41], [0, 22], [2, 27], [3, 24], [-8, 115], [-7, 85], [-4, 33], [-4, 25], [-8, 61], [-9, 41], [-9, 34], [-2, 9], [-4, 22], [-8, 30], [-6, 21], [-15, 34], [-3, 8], [-3, 17], [-2, 2], [-4, 12], [-5, 14], [-8, 25], [-3, -2], [-3, 0], [-1, 3], [-3, 10], [-2, 7], [-2, 8], [-3, 16], [-2, 6], [-2, 13], [-1, 10], [-3, 8], [-2, 6], [-1, 6], [0, 4], [-2, 5], [-1, 2], [-3, 4], [-10, 23], [-17, 34], [-11, 31], [-8, 19], [-4, 8], [-5, 12], [-4, 12], [-7, 23], [-6, 16], [-3, 18], [-6, 33], [-11, -7], [-7, -1], [-12, 0], [-5, -18], [-6, -13], [-12, -5], [-8, 5], [-8, 18], [-3, 9], [-12, 17], [-11, 28], [-5, 33], [0, 30], [1, 27], [4, 18], [5, 16], [2, 8], [-1, 11], [-3, 19], [-5, 28], [-7, 34], [-2, 16], [-2, 8], [-2, 16], [-3, 10], [-4, 22], [-3, 9], [-2, 0], [-1, 1], [-2, -2], [-3, 0], [-2, 1], [-1, -2], [-4, 0], [-4, 1], [-2, -2], [-3, 0], [-1, 1], [-1, -2], [-1, -1], [-3, -4], [-3, -1], [-2, 0], [-1, 1], [-3, -3], [-2, 0], [-3, 1], [-3, 2], [-2, -4], [-3, -2], [-1, -4], [-2, -6], [-2, -3], [-1, -4], [-3, -7], [-4, -6], [-3, -3], [-3, 0], [-3, 3], [-3, 4], [-2, 3], [-3, 8], [-1, 4], [-5, 21], [-2, 1], [-2, 3], [-2, 1], [-4, 1], [-1, 2], [-3, 0], [-2, 2], [-2, -1], [-4, 2], [-3, 4], [-4, 2], [-2, 2], [-4, 9], [-8, 8], [-8, 5], [-16, 13], [-12, 12], [-17, 25], [-9, 51], [-1, 4], [-4, 14], [-5, 23], [-3, 22], [-3, 32], [-2, 17], [-3, 29], [-2, 11], [0, 1], [-5, 3], [-3, 6], [-4, 5], [-3, 9], [-4, 17], [-3, 2], [-4, 5], [-6, 8], [-5, 10], [-5, 15], [-4, 24], [-3, 4], [-3, 6], [-1, 0], [-1, 4], [-1, 0], [-4, 6], [-3, 1], [-2, 3], [-3, 7], [-3, 9], [-1, 0], [-4, 3], [-2, 4], [-2, 1], [-1, -2], [-4, -1], [-4, 1], [-4, -14], [-7, -12], [-5, -8], [-2, -1], [-5, 4], [-5, 8], [-4, 7], [-3, 5], [-3, 3], [-3, 7], [-1, -1], [-1, 1], [-3, -7], [-2, -3], [-4, -3], [-2, -1], [-3, 1], [-3, 3], [-3, -2], [-4, 2], [-2, 4], [-4, 10], [-1, 4], [-1, 0], [-2, 3], [-21, 28], [-2, 3], [-4, 9], [-1, -1], [-3, 1], [-2, 3], [-3, -3], [-4, 0], [-2, 2], [-2, -2], [-2, 0], [-2, 1], [-3, 3], [-5, 6], [-2, 4], [-1, 0], [-2, 1], [-1, -1], [-4, -2], [-4, 1], [-2, -1], [-2, 0], [-2, 1], [-1, 2], [-4, -2], [-2, -2], [-4, -2], [-3, 1], [-1, -1], [-3, 0], [-4, -1], [-2, 1], [-3, -3], [-3, -2], [-1, 0], [-4, -4], [-4, 0], [-2, -1], [-1, -2], [-1, 0], [-4, 2], [-3, -3], [-2, -1], [-1, -2], [-2, -3], [-3, -3], [-5, -2], [-3, -4], [-4, -2], [-1, 0], [-4, 3], [-2, 3], [-1, 0], [-2, 2], [-4, 5], [-4, 11], [-2, 8], [-3, 16], [-1, 8], [0, 15], [-1, 5], [-2, 9], [-3, 21], [0, 7], [-2, 2], [-4, 7], [-2, 4], [-2, 5], [-2, -2], [-2, -1], [-4, 2], [-3, -1], [-2, 1], [-4, 6], [-2, 5], [-2, 7], [-4, 10], [-2, 7], [-1, 8], [-1, 3], [-1, 6], [-2, 8], [-1, 15], [0, 19], [2, 15], [-1, 10], [1, 12], [1, 13], [0, 3], [2, 10], [2, 8], [2, 9], [2, 27], [1, 14], [2, 9], [-1, 4], [-1, 2], [-2, 10], [-1, 7], [-1, 6], [-1, 4], [-3, 13], [-1, 9], [0, 23], [1, 9], [1, 7], [1, 6], [0, 8], [2, 17], [1, 12], [2, 28], [-3, 7], [-3, 12], [-3, 4], [-2, 6], [-2, 7], [-1, 5], [-2, 15], [-1, 11], [0, 17], [2, 13], [0, 29], [3, 16], [1, 3], [0, 12], [3, 31], [0, 11], [1, 10], [1, 13], [1, 36], [1, 17], [0, 28], [-5, 6], [-5, 9], [0, 2], [-2, -3], [-2, -2], [-2, 0], [-3, 1], [-1, 1], [-4, 0], [-2, 1], [-5, 6], [-3, 4], [-2, 9], [-1, 4], [-3, 0], [-2, 4], [-2, 3], [-3, 6], [-2, 6], [-2, 7], [-1, 6], [-4, 8], [-5, 13], [-5, 20], [-1, 6], [0, 6], [-2, 4], [-2, 7], [-2, 8], [-1, 8], [-2, 18], [0, 26], [2, 22], [1, 6], [3, 21], [3, 26], [1, 7], [0, 14], [-1, 15], [-1, 16], [1, 9], [0, 5], [-1, 6], [-5, 3], [-3, 2], [-4, 8], [-4, 9], [-1, -2], [-3, 0], [-3, 1], [-5, 6], [-3, 5], [-2, 10], [-2, 11], [-2, 5], [-1, 6], [-1, 3], [-3, 7], [-2, 7], [-1, 5], [-2, 5], [-3, 12], [-2, 11], [-1, 4], [-2, 2], [-1, 5], [-2, 8], [-3, 11], [-2, 15], [-3, 19], [-2, 18], [-3, 9], [-4, 17], [-5, 4], [-3, 8], [-2, 2], [-3, 6], [-3, 1], [-3, 6], [-5, 2], [-6, 10], [-4, 9], [-4, 21], [-2, 15], [0, 7], [-1, 4], [-1, 5], [-4, 13], [-3, 30], [0, 12], [-1, 7], [0, 5], [-1, 8], [-2, 12], [-1, 7], [1, 15], [-2, 3], [-8, 24], [-5, 21], [-1, 6], [-2, 9], [-2, 3], [-5, 11], [-5, 16], [-5, 24], [-2, 13], [-2, 11], [-3, 20], [-3, 31], [-2, 18], [-3, 7], [-5, 11], [-5, 6], [-4, 5], [-3, 12], [-4, 23], [-3, 26], [-2, 21], [-3, 30], [-4, 21], [-5, 23], [-6, 30], [-1, 2], [-1, 6], [-3, 11], [-1, 3], [-2, 7], [-1, 2], [-2, 8], [-2, 1], [-3, 6], [-2, 3], [-2, 9], [-3, 3], [-4, 3], [-3, 3], [-4, 7], [-1, 5], [-1, 1], [-6, 15], [-3, 10], [-1, 6], [-1, 12], [-1, 6], [-1, 4], [-2, 6], [-3, 8], [-2, 5], [-5, 14], [-1, 8], [-2, 10], [-1, 7], [-1, 16], [1, 10], [0, 8], [-1, 12], [-1, 9], [0, 6], [-1, 14], [0, 24], [1, 6], [-2, 11], [0, 11], [-1, 10], [0, 12], [-2, 6], [-2, 10], [-1, 7], [-1, 14], [0, 6], [1, 9], [-2, 5], [-1, 6], [-1, 10], [-1, 18], [-2, 11], [0, 15], [1, 11], [1, 7], [-3, 13], [-3, 14], [-1, 14], [-1, 9], [0, 12], [1, 7], [2, 15], [3, 12], [1, 3], [0, 3], [1, 8], [1, 7], [3, 10], [0, 1], [-8, 119], [-10, 145], [-3, 41], [-7, 7], [-8, 11], [-8, 14], [-3, 6], [-5, 9], [-6, 13], [-11, 28], [-3, 9], [-1, 8], [-2, 10], [0, 11], [-1, 7], [-4, 9], [-4, 13], [-3, 13], [-2, -1], [-4, 0], [-3, 2], [-4, 3], [-2, 5], [-2, 4], [-3, 12], [-2, 13], [0, 7], [-1, 16], [0, 3], [-2, 5], [-1, 4], [-2, 9], [-2, 12], [-2, 3], [-3, 8], [-1, 6], [-2, 9], [-1, 10], [-1, 4], [-2, 9], [-1, 12], [0, 17], [-1, 11], [-2, 11], [-1, 15], [0, 42], [2, 27], [3, 55], [0, 10], [-6, 45], [-5, 27], [-1, 13], [0, 22], [-5, 5], [-3, 5], [-3, 9], [-1, 7], [-2, 7], [-3, 11], [-1, 11], [0, 13], [-2, 53], [-2, 19], [0, 35], [2, 22], [4, 32], [-4, 141], [-1, 22], [-1, 12], [-7, 30], [-4, 7], [-2, 8], [-6, 9], [-3, 7], [-3, 8], [-4, -4], [-4, -1], [-3, 1], [-2, 3], [-2, 2], [-3, 6], [-3, 3], [-4, 10], [-2, 6], [-1, 6], [-3, 14], [0, 6], [-7, 9], [-3, 7], [-1, 3], [-3, 10], [-1, 6], [-1, 9], [-1, 16], [-1, 3], [-3, 11], [-2, 6], [-1, 5], [-1, 0], [-3, 9], [-4, 3], [-2, -14], [-2, -12], [-4, -9], [-2, -3], [-4, -4], [-6, -1], [-10, 2], [-3, 0], [-5, 4], [-3, 3], [-2, 6], [-3, 7], [-2, 7], [-1, 8], [-1, 13], [-1, 20], [0, 10], [1, 12], [2, 9], [3, 11], [12, 103], [2, 28], [-2, 11], [-1, 6], [-1, 10], [-1, 11], [-1, 5], [0, 7], [-1, 6], [-2, 9], [-1, 11], [0, 2], [-14, 52], [-3, 7], [-2, 12], [-1, 8], [-3, 14], [-2, 18], [0, 18], [1, 12], [1, 10], [-2, 5], [-1, 6], [-2, 7], [-2, 16], [-2, 15], [-2, 7], [-2, 4], [-2, 6], [-2, 8], [-3, 16], [-2, 8], [-2, 13], [-2, 3], [-2, 5], [-1, 2], [-1, 0], [-3, 3], [-5, 6], [-4, 8], [-2, 3], [-4, 13], [-3, 12], [-2, 11], [-2, 2], [0, 3], [-5, 2], [-3, 7], [-5, 22], [-2, 9], [-1, 10], [-2, 10], [-3, 10], [-2, 10], [-3, 13], [-2, 10], [-2, 8], [-3, 9], [-2, 10], [-1, 9], [-2, 8], [-1, 11], [-2, 4], [-3, 11], [-2, 11], [-1, 9], [-1, 5], [-2, 9], [-4, 8], [-2, 7], [-5, 7], [-4, 11], [-4, 10], [-2, 12], [-2, 14], [-4, 10], [-2, 1], [-5, 10], [-2, 7], [-4, 12], [-2, 11], [-1, 2], [-5, 13], [-3, 15], [-4, 9], [-3, 12], [-2, 19], [-3, 15], [-7, 21], [-2, 3], [-4, 18], [-4, 40], [-2, 15], [-1, 24], [1, 18], [2, 15], [3, 12], [3, 6], [2, 3], [2, 1], [0, 38], [-1, 3], [-1, 7], [-1, 15], [-2, 8], [-1, 10], [-1, 16], [-1, 11], [-1, 6], [-2, 11], [-2, 13], [0, 16], [-2, 7], [-3, 23], [-3, 19], [-1, 5], [0, 3], [-1, 6], [0, 11], [-1, 13], [0, 7], [-1, 11], [-1, 10], [-1, 8], [-2, 18], [0, 5], [-1, 16], [-2, 12], [-1, 22], [0, 11], [-2, 7], [-2, 14], [0, 31], [-1, 13], [1, 6], [0, 8], [1, 3], [0, 23], [1, 11], [0, 39], [3, 27], [1, 8], [-1, 3], [0, 10], [1, 10], [2, 7], [1, 3], [1, 4], [2, 0], [1, 12], [4, 28], [-2, 9], [0, 4], [-2, 21], [-1, 16], [0, 63], [-1, 4], [0, 17], [-1, 12], [-4, 12], [-2, 5], [-3, 12], [-1, 6], [0, 8], [-1, 8], [-1, 24], [0, 12], [-1, 9], [1, 13], [0, 14], [-1, 9], [-1, 13], [-3, 6], [-1, 4], [-4, 8], [-3, 9], [-3, 11], [-2, 14], [-2, 11], [-1, 12], [-1, 10], [-1, 5], [-5, 11], [-1, 3], [-1, 6], [-2, 16], [-2, 9], [-1, 10], [-2, 8], [-4, 12], [-1, 5], [-3, 13], [-4, 18], [-2, 1], [-3, 2], [-4, 5], [-1, 4], [-3, 7], [0, 6], [-2, 7], [-3, 13], [0, 8], [-1, 7], [0, 20], [1, 13], [-4, 16], [-3, 5], [-5, 6], [-5, 7], [-4, 6], [-4, 8], [-4, 20], [-4, 16], [-3, 11], [-4, 4], [-7, 19], [-3, 7], [-3, 8], [-4, 13], [-6, 18], [-3, 11], [-4, 8], [-3, 10], [-2, 8], [-3, 14], [-1, 15], [-1, 19], [1, 26], [1, 15], [1, 14], [0, 6], [-2, 15], [0, 30], [-1, 8], [-4, 11], [0, 3], [-5, 29], [-3, 13], [-2, 11], [0, 7], [-1, 14], [1, 14], [1, 8], [3, 12], [2, 11], [1, 6], [1, 10], [0, 26], [1, 17], [4, 22], [2, 15], [2, 18], [2, 23], [2, 19], [2, 13], [6, 38], [4, 28], [5, 32], [3, 12], [1, 10], [3, 13], [2, 13], [3, 21], [1, 15], [1, 8], [2, 9], [2, 5], [4, 23], [2, 15], [3, 17], [1, 6], [3, 19], [0, 7], [3, 20], [2, 17], [5, 51], [0, 13], [2, 14], [2, 32], [-2, 4], [-3, 4], [-1, 6], [-2, 6], [-1, 8], [0, 7], [-3, 11], [-1, 9], [0, 7], [-1, 13], [-1, 7], [-1, 5], [0, 8], [-2, 11], [-1, 10], [0, 32], [-1, 6], [1, 15], [1, 7], [2, 12], [2, 9], [6, 12], [2, 3], [2, 1], [2, 19], [1, 19], [3, 23], [0, 25], [1, 9], [1, 11], [1, 7], [1, 9], [-1, 4], [-2, -2], [-5, 0], [-4, 4], [-2, 4], [-3, 5], [-2, 10], [-2, 8], [-1, 7], [-1, 10], [0, 12], [1, 13], [1, 11], [1, 6], [2, 7], [4, 9], [2, 4], [4, 4], [4, 1], [4, -2], [3, -3], [3, -5], [0, 5], [1, 20], [0, 18], [1, 16], [-1, 11], [0, 26], [-1, 10], [-1, 16], [-2, 15], [-1, 10], [-1, 13], [-1, 12], [0, 16], [-1, 2], [-2, 7], [-2, 8], [-2, 9], [-1, 9], [0, 6], [1, 12], [-1, 3], [0, 19], [-2, 6], [-1, 7], [-2, 12], [-1, 7], [0, 31], [1, 14], [-1, 8], [-3, 5], [-4, 11], [-2, 0], [-2, 2], [-3, 6], [-5, 9], [-4, 10], [-2, 7], [-4, 4], [-4, 7], [-6, 19], [-3, 7], [-2, 9], [-2, 1], [0, 1], [-2, 3], [-3, 5], [-3, 13], [-3, 11], [-1, 8], [-3, 12], [-1, 7], [-2, 10], [0, 16], [1, 13], [1, 8], [2, 14], [2, 7], [2, 8], [3, 5], [3, 1], [7, 0], [5, -4], [5, -10], [5, -19], [4, 3], [3, -2], [2, 18], [-1, 0], [2, 28], [0, 5], [-2, 5], [-1, 6], [-2, 18], [0, 11], [1, 9], [1, 7], [0, 6], [-1, 15], [-1, 7], [-2, 9], [-2, 11], [-3, 2], [-3, 5]], [[15289, 65782], [33, 0], [19, -2], [12, 0], [12, -1], [62, 0], [6, -1], [17, 2], [6, 0], [20, -2], [9, 5], [17, 1], [8, 1], [25, -1], [27, -1], [46, 7], [11, 4], [4, -1], [5, -1], [9, -2], [5, -1], [5, -2], [10, 0], [11, 1], [69, 0], [10, 1], [5, 0], [11, 1], [17, 2], [4, 0], [10, 1], [28, 0], [10, 2], [33, -3], [27, 0], [5, -1], [11, 0], [6, -1], [10, 0], [4, -1], [11, -1], [15, 0], [23, -1], [39, -2], [29, -2], [19, -1], [18, -1], [33, -1], [5, -1], [4, 1], [11, 1], [12, -1], [4, 1], [13, 0], [5, -1], [16, -1], [6, -1], [5, 0], [6, -1], [9, -1], [12, -1], [6, 1], [81, 0], [17, -1], [26, 1], [26, 0], [25, -1], [0, 1], [11, 0], [0, -1], [8, 0], [5, 1], [11, 1], [6, 0], [42, 1], [8, 0]], [[16495, 65778], [0, -1593], [1, -29], [0, -464], [-1, -16], [0, -406], [-1, -47], [0, -389], [-1, -102], [0, -217], [1, -73], [0, -146], [15, -41], [5, -13], [15, -45], [12, -35], [3, -9], [5, -14], [30, -87], [16, -46], [4, -10], [11, -31], [9, -28], [12, -33], [3, -9], [2, -7], [9, -24], [7, -22], [9, -28], [7, -21], [2, -4], [11, -31], [0, -1], [5, -14], [20, -59], [2, -5], [14, -41], [8, -22], [8, -24], [0, -2], [8, -22], [4, -13], [15, -43], [8, -24], [14, -41], [8, -22], [13, -39], [4, -13], [17, -52], [8, -21], [7, -20], [9, -27], [24, -74], [1, -4], [14, -40], [20, -59], [1, -5], [13, -38], [21, -62], [1, -4], [15, -45], [19, -56], [7, -22], [3, -10], [10, -30], [14, -44], [21, -61], [4, -13], [9, -26], [3, -9], [2, -8], [2, -6], [12, -37], [9, -28], [8, -22], [21, -66], [14, -42], [1, -2], [10, -32], [8, -25], [13, -40], [15, -46], [11, -34], [2, -4], [10, -31], [0, 1], [26, -83], [9, -28], [1, -2], [29, -91], [6, -17], [11, -36], [6, -18], [9, -28], [7, -22], [11, -35], [13, -42], [4, -12], [6, -17], [1, -2], [20, -65], [15, -47], [15, -46], [19, -63], [17, -52], [18, -58], [24, -74], [11, -37], [4, -10], [11, -39], [19, -59], [2, -6], [14, -46], [20, -62], [22, -73], [20, -65], [2, -3], [16, -52], [9, -31], [2, -5], [21, -70], [2, -5], [11, -36], [25, -79], [6, -22], [18, -59], [1, -1], [13, -44], [25, -82], [20, -67], [19, -60], [13, -44], [11, -37], [13, -42], [7, -22], [11, -37], [15, -51], [1, -4], [17, -56], [5, -15], [4, -15], [20, -67], [3, -10], [25, -82], [12, -40], [5, -16], [10, -35], [9, -30], [10, -32], [15, -50], [12, -43]], [[15611, 60874], [1, 19], [2, 12], [4, 11], [2, 6], [4, 5], [2, 2], [7, -1], [3, -5], [4, -5], [6, -16], [2, -13], [2, -12], [0, -1], [2, 0], [4, -3], [4, -5], [3, -8], [1, -5], [3, -12], [1, -3], [4, -11], [3, -18], [1, -7], [1, -15], [0, -6], [-1, -13], [-1, -11], [-2, -16], [-4, -13], [-2, -6], [-4, -6], [-4, -2], [0, 2], [-3, 0], [-4, 4], [-4, 6], [-4, 10], [-3, 10], [-1, 7], [-1, 11], [-1, 8], [-3, 13], [-2, 15], [-3, -1], [-3, 1], [-3, 4], [-2, 3], [-4, 15], [-3, 6], [-3, 21], [-1, 9], [0, 14]], [[16740, 55911], [2, 12], [1, 4], [3, 9], [2, 4], [4, 6], [3, 1], [2, 0], [3, 1], [3, 3], [3, 0], [5, -3], [2, -2], [3, -6], [2, -7], [3, -12], [1, -10], [0, -6], [1, -17], [0, -22], [-1, -10], [-1, -6], [0, -11], [-2, -14], [-3, -9], [-3, -6], [0, 3], [-3, -5], [-4, -4], [-4, -1], [-4, -2], [-5, 4], [-2, 3], [-2, 5], [-2, 7], [-2, 9], [-2, 12], [0, 7], [-1, 13], [1, 8], [0, 36], [-3, 0], [0, 6]], [[16865, 55888], [1, 9], [1, 8], [2, 12], [3, 12], [2, 4], [3, 5], [4, 4], [6, 0], [3, -4], [1, 1], [4, 0], [1, -1], [3, 3], [4, 0], [3, -1], [4, -6], [2, -4], [2, -7], [5, 0], [4, -6], [1, -4], [3, -8], [3, -13], [1, 0], [2, -2], [1, -7], [5, -2], [5, -7], [5, -5], [2, -5], [3, -8], [2, -5], [3, -7], [2, -7], [2, -9], [2, -10], [1, -21], [1, -4], [3, -7], [2, -9], [2, -11], [3, -6], [1, -6], [2, -7], [2, -13], [1, -17], [1, -18], [0, -23], [-1, -14], [-1, -11], [-3, -11], [-2, -8], [-4, -7], [-3, -6], [-3, -4], [-4, -3], [-3, 0], [-4, 2], [-6, 6], [-5, 9], [-1, 3], [-2, 1], [-3, 2], [-2, -2], [-5, 0], [-7, 3], [-9, 9], [-5, 10], [-2, 5], [-2, 8], [-6, 33], [-1, 7], [-1, 11], [-1, 12], [0, 29], [1, 1], [-2, 5], [-2, 0], [-3, 3], [-10, 18], [-3, 9], [-2, 9], [-1, 11], [-7, 25], [-2, 13], [-1, 13], [0, 12], [-1, 9]], [[16863, 55370], [0, 11], [6, 30], [4, 8], [2, 3], [4, 2], [5, 0], [3, 1], [3, -1], [8, -9], [3, -6], [5, -16], [2, -11], [2, -10], [0, -4], [2, -9], [2, -5], [1, -10], [0, -8], [2, -7], [1, -5], [-1, 0], [3, -13], [3, -16], [1, -5], [3, -11], [5, -14], [5, -15], [1, -6], [3, -10], [2, -6], [2, -7], [3, -8], [3, -5], [1, -7], [6, -17], [2, -6], [3, -13], [2, -5], [4, -16], [1, -10], [1, -9], [0, -21], [-1, -8], [-2, -11], [-1, -7], [-6, -18], [-5, -7], [-3, -2], [-1, 1], [-4, 2], [-2, 3], [-2, -8], [-2, -6], [-4, -8], [-3, -2], [-5, 0], [-1, 1], [-4, 5], [-3, 6], [-2, 8], [-3, 9], [0, 4], [-3, 8], [-4, 14], [-2, 3], [-1, 2], [-5, 13], [-3, 9], [-1, 10], [-1, 5], [-1, 12], [-1, 7], [-3, 11], [-1, 8], [-1, 6], [-2, 9], [-1, 7], [-2, 6], [-2, 16], [0, 17], [-1, 11], [-3, 10], [-2, 12], [-1, 12], [-1, 10], [-1, 11], [0, 3], [-2, 17], [0, 9], [-7, 0], [0, 6], [-1, 8], [-1, 16], [0, 16]], [[16636, 56466], [-2, -13], [-4, -11], [-3, -9], [-2, -5], [-2, -3], [-3, -3], [-4, 0], [-2, -5], [-3, -1], [-2, 0], [-4, -4], [-2, 1], [-2, -2], [-2, 1], [-3, 2], [-5, -9], [-2, -2], [-2, -6], [-3, -5], [-2, -4], [-2, -3], [-4, -3], [-3, -1], [-4, 1], [-2, 2], [-2, -1], [-3, -1], [-3, 1], [-1, 1], [-2, -2], [-3, -1], [-2, -4], [-4, -6], [-3, -2], [-3, 2], [-4, 4], [-4, 7], [-6, 18], [-2, 5], [-2, 6], [-2, 5], [0, -9], [-2, -10], [-2, -11], [-3, -10], [-3, -8], [-3, -5], [-3, -2], [-3, -1], [-2, 1], [-6, -8], [-2, -8], [-2, -4], [-1, -6], [-2, -4], [-2, -3], [-4, -1], [-6, -8], [-3, -7], [-3, -5], [-3, -4], [-4, -1], [-6, 3], [-3, 4], [-2, 7], [-4, 4], [-2, 5], [-1, 5], [-2, 1], [-1, 2], [-2, 8], [-2, 4], [-2, 2], [-2, 4], [-2, 10], [-2, 9], [-1, 4], [-2, 3], [-3, 6], [-2, 9], [-2, 12], [-2, 22], [0, 6], [-4, 10], [-2, 7], [-2, -2], [-6, 0], [-1, 2], [-4, -6], [-3, -2], [-3, 0], [-5, 4], [-3, 3], [-4, 11], [-3, -2], [-3, -1], [-2, 1], [-2, 3], [-2, -2], [-3, 0], [-4, 5], [-2, 5], [-3, 8], [-2, 10], [-4, 16], [-1, 10], [-1, 12], [0, 10], [1, 11], [-2, 1], [-6, 6], [-2, 6], [-4, 16], [-1, 10], [-1, 8], [-1, 19], [1, 13], [1, 9], [2, 10], [2, 6], [4, 7], [3, 5], [3, 2], [3, 0], [5, -3], [4, -9], [2, -5], [1, -4], [4, 13], [5, 10], [4, 6], [2, 1], [2, 0], [3, -2], [2, -2], [1, -2], [6, -5], [2, -2], [2, -5], [1, -4], [2, -11], [1, -12], [2, -3], [2, -6], [1, -4], [3, -1], [4, -6], [3, -11], [2, -8], [1, -7], [1, -9], [2, -11], [3, -8], [1, 1], [5, 3], [4, 0], [3, -1], [3, -3], [1, 1], [2, 9], [4, 8], [3, 3], [3, 0], [3, 3], [5, 1], [2, -1], [0, -2], [3, -3], [5, 12], [1, 2], [5, 4], [5, 1], [5, -2], [2, -1], [3, -5], [2, -6], [0, -2], [3, -14], [0, 7], [2, 11], [1, 11], [2, 8], [0, 8], [2, 11], [5, 14], [3, 4], [2, 2], [5, 0], [2, -1], [3, -4], [2, 1], [3, 0], [5, -4], [2, -3], [4, 0], [2, -2], [5, -6], [4, -6], [1, -3], [3, 4], [4, 3], [2, 1], [5, -2], [2, -4], [3, -7], [2, 0], [2, -1], [3, -3], [2, -4], [4, -10], [7, -17], [1, 4], [1, 6], [3, 8], [2, 3], [1, 4], [3, 7], [4, 6], [3, 2], [2, 0], [2, 3], [3, 0], [4, -1], [3, -3], [11, -22], [1, -4], [2, -4], [3, -9], [3, -10], [4, 4], [4, 2], [4, 0], [4, -2], [3, -3], [3, 3], [6, 5], [3, 0], [4, -2], [6, -10], [2, -7], [2, -8], [2, -13], [1, -10], [0, -19], [-1, -13], [1, -3], [-3, -13], [-2, -7], [-2, -6], [-4, -9], [-2, -2], [-3, -2], [-1, -3], [-4, -6], [-3, -3], [-2, 0], [-2, 1], [0, -1], [-2, 0], [-3, 2], [-1, -2], [-2, 1], [-5, 5], [-4, 5], [-5, 9], [-3, 8], [-2, 6]], [[16596, 55650], [1, 10], [2, 18], [1, 5], [3, 11], [3, 5], [2, 3], [3, 3], [2, 0], [3, -1], [4, 6], [2, 2], [2, 1], [3, 0], [1, -2], [6, -5], [1, -2], [7, -12], [8, -13], [4, -8], [6, -18], [4, -10], [3, -8], [1, -4], [0, -1], [2, -9], [1, -7], [2, -9], [0, -24], [-1, -8], [-2, -14], [-2, -12], [-1, -3], [-4, -10], [-11, -16], [-3, -2], [-7, -1], [-2, -1], [-4, 4], [-5, 0], [-4, 4], [-1, 2], [-4, 5], [-3, 5], [-6, 6], [-2, 5], [-2, 6], [-1, 4], [-4, 9], [-1, 7], [-2, 11], [-1, 5], [-1, 7], [-1, 5], [-1, 9], [0, 17], [-1, 16], [0, 9]], [[29022, 62051], [-14, 100], [-3, 23], [-14, 99], [-2, 21], [-1, 6], [-2, 10], [-7, 52], [-6, 27], [-8, 43], [-8, 50], [-15, 77], [-5, 30], [-7, 25], [-10, 33], [-6, 20], [-12, 43], [-7, 21], [-3, 16], [-14, 50], [-8, 30], [-1, 31], [1, 15], [4, 1], [5, 2], [0, 3], [-1, 11], [1, 6], [0, 23], [-1, 2], [0, 6], [3, 13], [1, 4], [2, 12], [-1, 13], [-1, 5], [-3, 2], [-2, 9], [-1, 2], [-1, 1], [-2, 7], [-1, 1], [-1, 7], [0, 4], [-1, 9], [0, 13], [2, 7], [1, 2], [2, 9], [3, 3], [1, 6], [2, 9], [1, 6], [1, 7], [1, 15], [0, 10], [1, 4], [2, 3], [1, 3], [1, 5], [1, 10], [1, 1], [1, -3], [1, 1], [0, 13], [1, 5], [0, 5], [1, 10], [2, 17], [0, 4], [1, 6], [2, 4], [1, 6], [0, 1], [3, 11], [3, 4], [6, 10], [-2, 6]], [[29111, 65037], [15, -29], [28, -53], [9, -18], [5, -9], [17, -34], [9, -19], [10, -21], [4, -9], [4, -8], [18, -32], [5, -9], [9, -16], [1, -2], [13, -23], [20, -36], [12, -23], [42, -78], [2, 0], [-1, -18], [-3, -39], [-6, -69], [-6, -44], [-3, -28], [-14, -80], [-3, -46], [-1, -21], [-8, -57], [-9, 0], [-1, -4], [-5, 0], [-4, -7], [-2, 2], [-3, -2], [-11, 6], [-1, -1], [-2, -5], [-1, -5], [-1, -3], [-1, -4], [0, -29], [1, -7], [0, -3], [-2, -12], [-1, -16], [-1, -15], [-1, -4], [-4, 2], [-4, -11], [-1, -9], [1, -24], [-2, -7], [-1, -8], [0, -11], [1, -14], [8, -12], [18, 13], [32, 23], [19, 14], [21, -32], [3, -6]], [[29335, 64025], [1, -3], [0, -10], [1, -27], [-1, -33], [0, -92], [-1, -40], [-2, -42], [-2, -28], [-8, -67], [-4, -44], [-3, -34], [-2, -15], [0, -26], [-2, -18], [-4, -62], [0, -9], [-1, -16], [-2, -27], [-6, -118], [-1, -23], [0, -30], [-1, -27], [-2, -42], [0, -9], [-1, -14], [-2, -16], [-1, -15], [-4, -19], [-2, -19], [-4, -25], [-3, -23], [-8, -40], [-16, -96], [-8, -38], [-1, 0], [-10, -55], [-5, -35], [-5, -28], [-7, -27], [-4, -15], [-5, -16], [-2, -3], [-1, -12], [-2, -11], [-2, -6], [-2, -4], [-5, -6], [-5, -3], [-5, -2], [-9, -8], [-2, -8], [-2, -7], [-2, -5], [-2, -8], [0, -4], [-3, -8], [-2, -7], [-1, -6], [-2, -11], [-1, -7], [-3, -6], [-3, -10], [-3, -8], [-3, -10], [-2, -14], [-3, -13], [-2, -5], [-1, -7], [-3, -17], [-2, -12], [-3, -11], [-4, -21], [-2, -12], [1, -14], [0, -21], [-2, -9], [-1, -10], [-3, -8], [-4, -11], [-1, -2], [-3, -13], [-4, -21], [-1, -7], [-2, -6], [-1, -11], [1, 0], [-2, -13], [0, -6], [-1, -11], [-2, -8], [-2, -10], [-2, -5], [-7, -14], [-5, -17], [-2, -8], [-1, -8], [-2, -8], [-1, -6], [-3, -7], [-2, -3], [-3, -4], [-4, -2], [-4, 0], [-3, -4], [-4, -4], [-3, -2], [-2, -5], [1, 0], [-25, -85], [-4, -16]], [[28052, 56268], [-2, -1], [-2, -6], [-3, -5], [-3, -3], [-4, -2], [-2, 0], [-3, -1], [-9, -11], [-3, -3], [-3, -5], [-12, -15], [-4, -8], [-4, -7], [-2, -6], [-6, -13], [-4, -9], [-7, -18], [-3, -9], [-6, -16], [-5, -15], [-3, -12], [-4, -13], [-2, -9], [-2, -6], [-5, -21], [-1, -4], [-4, -15], [-7, -26], [-7, -33], [-6, -26], [-4, -28], [-3, -15], [0, -2], [-3, -13], [-2, -4], [-5, -16], [-4, -17], [-5, -25], [-6, -40], [-4, -37], [-1, -15], [0, -49], [-1, -11], [-2, -13], [-2, -12], [-1, -11], [-2, -31], [3, -10], [3, -15], [3, -12], [1, -9], [1, -10], [1, -12], [-1, -11], [-1, -9], [-2, -14], [-4, -13], [-3, -6], [-5, -3], [-2, -1], [-2, -9], [-2, -8], [1, 0], [-3, -7], [-2, -3], [-2, -6], [-1, -4], [-1, -17], [-2, -13], [-3, -12], [-4, -9], [-4, -3], [-3, 0], [-4, -11], [-5, -6], [-1, -12], [-1, -9], [-2, -13], [-2, -7], [0, -8], [-1, -5], [0, -16], [-1, -8], [-2, -12], [-1, -7], [-3, -8], [-1, -3], [-3, -5], [-2, -2], [-4, -2], [-3, 0], [-2, 1], [-4, 4], [-2, -1], [-3, 0], [-1, 1], [-6, 7], [-1, 3], [-3, -12], [-3, -10], [-2, -4], [-2, -2], [-2, -3], [-4, -1], [-1, -9], [-1, -10], [-3, -13], [-1, -1], [0, -7], [-1, -8], [0, -8], [-2, -10], [-2, -5], [-3, -9], [-4, -7], [-7, -7], [-2, -12], [-2, -10], [-3, -10], [-3, -3], [-3, -5], [-1, 0], [-3, -15], [-2, -5], [0, -8], [-2, -11], [-2, -6], [-2, -5], [-1, -6], [-4, -10], [-7, -10], [-3, -1], [0, -2], [-4, -5], [-5, -7], [0, -16], [-1, -15], [-4, -23], [-5, -18], [-8, -13], [-3, -15], [-5, -18], [-4, -8], [-1, -3], [-4, -7], [-5, -11], [-4, -5], [-1, -8], [-4, -12], [-3, -5], [-1, -6], [-2, -11], [-1, -5], [-1, -3], [-3, -7], [-4, -4], [-4, 0], [-4, 2], [-3, 4], [-16, -12], [0, -16], [-2, -14], [-2, -12], [-3, -10], [-2, -6], [-4, -5], [-2, 0], [-7, -5], [-3, 0], [-3, 2], [-3, 4], [-3, -10], [-2, -4], [-2, -3], [-5, -11], [0, -8], [-1, -13], [-1, -11], [-2, -11], [-4, -12], [-3, -4], [-3, -3], [-1, -14], [-3, -11], [-2, -7], [-2, -6], [-4, -6], [0, -4], [-2, -13], [-2, -12], [-2, -6], [-1, -4], [-3, -4], [-1, -2], [1, -4], [0, -29], [-1, -7], [0, -5], [-1, -8], [-1, -9], [-3, -10], [-1, -6], [-6, -12], [-3, -4], [-4, -1], [-4, 2], [-2, -5], [-3, -5], [-6, -4], [1, 0], [-1, -4], [-2, -2], [-1, -3], [-2, -3], [-1, -5], [-1, -1], [-1, -10], [-3, -10], [-2, -7], [-1, -22], [-2, -10], [-3, -13], [-4, -10], [-1, -2], [-4, -1], [-3, 1], [0, -3], [-2, -8], [-2, -5], [-4, -5], [-3, -2], [-2, -1], [-2, 1], [-5, -20], [-4, -12], [-3, -11], [-3, -7], [-3, -5], [-1, -1], [-3, -7], [-2, -4], [1, -6], [1, -9], [0, -26], [-2, -12], [-1, -8], [-1, -7], [-4, -8], [-1, -5], [-2, -4], [0, -18]], [[27416, 54157], [-1, 3], [-4, 14], [-4, 22], [-2, 5], [-4, 5], [-2, 1], [-2, 3], [-10, -3], [-1, -2], [0, -2], [-2, 0], [0, 2], [-2, 0], [-5, 3], [-1, 2], [-8, 33], [-2, 3], [-3, 2], [-3, 6], [-1, 5], [-2, 13], [-2, 6], [-1, 2], [-2, 0], [-2, -4], [-1, -8], [-1, -4], [-3, -5], [-2, 3], [-4, 3], [-5, 10], [-3, 3], [0, 5], [-1, 3], [0, 4], [-1, 2], [-3, -1], [0, -2], [-2, 4], [-1, 5], [0, 13], [-1, 6], [0, 10], [2, 8], [-1, 3], [-1, 2], [-1, 4], [0, 5], [-2, 4], [0, 1], [1, 4], [1, 7], [1, 0], [0, -4], [2, 0], [0, 1], [1, 5], [-1, 1], [-1, -2], [-1, 2], [0, 13], [-1, 1], [0, 3], [3, 2], [-1, 3], [-1, -2], [-1, 1], [0, 6], [-2, 10], [-2, 5], [0, 7], [-2, 2], [-2, 0], [0, 1], [2, 4], [0, 7], [-2, 5], [-1, 7], [0, 4], [2, 4], [1, 4], [-1, 4], [1, 2], [-1, 6], [2, 1], [1, 3], [0, 3], [-1, 1], [0, 3], [1, 0], [1, -3], [1, 7], [2, -1], [0, 2], [-1, 2], [0, 6], [1, 1], [1, 2], [0, 5], [-1, 3], [0, 16], [-1, 2], [-1, -2], [-1, 2], [1, 7], [0, 13], [-2, -2], [0, 5], [2, 9], [0, 6], [-1, 0], [-2, 4], [0, 6], [-1, 2], [-1, -2], [1, -6], [-1, 1], [-1, -5], [-2, -2], [0, 4], [1, 0], [0, 8], [-1, -1], [-1, 2], [0, 6], [-1, 3], [0, 3], [-2, 2], [1, 4], [0, 4], [-1, 4], [-1, 5], [-1, 2], [1, 8], [0, 8], [-3, 10], [-2, 12], [-3, 14], [0, 4], [-1, 10], [2, 6], [1, 4], [-2, 4], [0, 6], [2, -5], [0, 7], [1, -2], [1, 2], [-1, 5], [2, 3], [0, 4], [-2, 0], [-2, 4], [-3, 13], [-2, 6], [-1, 8], [-3, 7], [0, 6], [-1, 3], [0, 6], [1, 1], [1, 2], [-1, 5], [0, 1], [-1, -2], [-1, 0], [-1, 5], [-1, -3], [-1, -1], [-4, 12], [-1, 2], [-1, 5], [-2, 3], [0, 2], [2, 2], [0, 6], [-2, 2], [0, 9], [-1, 2], [-1, -6], [-1, 2], [1, 4], [0, 7], [-1, -1], [0, -7], [-1, -2], [-1, 2], [1, 3], [0, 4], [-1, 2], [-2, -2], [-4, -2], [-2, 2], [-8, 12], [0, 4], [1, 3], [0, 2], [-1, 3], [-1, -1], [-1, -5], [-1, 2], [1, 3], [0, 3], [-1, 0], [-1, 3], [0, 3], [-1, 3], [-1, -3], [-2, 4], [-1, 3], [-1, 8], [-1, 4], [-3, 9], [0, 4], [-1, 1], [-1, 3], [0, 6], [-1, 3], [0, 9], [1, 2], [1, -5], [0, -2], [1, 1], [1, 6], [0, 1], [-2, 2], [-1, 2], [2, 1], [1, 2], [3, 9], [0, 2], [-2, 4], [-1, -1], [-1, 1], [0, 6], [1, 0], [0, -3], [1, 0], [1, 3], [-2, 3], [0, 9], [1, 6], [-1, 6], [-1, 3], [0, 4], [-1, 9], [0, -5], [-1, 0], [0, 4], [-1, 1], [-1, 4], [-2, 1], [1, 5], [0, 6], [1, -1], [0, 3], [1, 0], [1, 3], [-2, 4], [0, 3], [1, 1], [2, 0], [0, 2], [-1, 0], [-1, 2], [0, 9], [1, -1], [1, 2], [-1, 4], [0, 2], [2, 1], [0, 11], [-1, 0], [-2, -1], [-1, 2], [1, 4], [2, 0], [-1, 2], [1, 8], [-1, 2], [-1, -4], [0, 9], [-3, 0], [-1, 1], [1, 4], [3, 1], [1, 6], [0, 1], [-3, -1], [-1, 1], [-1, 3], [1, 4], [0, -3], [1, 0], [1, 4], [-2, 1], [0, 2], [2, 5], [0, 2], [-1, -1], [-1, 6], [0, 3], [1, 0], [1, 2], [-2, 8], [2, 2], [1, 4], [0, 3], [-1, 1], [-1, -3], [-1, 1], [0, 3], [1, 0], [1, 4], [-3, 6], [2, 0], [1, 3], [0, 5], [-2, 7], [-2, 3], [-1, -4], [0, 1], [-1, 5], [0, 5], [-1, 1], [-1, -3], [-1, -4], [-2, 2], [0, 1], [1, -1], [0, 10], [1, 6], [0, 4], [1, 6], [-1, 6], [-1, 0], [-1, 2], [-1, 6], [-1, 0], [0, -5], [-1, 0], [-1, 2], [-1, 3], [1, 8], [1, 3], [1, -1], [0, 5], [1, 4], [-1, 5], [-1, -2], [0, -7], [-1, 4], [-1, 1], [-1, 3], [1, 6], [-1, 4], [1, 4], [-1, 2], [-1, 1], [0, 4], [1, 4], [-2, 6], [-1, 1], [-1, 4], [-1, 1], [-1, 4], [0, 3], [1, 8], [-1, 3], [-1, 5], [-1, 6], [0, 12], [1, 1], [0, -3], [1, -4], [1, 2], [1, 10], [0, 12], [1, 4], [-1, 5], [1, 3], [0, 7], [-2, 1], [0, 5], [2, 2], [0, 3], [-1, 2], [-2, 7], [-1, -2], [0, -4], [-1, -2], [0, 3], [1, 4], [-1, 6], [-1, 0], [-1, 1], [0, 2], [1, 0], [1, 3], [-1, 3], [-1, 1], [-1, 2], [-2, 5], [0, 5], [-1, 1], [-1, -3], [-1, 3], [-1, 8], [-1, 1], [-1, -6], [-2, 1], [-2, 4], [0, 2], [1, 1], [0, 5], [-1, 1]], [[27198, 55388], [0, 2]], [[27198, 55390], [0, 3], [-1, 0], [2, -4], [-1, -3], [-2, 1], [0, 5], [-1, -2], [-1, 2], [1, 1], [0, 2], [-1, 0], [1, 3], [-1, 2], [-1, -1], [0, 4], [-3, 6], [0, -5], [-1, 4], [-1, 0], [-1, 3], [1, 2], [1, 3], [-1, 9], [-2, -6], [-1, -2], [0, 4], [1, 6], [-1, 5], [-1, 3], [-1, -1], [-4, -1], [-1, -1], [-3, 1], [-3, 11], [-4, 5], [-2, 4], [-2, 2], [-3, 4], [-2, 0], [-2, 6], [-3, 6], [-2, 8], [-3, 7], [-1, 2], [-1, 5], [-1, 3], [-2, 9], [-1, 3], [-1, 8], [-1, 3], [1, 5], [-2, 9], [0, 1], [2, -4], [0, 3], [-1, 5], [1, 4], [1, 2], [1, 5], [0, 7], [-2, 8], [0, 7], [-1, 4], [-1, 6], [-1, 1], [-1, -3], [1, -6], [-1, -5], [-1, -2], [-2, 0], [-2, 3], [-2, 0], [-1, 4], [0, 9], [-4, 6], [-1, 2], [-1, 5], [-2, 6], [-2, 4], [-1, 4], [-1, 3], [0, 3], [1, 3], [1, -1], [1, 2], [0, 3], [-1, 2], [-1, 7], [0, 3], [1, 0], [1, -4], [1, -1], [0, -3], [1, -2], [2, 5], [-1, 2], [-1, -2], [-1, 10], [1, 4], [0, 1], [-1, -2], [-2, 6], [0, 6], [-2, -1], [-2, 2], [-1, 3], [0, 11], [1, 2], [2, 1], [0, -4], [1, 1], [0, 4], [1, 5], [-1, 3], [-2, 3], [-1, -4], [-1, -5], [-1, 2], [1, 4], [-1, 7], [-1, 0], [-2, -8], [-1, -5], [-1, 9], [1, 3], [0, 4], [-1, 2], [-2, -3], [0, 2], [1, 5], [-1, 2], [-1, -2], [-1, 2], [0, 9], [-1, 6], [0, -7], [-1, -4], [0, -6], [-2, -2], [0, 2], [1, 2], [0, 5], [-3, 6], [0, 2], [1, 9]], [[27100, 55721], [2, 1], [0, 4], [-1, 0], [-1, -5]], [[27100, 55721], [-1, -2], [-1, 5], [-1, 0], [-2, -1], [-1, 0], [0, 9], [1, 6], [-3, 9], [0, 9], [2, 1], [1, -5], [1, -1], [1, 4], [1, 5], [-1, 2], [-1, 6], [0, 6], [-1, 11], [-1, 3], [-2, 5], [0, 5], [1, 1], [2, -3], [1, 1], [2, 6], [1, -5], [1, -1], [1, 1], [1, 4], [0, 3], [-1, 2], [-2, 2], [-1, 2], [-2, 7], [0, 4], [1, 2], [1, 0], [2, 2], [1, 3], [0, 4], [-1, 6], [-1, 7], [-2, 16], [-2, 6], [-3, 4], [-3, 6], [-5, 7], [-2, 1], [-1, 3], [-1, 4], [-1, 5], [0, 8], [-1, 11], [-2, 11], [-1, 3], [-1, 9], [0, 2], [-3, 3], [-1, 4], [0, 3], [-1, 5], [-1, 2], [-2, 9], [-2, 11], [-3, 2], [0, 1], [-3, 10], [-2, 3], [-5, 5], [-2, 5], [-2, 11], [-1, 1], [-2, 0], [-1, -2], [-1, -4], [-1, -2], [-1, 1], [-3, 4], [-2, 7], [-1, 7], [-1, 4], [-3, 3], [-2, 1], [-3, 9], [-3, 11], [-1, 21], [0, 16], [-3, 9], [-2, 18], [-1, 4], [-3, 13], [-1, 10], [0, 16], [-1, 3], [0, 12], [-2, 9], [0, 11], [-2, 9], [-2, 0], [-1, 3], [0, 4], [-2, 2], [-2, 5], [-1, 5], [-1, 4], [-1, 3], [-2, 0], [-1, 3], [1, 9], [-1, 9], [-1, 4], [-2, 5], [-1, 3], [-2, 7], [-1, 5], [-3, 7], [-3, 8], [-2, 4], [-4, 6], [-1, 2], [-3, 12], [-3, 5], [-2, 7], [-2, 2], [-3, -3], [-1, 0], [-2, 3], [-2, 8], [-3, 4], [-2, 5], [-1, 6], [-3, 7], [-3, 11], [-3, 8], [-1, 3], [-2, 17], [-2, 6], [-1, 7], [-3, 7], [-3, 0], [-3, -3], [-3, 4], [0, 1], [-3, 15], [0, 8], [-1, 6], [-1, 5], [-2, 6], [0, 9], [2, 4], [-1, 3], [-2, 4], [-1, 5], [-1, 10], [-1, 7], [0, 18], [-1, 2], [-2, 6], [-1, 4], [-1, 6], [-1, 4], [-1, 3], [0, 6], [-2, 7], [-1, 2], [-1, -1], [-2, 5], [-1, 8], [1, 13], [0, 7], [-1, 5], [-2, 3], [-2, 4], [-2, 13], [0, 5], [-2, 13], [-1, 3], [-2, 2], [-2, 5], [-2, 1], [-1, 2], [-3, 8], [-1, 3], [-2, 22], [-2, 8], [0, 22], [-3, 21], [1, 7], [-1, 6], [0, 5], [-1, 20], [1, 2], [0, 4], [-1, 4], [0, 3], [-1, 8], [1, 3], [-2, 8], [0, 2], [-2, 5], [0, 2], [-2, 1], [-1, 4], [-3, 15], [0, 6], [-2, 9], [0, 12], [-1, 4], [0, 17], [-2, 2], [0, 3], [-1, 1], [-6, 18], [-2, 4], [-1, 4], [0, 20], [-2, 8], [0, 9], [-1, 9], [0, 16], [-1, 6], [-1, 3], [0, 15], [-1, 2], [-1, 11], [1, 3], [-2, 5], [-2, 2], [0, 4], [-2, 2], [-1, 3], [0, 10], [-1, 4], [-2, 0], [-2, 6], [-3, -1], [-2, -1], [-1, -3], [-1, -1], [-1, 5], [-2, 1], [-2, -1], [-1, -6], [-2, -1], [-1, 0], [-2, 6], [0, -3], [-3, -3], [-1, 4], [-3, -3], [-1, -6], [0, -3], [-1, 0], [-3, 4], [-3, 3], [-1, 3], [-2, 3], [-1, 0], [-3, 5], [-1, 7], [-1, -1], [-1, 5], [0, 7], [-1, 0], [-2, -3], [-1, 2], [-2, 6], [-1, 6], [0, 2], [-2, 1], [0, 3], [3, 7], [-1, 1], [-1, 6], [-2, 3], [-2, -1], [-1, 1], [-1, 7], [0, 3], [-1, 1], [0, 6], [-2, 6], [-2, 0], [0, 9], [-1, 2], [-1, 0], [-1, -3], [-2, 4], [0, 6], [-1, 6], [-3, 6], [-1, 1], [0, 5], [1, 4], [-1, 3], [-3, 2], [0, 9], [2, 2], [1, -1], [0, 4], [-1, 1], [-2, 3], [-1, 1], [-3, -1], [-4, -4], [0, 6], [-3, 3], [-2, 0], [-2, -2], [-1, 2], [-2, 1], [-1, 4], [-1, 3], [0, 8], [-1, 2], [-1, 5], [-1, 4], [0, 3], [-2, 3], [-3, 3], [-2, 3], [-1, 4], [-3, 7], [-2, 10], [-2, 8], [-1, 1], [-2, -1], [0, 6], [-1, 3], [-2, 4], [-3, -1], [-1, 4], [1, 4], [-1, 7], [-3, 6], [0, 4], [2, 3], [-1, 7], [-1, 8], [0, 13], [1, 4], [0, 6], [1, 2], [2, 0], [0, 5], [2, 4], [0, 3], [1, 2], [0, 5], [1, 2], [1, 1], [0, 2], [-1, 2], [1, 4], [-1, 3], [1, 5], [-1, 7], [1, 2], [-1, 10], [0, 3], [1, 1], [0, 3], [2, 4], [0, 3], [3, 3], [1, 3], [0, 6], [-1, 2], [-1, 3], [1, 6], [1, -1], [0, -3], [1, -3], [0, 3], [2, 4], [-1, 5], [1, 1], [1, -2], [1, -3], [1, -4], [1, 0], [2, 6], [-1, 2], [1, 4], [0, 7], [-1, 1], [0, 9], [1, 8], [2, 0], [0, -4], [1, -1], [1, 0], [1, 3], [-1, 2], [0, 8], [1, -1], [1, 2], [-1, 3], [1, 1], [-1, 7], [1, 2], [1, -3], [1, 5], [1, 2], [-2, 2], [0, 5], [1, 2], [2, -1], [0, 2], [2, 0], [1, -2], [0, 4], [1, 1], [0, 7], [1, -1], [-1, -4]], [[26738, 57513], [2, -5], [1, 0], [1, 6], [-1, 7], [1, 4], [1, -3], [0, 4], [1, 5], [1, -3], [1, 1], [2, 8], [0, 6], [2, 1], [1, 4], [0, 6], [1, 0], [2, -5], [1, 0], [-1, 9], [0, 8], [1, 1], [2, -3], [2, -4], [3, 7], [0, 6], [1, 4], [1, -6], [1, 0], [0, 3], [2, -2], [-1, 10], [-1, -1], [-2, 9], [1, 2], [-1, 3], [1, 1], [2, -3]], [[26766, 57593], [0, -3]], [[26766, 57590], [0, 4], [-1, 5], [0, 2], [1, 1], [-2, 3], [0, 2], [1, 5], [1, 4], [0, 4], [1, 0], [0, 6], [1, -2], [1, 2], [-1, 3], [2, 4], [0, 2], [1, 2], [0, 2], [-2, 2], [1, 4], [-2, 4]], [[26768, 57649], [0, 1], [33, 36], [26, 27], [31, 35], [2, -2], [1, -4], [-1, -6], [0, -6], [-1, -4], [0, -2], [2, -1], [1, 1], [2, 4], [2, -2], [2, 8], [-1, 7], [1, 2], [1, -2], [1, 0], [0, -2], [1, 0], [0, 4], [1, 0], [0, 6], [2, 2], [-1, 4], [1, 3], [3, -1], [0, -1], [2, 2], [1, 5], [2, 0], [0, -4], [2, 6], [0, 1], [1, 6], [0, 5], [-2, 6], [1, 3], [1, 0], [1, 3], [-1, 5], [2, 1], [0, 2], [1, 0], [1, -4], [0, -9], [1, 4], [1, -3], [3, 2], [1, 4], [0, 4], [2, 1], [1, 8], [2, -10], [2, 1], [1, 5], [0, 5], [3, 1], [0, 5], [3, -1], [1, -2], [2, 1], [0, 3], [1, 2], [1, 0], [2, -2], [0, 4], [1, 0], [2, 1], [0, 4], [1, 4], [1, -2], [2, 3], [-1, 5], [0, 4], [2, 1], [1, 3], [0, -3], [1, 0], [1, -2], [1, -6], [1, 1], [1, 0], [2, 4], [0, 3], [1, 2], [2, -1], [2, 4], [1, -4], [1, -1], [0, 3], [1, 6], [1, 0], [0, 5], [2, 0], [1, 3], [0, -3], [2, 1], [3, 4], [1, -1], [1, -5], [-2, -7], [0, -3], [2, 2], [1, -1], [1, 1], [1, 0], [1, 2], [1, 0], [-1, 3], [1, 2], [1, 7], [1, 2], [-1, 5], [2, 8], [0, 2], [1, 8], [1, 2], [0, -2], [1, 3], [1, 0], [3, 6], [0, 2], [1, 4], [0, 3], [1, 0], [1, -3], [1, -2], [0, -9], [2, -8], [-2, -2], [0, -3], [1, -5], [1, -2], [1, -6], [1, 0], [2, 7], [-1, 2], [1, 2], [1, 3], [1, -1], [1, -2], [0, 3], [2, 1], [1, -6], [2, 3], [1, -2], [0, -3], [2, -2], [1, 3], [1, 4], [3, 3], [0, -1], [3, 3], [1, 6], [21, -5], [6, -1], [9, -2], [7, -1], [8, -2], [21, -2], [11, -1], [14, -3], [15, -2], [5, 0], [19, -3], [11, -1], [16, -3], [19, -3], [18, -3], [38, -6], [7, -1], [8, -1], [9, -2], [11, -2], [13, -2], [32, -6], [15, -4], [17, -3], [-1, -2], [-2, 0], [-1, -4], [-1, -12], [0, -3], [2, -3], [1, -4], [2, -14], [0, -9], [-1, -4], [-2, -1], [-2, -4], [-1, -8], [-1, -6], [1, -5], [-1, -7], [0, -16], [2, -7], [3, -13], [3, 8], [1, 3], [10, 24], [8, 18], [7, 20], [2, -8], [6, -27], [4, -17], [8, -39], [3, -12], [9, -44], [9, -42], [2, -11], [-1, -23], [-2, -54], [0, -16], [-1, -23], [0, -18], [11, -1], [17, 0], [12, -1], [13, 0], [13, -1], [10, -1], [14, 0], [23, -2], [15, -1], [9, 0], [25, -2], [6, -1], [32, -2], [41, -4], [25, 0], [27, -1], [19, -1], [16, -55], [31, -103], [8, -29], [24, -82], [9, -32], [8, -27], [7, -26], [6, -23], [10, -36], [10, -35], [8, -30], [19, -65], [20, -71], [8, -27], [17, -61], [26, -91], [13, -47], [27, -95], [14, -50], [22, -78], [13, -45], [5, -18], [7, -27]], [[26767, 65736], [-3, -9], [-17, -53], [-18, -56], [-16, -49], [-19, -59], [-8, -25], [-4, -11], [-15, -1], [-16, -2], [-5, -1], [-16, -2], [-17, -2], [-6, 0], [-6, -2], [-11, -1], [-18, -2], [-13, -2], [-7, -1], [-4, 0], [-6, -1], [-5, 0], [-11, -2], [-6, -1], [-5, 0], [-11, -1], [-5, -1], [-11, -1], [-22, -3], [-21, -2], [-6, -1], [-19, -2], [-22, -2], [-11, -2], [-6, 0], [-10, -1], [-16, -1], [-9, -1], [-7, -1], [-9, 0], [-10, -1], [-8, -1], [-17, -3]], [[25626, 65506], [8, 132], [5, 83], [4, 63], [4, 68], [3, 42], [0, 3], [6, 98], [4, 62], [5, 92], [5, 70], [3, 49], [6, 89]], [[25679, 66357], [-1, 8], [-4, 145], [-2, 45], [-3, 100], [-1, 18], [-3, 92], [-1, 35], [-5, 146], [-5, 137], [0, 8], [-3, 77], [-1, 42], [0, 3], [-1, 23], [-5, 146], [-1, 5], [3, 140], [1, 33], [0, 15], [2, 97], [1, 49], [0, 4], [3, 74], [5, 100], [5, 87], [8, 122], [5, 75], [3, 43], [2, 35], [3, 37], [0, -10], [4, 32], [8, 79], [8, 71], [1, 17], [6, 58], [8, 75], [8, 70], [-2, 0], [2, 22], [13, 122], [14, 133], [1, 13], [17, 152], [17, 77], [14, 61], [21, 94], [18, 52], [29, 71], [22, 57], [0, 1], [-9, 16], [-26, 44], [-25, 43], [-9, 17], [-24, 41], [-11, 19], [-36, 61], [-58, 0], [-39, 1], [-15, -81], [-4, -26], [-19, -61], [-3, -10], [-15, -48], [-3, -11], [-17, -30], [-9, -15], [-6, -89], [-1, -8], [-3, -49], [-13, 8], [-3, 2], [-24, 14], [-1, -3], [-10, 10], [-1, 4], [-5, 0], [-1, 2], [-2, -1], [-1, 1], [0, 5], [-1, 6], [-2, 3], [0, 4], [-1, 4], [-1, 5], [1, 3], [-2, 12], [-1, 4], [-2, 3], [-2, 2], [-2, 3], [0, 3], [-3, 5], [-1, 7], [-2, 3], [-2, 4], [1, 3], [-1, 15], [0, 4], [-1, 5], [0, 6], [1, 3], [3, 4], [0, 13], [1, 5], [1, 4], [-2, 5], [1, 3], [1, 6], [2, 0], [0, 7], [1, 5], [-1, 2], [1, 9], [0, 4], [1, 4], [2, 4], [0, 16], [2, 8], [1, 9], [1, 4], [1, 2], [0, 4], [2, 2], [0, 3], [1, 7], [2, 5], [0, 7], [1, 3], [2, 8], [1, 5], [0, 13], [-2, 3], [0, 10], [-1, 8], [-4, 8], [0, 6], [-1, 2], [-2, 2], [-1, 4], [-2, 1], [-2, -2], [-1, -5], [-1, -3], [-3, -4], [-4, -15], [-2, -10], [-1, 1], [-2, -2], [0, -3], [-1, -4], [-2, -1], [-2, 3], [-1, 1], [-2, -2], [-3, 4], [-3, 0], [-2, -2], [-4, 1], [-1, -2], [-2, 2], [0, -2], [-1, -7], [-3, -5], [-1, 2], [1, 6], [-1, 2], [-2, 1], [-1, 3], [-1, 4], [0, 10], [-1, 2], [-2, -2], [2, -6], [0, -3], [-3, -6], [-1, 0], [-1, 3], [0, 4], [1, 6], [2, 4], [0, 2], [2, 4], [0, 2], [-1, 4], [0, 3], [1, 5], [2, 2], [1, 3], [1, 6], [-1, 5], [0, 2], [2, 3], [1, 3], [0, 6], [-1, 4], [-1, 6], [0, 3], [-1, 3], [0, 8], [-1, 5], [1, 2], [1, 6], [2, 3], [1, 5], [3, 3], [1, 8], [1, 0], [2, 3], [0, 3], [2, 2], [0, 4], [2, 5], [0, 8], [2, 6], [0, 10], [2, 8], [-1, 6], [-1, 3], [-1, 7], [0, 5], [-1, 8], [0, 8], [1, 8], [-2, 7], [-1, 5], [-1, 1], [-1, 3], [-4, 8], [0, 4], [1, 6], [3, -1], [2, -2], [1, 0], [1, -3], [2, 0], [2, 1], [1, 3], [0, 18], [1, 3], [2, 5], [0, 6], [1, 10], [-1, 3], [0, 5], [-1, 7], [-3, 2], [-1, 2], [-1, 6], [-1, 5], [-1, 4], [-3, 15], [-2, 4], [0, 17], [3, 3], [3, 2], [1, 4], [1, 1], [3, 2], [1, 1], [0, 11], [-2, 5], [-3, 5], [-2, 5], [-1, 5], [1, 4], [0, 5], [-2, 4], [-3, 2], [-1, 2], [-1, 0], [-2, 3], [-3, 9], [-2, 1], [-2, 13], [0, 9], [-1, 2], [0, 3], [-2, 1], [-1, 4], [-1, 2], [-1, -2], [-2, 1], [-1, -2], [-1, 1], [-1, 4], [-1, 3], [-1, 0], [0, -3], [-2, 3], [-2, -3], [-2, 4], [-1, -3], [-3, -1], [-2, 2], [-2, -2], [-1, 2], [-1, 6], [-1, 3], [-4, 4], [-1, 3], [1, 3], [1, 0], [0, 9], [-2, 12], [0, 2], [-2, 1], [-3, -4], [-2, 0], [-4, -4], [-3, 1], [-1, -7], [-2, -1], [0, -2], [-6, -1], [-1, 1], [-1, 4], [-3, 0], [-1, 2], [-2, 5], [-1, 1], [-1, 6], [1, 4], [-1, 4], [-3, 1], [-3, 5], [-1, 4], [-1, 8], [1, 6], [3, 8], [0, 2], [3, 7], [2, 4], [1, 9], [3, 8], [1, 5], [1, 4], [1, -1], [1, 3], [0, 7], [1, 0], [0, 2], [-1, 2], [-2, 5], [-2, 1], [-1, -1], [-2, 1], [0, 3], [-1, 13], [-1, 5], [0, 7], [2, 7], [1, 3], [0, 3], [-2, 6], [-3, 1], [-2, -2], [-1, 1], [0, 5], [-2, 4], [-2, 1], [-2, 5], [0, 4], [-2, -1], [-2, 4], [-1, -2], [-1, 1], [-2, 6], [-1, 4], [-2, 1], [-1, 3], [-2, 2], [-1, -4], [0, -5], [-1, 0], [-1, -1], [-2, 3], [-3, 2], [-1, -2], [-2, 1], [-2, 4], [-1, 3], [0, 10], [-2, 1], [-1, -4], [-3, -3], [0, -1], [-5, -2], [-1, -4], [-1, 0], [-2, 6], [-3, 3], [-3, 5], [1, -4], [-2, -5], [-1, 1], [0, 8], [-1, 6], [-2, 0], [0, 4], [-2, 3], [-2, 6], [-1, 2], [-3, 4], [-1, 1], [0, 4], [-2, 3], [-1, -2], [0, -3], [-1, -6], [-2, -2], [-2, 1], [-2, -2], [-2, -5], [-2, 4], [0, 4], [-1, 2], [-2, 2], [0, 3], [-1, 0], [-1, 3], [-2, -1], [-2, 4], [0, 5], [-3, 3], [-1, 0], [-1, -2], [0, -6], [-2, -2], [-1, 1], [-1, -2], [-1, 1], [-1, 3], [-1, 2], [1, 4], [-1, 1], [-1, 4], [-1, 9], [0, 7], [-1, 2], [-1, 1], [-2, -1], [-2, 2], [-2, -1], [0, -3], [-1, -4], [-4, -1], [-1, 2], [-1, -1], [-2, 2], [-1, -2], [-1, -5], [-1, 0], [-1, -3], [-2, -3], [-1, 7], [0, 4], [-1, 3], [-2, 1], [0, -1], [-1, -7], [0, -3], [-2, -5], [0, -6], [-1, -6], [1, -3], [-1, -4], [-2, 1], [-3, 0], [0, -3], [-1, -1], [-2, 3], [0, 1], [-1, -1], [-3, 2], [-1, -2], [-2, 1], [0, 2], [2, 2], [-1, 3], [0, 3], [-1, 2], [0, 7], [-1, 4], [0, 3], [-1, 3], [-3, 2], [0, -1], [-2, 3], [-1, 1], [-2, 0], [0, -2], [-1, 1], [-1, -5], [-1, 1], [0, 3], [-1, 1], [0, 6], [-3, 6], [0, -2], [-2, 2], [-2, -1], [-2, -3], [-1, -5], [-1, 1], [-1, 5], [-2, 1], [1, -4], [0, -3], [-2, -4], [-2, 0], [0, 10], [1, 4], [0, 4], [-2, 1], [-1, -5], [0, 4], [-2, 3], [-1, -5], [1, -3], [0, -4], [-2, 0], [-1, -2], [-1, 0], [-1, -2], [0, 3], [-1, 4], [-2, 0], [-2, 4], [-2, 0], [-1, 6], [-1, 2], [-1, 4], [-12, 22], [-11, 17], [-35, 60], [-9, 15], [-18, 14], [-3, 3], [-8, 6], [-6, 6], [-16, 13], [-3, 1], [-25, 21], [-7, 5], [-18, 15], [-19, 16], [-1, 0], [-20, 16], [-8, 7], [-36, 28], [-8, 7], [-21, 17], [-1, 1], [-4, 3], [-8, 7], [-29, 22], [-14, 12], [-10, 8], [-4, 3], [1, 6], [-1, 3], [0, 6], [1, 1], [0, 10], [-1, 2], [0, 3], [-2, 7], [-1, 3], [0, 10], [-2, 5], [0, 5], [-1, 1], [0, 4], [-1, 2], [0, 4], [-2, 3], [0, 6], [-1, 2], [0, 15], [-1, 2], [0, 5], [-1, 9], [-1, 4], [0, 4]], [[24802, 70946], [0, -3]], [[24802, 70943], [-3, 1], [0, 5], [1, 4], [-1, 3], [0, 8], [-2, 1], [-2, 6], [1, 5], [-1, 1], [0, 4], [-1, 1], [-2, 5], [0, 9], [-2, 7], [0, 2], [-1, 6], [0, 4], [-2, 3], [-2, -3], [0, 10], [-2, -3], [-3, -3], [-3, 0], [-1, -3], [-1, 4], [0, 3], [-2, -2]], [[24773, 71021], [0, -2]], [[24773, 71019], [0, 5], [1, 3], [-1, 4], [-1, -1], [0, 5], [1, 2], [-1, 5], [-2, -4], [0, -3], [-3, 3], [0, -2], [-2, -2], [-2, 1], [0, -2], [-2, 0], [-1, 6], [1, 2], [1, 10], [1, 6], [-1, 2], [-1, 4], [0, 2], [-1, 0], [0, 3], [-2, -1], [-1, 8], [-2, 1], [-2, -1], [0, -3], [1, 0], [0, -2], [-2, 0], [1, -2], [-1, -6], [-1, -2], [-2, -1], [-1, 3], [-1, -2], [0, 1], [-3, -2], [0, -3], [-1, 0], [-2, -3], [-2, -2], [1, 3], [-1, 3], [-1, 8], [-1, 0], [-1, 5], [-1, 8], [-1, 1], [-1, 8], [-1, 3], [4, 23], [7, 46], [6, 40], [19, 121], [11, 75], [9, 54], [22, 146], [8, 48], [15, 97], [16, 105], [12, 88]], [[24861, 71933], [19, 120], [19, 123], [8, 50], [11, 76], [4, 19], [16, 104], [6, 41], [9, 58], [14, 87], [8, 49], [13, 83], [2, 14], [3, 16]], [[24993, 72773], [1, -1], [13, -15], [16, -19], [10, -11], [18, 30], [42, 72], [34, 60], [8, 13], [27, 46], [35, 59], [0, 1], [9, 15], [11, 19], [7, 5], [43, 35], [34, 29], [2, 2], [9, -15], [24, -39], [8, -12], [27, -43], [35, -56], [0, -10], [25, -36], [10, -13], [0, 1], [34, -56], [0, -3], [35, -50], [0, -2], [14, -22], [21, -37], [35, -56], [35, -58], [38, -61], [14, -21], [17, -30], [17, -28], [-3, 0], [21, -32], [35, -58], [0, 3], [33, -58], [-1, 0], [3, -8], [0, 2], [35, -58], [0, -2], [34, -52], [18, -27], [2, 0], [15, -26], [0, -4], [35, -59], [0, -8], [29, -49], [-2, 0], [8, -15], [0, 6], [35, -59], [0, -2], [34, -62], [0, 4], [9, -17], [-1, 0], [27, -46], [35, -60], [24, -39], [-2, 0], [13, -20], [35, -60], [0, -2], [34, -63], [75, -130], [1, -16], [3, -38], [10, -107], [6, -61], [4, -48], [2, -25], [11, -39], [18, -61], [16, -56], [13, -46], [22, -9], [9, 42], [7, 14], [7, -2], [6, 11], [9, -2], [4, -8], [9, -9], [5, 0], [3, 2], [3, 7], [8, 39], [9, 7], [4, -15], [4, -1], [3, 3], [2, 3], [2, 1], [3, -3], [1, -10], [2, -4], [2, -16], [-4, -39], [-6, -60], [2, -51], [0, -3], [4, -29], [2, -12], [3, -17], [-3, -8], [1, -55], [5, -13], [-3, -18], [6, -36], [2, -27], [20, -44], [0, -36], [8, -18], [6, -53], [15, 4], [4, 14], [17, 54], [19, -19], [29, 22], [23, -18], [17, -56], [3, -9], [18, -58], [1, -2], [-19, -84], [-13, -60], [-25, -117], [38, -3], [5, 0], [30, -56], [35, -64], [27, -50], [8, -15], [34, -65], [34, -66], [1, -3], [35, -64], [24, -46], [17, -32], [23, -45], [5, -100], [1, -2], [8, -143], [8, -146], [8, -145], [1, -20], [7, -125], [-1, 0], [3, -39], [0, -10], [6, -97], [16, -290], [0, -1], [4, -82], [4, -62], [5, -99], [0, -8], [9, -151], [7, -134], [10, -190], [3, -63], [4, -82], [3, -39], [-13, -106], [-9, -71], [-9, -74], [-5, -42], [-12, -104], [-11, -92], [-6, -53], [-1, 0], [-5, -42], [0, 3], [-4, -34], [-2, -24], [-4, -35], [-1, -7], [-2, -6], [-1, -8], [2, -11], [1, -6], [1, -2], [-1, -12], [-2, -8], [0, -1], [-2, -8], [-5, -17], [-2, -14], [-2, -27], [-2, -11], [0, -47], [-1, -18], [-1, -12], [-1, -15], [-1, -6], [1, -7], [1, -8], [0, -4], [2, -10], [0, -4], [1, -13], [-1, -8], [-4, -33], [0, -18], [-3, -20], [-5, -42], [1, -32], [-1, -8], [-1, -4], [-1, -15], [-1, -8], [-7, -19], [-2, -7], [-2, -9], [-2, -5], [-3, -8], [-1, -14], [-2, -3], [-4, -3], [-1, 2], [-2, 5], [-2, 3], [-3, 0], [-2, -3], [-6, -15], [-1, -9], [-10, -39], [-2, -13], [-11, -44], [-22, -90], [-13, -12], [-13, -13], [-7, -6], [-4, -8], [-8, -9], [-7, -1], [-3, -3], [-10, -14], [-5, -11], [-5, -21], [0, -4], [-4, -30], [-4, -25], [-2, -74], [2, -28], [1, -30], [-4, -54], [-2, -29], [-1, -16], [4, -43], [3, -19], [3, -32]], [[23723, 55346], [0, 619], [-2, -1], [0, 2], [-3, -4], [-1, 1], [-2, 5], [-1, 1], [1, 5], [1, 2], [2, -2], [2, 2], [-1, 7], [0, 1], [-3, 1], [0, 3], [-1, 7]], [[23715, 55995], [0, 8], [-1, -2], [1, -6]], [[23715, 55995], [0, -6], [-2, 3], [-2, 0], [-3, -1], [-1, -4], [-3, -4], [-3, 0], [0, -16], [-1, -3], [-1, 1], [-1, 8], [0, 12], [-1, 3], [0, -1], [-2, -6], [-1, -1], [-1, 3], [0, 5], [2, 7], [0, 4], [-1, 1], [-2, -7], [-2, 4], [0, 11], [-4, 3], [-2, 3], [-3, -10], [0, -4], [-2, -2], [-1, 0], [-2, 3], [-1, 0], [-1, -3], [1, -5], [1, -3], [1, 2], [2, 3], [1, -3], [1, -6], [1, -4], [0, -10], [-1, -3], [-2, 1], [0, 3], [-1, 8], [-1, 1], [-1, -4], [-2, -7], [-1, -4], [-2, -2], [-2, 1], [-3, 3], [-1, 3], [0, 7], [1, 4], [1, 8], [2, 3], [0, 11], [-1, 4], [-1, 0], [-3, -5], [-2, -10], [-3, -21], [-2, -2], [-2, 1], [-1, 1], [0, 11], [2, 6], [1, 4], [-1, 5], [-1, 2], [-1, -2], [-2, -6], [-1, -5], [-1, -13], [0, -5], [-1, -5], [-3, -3], [-2, 1], [-2, 4], [0, 10], [-1, 6], [-2, 0], [-2, -5], [0, -3], [1, -10], [-1, -8], [-1, -2], [-2, 2], [-2, 1], [-1, -1], [-2, -1], [-2, 1], [0, 2], [-1, 4], [-3, 8], [0, 5], [2, 6], [1, -1], [3, 2], [0, 3], [1, 6], [0, 5], [-2, 5], [0, -2], [-4, -13], [-1, -3], [-3, 1], [-3, 19], [-1, 5], [-3, 5], [-1, -3], [-2, 0], [-1, 1], [-2, 7], [1, 2], [-2, -2], [-1, 2], [-1, 5], [0, 4], [2, 3], [3, 6], [0, 8], [-2, 2], [0, 5], [-1, 3], [4, 4], [1, 7], [-1, 3], [-2, 2], [-1, 0], [-1, -3], [-1, -7], [0, 2], [-2, 0], [-1, 1], [-2, -1]], [[23600, 56065], [0, 114], [1, 62], [0, 12], [1, 97], [0, 86], [1, 133], [0, 37], [1, 67], [0, 104], [1, 43], [0, 50], [1, 102], [1, 95], [0, 58], [1, 99], [1, 133], [0, 55], [1, 89], [0, 80], [1, 84], [0, 16], [1, 86], [0, 50], [1, 76], [1, 84], [0, 17], [1, 78], [0, 7], [-1, 7], [1, 8], [-1, 5], [1, 6], [-2, 37], [-3, 85], [-1, 17], [-1, 34], [-2, 34], [-1, 26], [0, 23], [-2, 35], [-3, 85], [-4, 83], [-1, 23], [-2, 63], [-2, 47], [-1, 24], [-2, 59], [-5, 100], [-1, 39], [-2, 29], [-1, 40], [-1, 20], [-2, 47], [-2, 46], [-1, 18], [-2, 70], [-3, 80], [-2, 32], [-3, 90]], [[24923, 58811], [1, -5], [2, -9], [0, -24], [1, -6], [2, -4], [3, -8], [7, -13], [3, -7], [3, -6], [1, -3], [2, -8], [1, -8], [0, -21], [-1, -7], [0, -4], [-3, -8], [-2, -5], [-2, -1], [-2, 3], [-2, 8], [-3, 8], [-4, 12], [-2, 7], [-3, 5], [-3, 1], [-2, -2], [-1, -2], [-1, -7], [-4, -11], [-1, -11], [-1, -15], [0, -7], [2, -5], [1, -4], [2, -3], [7, -7], [2, -3], [5, -7], [3, -6], [0, -11], [-1, -5], [-3, -10], [-3, -7], [-2, -4], [-2, 1], [-1, 3], [-2, 0], [-3, 4], [-3, 2], [0, -2], [-4, -5], [-4, -14], [-1, -6], [0, -33], [-1, -3], [-3, -8], [-3, -6], [-4, -3], [-2, 0], [-1, 5], [-1, 10], [-3, 2], [-2, -1], [-5, -6], [-1, -1], [-2, 4], [-2, 6], [0, 1], [-2, -2], [-1, -5], [-6, -12], [0, -5], [-2, -4], [-4, -12], [1, -14], [0, -27], [2, -9], [2, -8], [2, -12], [3, -8], [1, -3], [3, -4], [2, -1], [2, 0], [3, 3], [0, 3], [2, 10], [1, 4], [2, 2], [2, 0], [0, -2], [2, -9], [0, -24], [-1, -6], [-2, -5], [-3, -4], [0, -1], [-5, -11], [-1, -2], [-1, 0], [-3, 3], [-3, -7], [-3, -4], [-5, -9], [-1, -5], [-1, -6], [0, -7], [2, -20], [1, -5], [1, -7], [1, -3], [3, -4], [4, -2], [1, -3], [0, -4], [-1, -9], [1, 2], [1, 0], [1, -3], [0, -12], [-2, -12], [-2, -3], [-1, -1], [-2, 1], [-2, 4], [-3, 4], [-4, 6], [1, 11], [0, 8], [-5, 15], [-4, 8], [-3, 1], [-3, -2], [-2, -4], [-2, 1], [-2, -3], [-1, -2], [-1, -6], [0, -7], [-1, -6], [-1, -7], [-1, -11], [0, -5], [1, -15], [0, -8], [2, -9], [1, -6], [3, -8], [1, -4], [4, -22], [1, -13], [0, -15], [-3, -7], [-2, -5], [-3, -3], [-4, -6], [-3, -9], [4, -9], [0, -4], [-3, -4], [-4, 21], [2, 9], [-3, 9], [-1, 13], [0, 6], [1, 13], [1, 12], [0, 7], [-3, 11], [-3, 2], [-3, 0], [-2, -2], [-1, -3], [-2, -7], [-1, -8], [-2, -22], [-11, -24], [-1, -4], [0, -10], [-2, -28], [0, -4], [2, -5], [2, -4], [3, 1], [2, -1], [3, 3], [-1, 8], [-2, 10], [0, 9], [1, 5], [1, 6], [1, 4], [2, 1], [4, -3], [1, -2], [1, -5], [3, -11], [3, -6], [1, -5], [1, -6], [0, -7], [-1, -11], [-3, -13], [-1, -7], [-1, -14], [-1, -10], [0, -6], [-1, -12], [-1, -9], [-1, -1], [-2, 1], [-2, -4], [-2, -2], [-1, 0], [-3, 4], [-1, -1], [-2, -4], [-1, -6], [-1, -13], [0, -3], [1, -8], [1, -9], [2, -7], [1, -5], [3, -3], [1, 1], [4, 3], [4, 0], [4, -8], [2, -12], [0, -8], [3, -11], [0, -9], [-1, -5], [-1, -2], [-1, 4], [-1, 0], [-1, -7], [0, -4], [-1, -8], [-3, 5], [-2, -1], [-1, -8], [0, -6], [1, -4], [2, -2], [0, -8], [3, -6], [5, -11], [3, -5], [1, -8], [-1, -12], [-1, -7], [-1, -5], [-3, -8], [-1, -2], [-2, -1], [-2, 1], [-3, 4], [-2, 5], [-2, 3], [-3, 2], [-2, -2], [-4, -6], [-2, -6], [-2, -7], [0, -5], [-2, -19], [0, -12], [-1, -11], [1, -2], [1, -4], [0, -3], [-1, -8], [1, -3], [-3, -18], [-5, -17], [-1, 0], [-8, 8], [-3, -1], [-1, 1], [-1, 3], [-1, 2], [-1, 4], [-4, 1], [-4, 0], [-1, -4], [0, -6], [-1, -6], [-1, -9], [0, -7], [-1, -3], [0, -18]], [[25299, 52021], [-6, -7], [-4, -4], [-4, -2], [-4, -1], [-4, 0], [-5, 4], [-8, 9], [-5, 8], [-2, 5], [-3, 9], [-1, -2], [-5, -5], [-3, -1], [-2, 0], [-5, 1], [-7, 5], [-3, 3], [-3, 0], [-5, 1], [-3, 2], [-4, 3], [-3, 4], [-4, 6], [-4, -3], [-6, 0], [-3, 2], [-4, 4], [-1, 2], [-5, 8], [-3, 7], [-3, 11], [-4, -18], [-2, -5], [-2, -6], [-5, -13], [-4, -7], [-5, -6], [3, -35]], [[24524, 55329], [0, 7], [1, 9], [1, 3], [3, 6], [3, 2], [1, 2], [2, 6], [1, 5], [-1, 3], [1, 6], [0, 5], [1, 4], [0, 6], [-1, 5], [-3, 9], [-3, 6], [-1, 6], [-4, 5], [-3, 3], [-1, 7], [-1, 5], [-3, 4], [-2, 3], [0, 3], [-1, 3], [0, 13], [1, 10], [3, 12], [1, 1], [4, 1], [2, 0], [1, -2], [2, -7], [0, -4], [1, -1], [6, -2], [1, 1], [3, 0], [3, 1], [3, 5], [2, 2], [0, 14], [1, 15], [0, 27], [-1, 9], [-2, 14], [-2, 18], [4, 3], [1, 2], [1, 4], [2, 0], [0, 6], [1, 1], [3, 15], [1, 6], [1, 10], [1, 8], [0, 13], [-2, 8], [-1, 1], [-3, 1], [-2, -2], [-1, -2], [-2, -5], [0, -6], [-2, -21], [-1, -6], [0, -8], [-1, -6], [-1, 0], [-2, 8], [-1, 7], [-1, 11], [-1, 2], [-2, 7], [0, 13], [-1, 6], [0, 4], [-2, 7], [-1, 6], [0, 19], [-1, 14], [1, 11], [0, 16], [5, 10], [1, 4], [1, 9], [2, 5], [2, 12], [3, 12], [3, 8], [2, 6], [3, 13], [1, 9], [0, 28], [-2, 3], [-1, 2], [-3, 0], [-2, -4], [-1, -5], [-1, -11], [-1, -7], [1, -9], [0, -14], [-2, -12], [-5, -15], [-5, -9], [-3, -3], [-1, 0], [-5, 2], [-3, 4], [-3, 7], [-2, 5], [-2, 7], [-1, 3], [0, 8], [2, 6], [1, 4], [2, -1], [2, 2], [2, -2], [1, 0], [1, 2], [5, 7], [2, 3], [2, -1], [2, 3], [1, 9], [1, 6], [2, 10], [0, 7], [-1, 12], [-1, 6], [-2, 10], [-6, 14], [-3, 5], [-1, 1], [-1, -1], [-2, -12], [0, -17], [2, -14], [0, -10], [-2, -9], [-1, -3], [-4, -6], [-3, -3], [-3, 1], [-5, 5], [0, 2], [1, 4], [0, 14], [2, 7], [3, 3], [1, 3], [1, 4], [1, 10], [2, 9], [0, 3], [4, 12], [-1, 6], [0, 3], [-6, 12], [-2, 7], [-2, 10], [-3, 16], [-1, 10], [0, 9], [2, 5], [2, 2], [5, 0], [4, -2], [3, 0], [3, 2], [3, 6], [2, 5], [3, 10], [2, 10], [0, 8], [1, 8], [-2, 18], [-1, 4], [-4, 11], [-5, 12], [-2, 5], [-2, 2], [-2, 1], [-3, 0], [-3, 2], [-1, 2], [-3, 12], [-1, 6], [0, 10], [1, 5], [1, 8], [1, 3], [2, 3], [2, 2], [6, 1], [3, 0], [4, 6], [4, -20], [3, -12], [2, -6], [4, -9], [3, -5], [3, -4], [1, -1], [2, 1], [3, 3], [3, 6], [5, 4], [1, 2], [1, 3], [1, 7], [0, 9], [-2, 2], [-1, 11], [-2, 9], [-2, 6], [-2, 4], [-1, 1], [-3, -3], [-3, -6], [-2, -3], [-2, -1], [-4, 0], [-3, 5], [-2, 7], [-2, 10], [-2, 9], [0, 9], [1, 10], [0, 2], [1, 6], [0, 8], [-1, 4], [0, 4], [1, 7], [2, 9], [1, 1], [2, -1], [4, -12], [3, 1], [7, 2], [4, 3], [2, 1], [4, -10], [3, -5], [2, -1], [4, 3], [1, 2], [2, 5], [1, 6], [1, 7], [-1, 5], [0, 4], [-3, 9], [-2, 3], [-6, 6], [-2, 3], [-3, 7], [-3, 15], [-2, 12], [-1, 7], [-1, 8], [0, 18], [2, 10], [2, 5], [7, 21], [2, 10], [3, 17], [1, 6], [1, 8], [-1, 4], [-2, 5], [-2, 2], [-6, 5], [-7, 6], [-2, 2], [-1, 2], [-1, 4], [0, 5], [-1, 6], [0, 23], [1, 13], [0, 7], [1, 3], [2, 1], [1, -1], [2, -4], [3, -9], [1, -5], [2, -1], [2, 2], [5, 11], [2, -10], [2, -25], [1, -3], [0, -5], [2, -4], [2, -3], [3, 0], [2, 2], [2, 6], [0, 16], [-2, 12], [-3, 8], [0, 2], [-2, 22], [4, 7], [2, 2], [2, 0], [8, -6], [4, 0], [3, 2], [2, 2], [2, 4], [1, 4], [0, 16], [-1, 7], [1, 8], [1, 4], [2, 11], [1, 4], [0, 14], [-1, 7], [-3, 6], [-2, -1], [-2, -4], [-4, -1], [-2, 1], [-2, 5], [-4, 11], [-2, 7], [-2, 8], [0, 5], [-1, 7], [1, 5], [6, 17], [3, 5], [2, 4], [2, 7], [1, 2], [2, -1], [2, -4], [3, -12], [2, -4], [2, -6], [1, -2], [3, -3], [3, -1], [2, 1], [2, 4], [2, 3], [2, 7], [2, 14], [0, 11], [-1, 7], [0, 4], [-2, 3], [-1, 1], [-2, 0], [-2, -1], [-2, 1], [-2, 3], [-3, -1], [-2, -4], [-1, 1], [-1, 3], [-3, -4], [-1, 1], [-7, 14], [-3, 16], [-2, 10], [-1, 8], [0, 15], [2, 8], [2, 2], [4, -1], [1, -1], [0, -7], [1, -11], [1, -4], [5, -11], [1, -2], [3, -3], [2, -1], [3, -6], [2, 9], [0, 36], [1, 16], [1, 18], [1, 6], [2, 2], [1, 0], [6, -5], [3, -5], [5, -3], [2, 1], [2, 5], [2, 6], [2, 11], [1, 6], [0, 23], [-2, 10], [-3, 14], [-3, 9], [-1, 8], [0, 10], [2, 8], [1, 3], [2, 1], [1, -1], [1, -2], [6, -6], [2, 0], [4, 2], [2, 3], [3, 5], [1, 2], [1, -4], [-2, -17], [-3, -17], [0, -18], [1, -5], [1, -3], [2, -3], [3, 0], [2, 2], [1, 8], [-1, 16], [-2, 15], [0, 8], [3, 19], [0, 5], [1, 6], [3, 7], [1, 2], [3, 1], [2, -1], [3, 3], [3, 8], [4, 12], [0, 4], [1, 12], [1, 5], [0, 7], [-1, 9], [-1, 8], [-2, 35], [0, 15], [1, 8], [2, 21], [2, 7], [2, 3], [4, 8], [1, 4], [2, 5], [0, 4], [1, 11], [-1, 7], [0, 5], [-5, 20], [-4, 15], [-4, 22], [0, 7], [-1, 8], [0, 6], [2, 17], [1, 10], [0, 3], [3, 13], [1, 3], [0, 12], [-1, 17], [4, 0], [3, -6], [1, -6], [1, -8], [-2, -8], [-2, -11], [0, -8], [-1, -9], [1, -7], [0, -4], [3, -9], [3, -1], [4, 4], [3, 7], [2, 9], [3, 10], [2, 6], [2, 9], [2, 5], [1, 9], [0, 15], [-1, 10], [-2, 7], [-3, -2], [-9, -10], [-2, 0], [-3, 1], [-1, 3], [-3, 6], [-3, 8], [-3, 2], [1, 10], [0, 14], [1, 5], [1, 2], [3, 1], [1, -1], [2, 19], [-2, 18], [-1, 14], [1, 10], [1, 5], [2, 5], [2, 2], [2, 0], [2, -2], [1, -2], [0, -10], [5, -20], [0, -9], [-1, -9], [-4, -11], [-4, -19], [2, -5], [2, -4], [3, -2], [2, -1], [2, 1], [3, 2], [5, 10], [2, 8], [0, 13], [-1, 6], [-3, 16], [-2, 13], [-1, 9], [-1, 7], [0, 7], [1, 8], [2, 10], [3, 6], [-2, 14], [-3, 20], [-2, 6], [-1, 7], [0, 16], [1, 8], [2, 7], [3, 4], [2, -1], [3, -3], [2, -4], [1, -3], [1, -11], [0, -9], [-1, -10], [-3, -15], [-1, -4], [3, -17], [2, 1], [5, 0], [4, 2], [2, 3], [5, 7], [3, 7], [5, 12], [2, 7], [2, -9], [2, -5], [1, -2], [2, -1], [1, 2], [1, 4], [1, 6], [-1, 6], [-1, 3], [-2, 2], [-1, 8], [3, 6], [5, 8], [4, 3], [2, 3], [3, 6], [2, 6], [1, 4], [1, 8], [1, 12], [0, 8], [-1, 22], [-1, 6], [-5, 7], [-1, 3], [-4, 10], [-3, 10], [-1, 4], [-2, 10], [-1, 9]], [[24763, 57643], [20, 0], [27, -1], [61, 0], [12, -1], [7, 0], [1, 1], [35, 0], [1, 1], [9, -1], [7, 1], [12, 0], [28, -1], [9, -1], [52, 0], [23, 1], [17, -1], [9, 1], [55, 0], [9, 1], [10, -1], [13, 0], [17, 1], [2, -1], [18, 1], [133, 0]], [[25350, 57643], [1, -6], [2, -17], [2, -8], [3, -14], [2, -19], [1, -14], [2, -10], [4, -13], [3, -7], [6, -8], [2, -2], [1, -2], [-1, -20], [-1, -30], [-1, -45], [-2, -52], [-1, -23], [0, -25], [-1, -22], [-1, -18], [0, -9], [-3, -77], [-4, -135], [-2, -43], [-2, -92], [-3, -106], [-2, -49], [-1, -34], [0, -20], [-1, -16], [-1, -17], [-2, -67], [-1, -35], [-3, -102], [-1, -25], [-1, -39], [-1, -21], [-1, -29], [0, -12], [-1, -25], [-1, -27], [0, -26], [-1, -16], [-1, -18], [0, -16], [-2, -57], [-1, -59], [-2, -66], [-1, -38], [-1, -8], [-1, -45], [-2, -73], [-4, -126], [-3, -101], [-2, -60], [0, -19], [-1, -20], [0, -22], [-2, -49], [-1, -11], [0, -27], [-1, -42], [-3, -85], [0, -11], [-2, -65], [-2, -70], [0, -9], [-2, -89], [-2, -47], [0, -1], [-1, -43], [-1, -20], [-2, -91], [-2, -79], [-2, -46], [-1, -55], [-1, -15], [-1, -53], [-1, -27], [0, -7], [-4, -143], [-1, -19], [-2, -77], [-3, -85], [-2, -53], [0, -17], [-1, -40], [-2, -59], [-1, -46], [-1, -19], [0, -27], [1, -23], [0, -78], [1, -71], [0, -20], [1, -63], [1, -30], [0, -5], [1, -91], [1, -36], [0, -61], [1, -27], [1, -77], [0, -16], [1, -110], [1, -10], [0, -54], [1, -39], [0, -55], [1, -64], [1, -22], [0, -62], [1, -36], [1, -107], [0, -10], [2, -130], [0, -56], [1, -66], [1, -36], [-1, -5], [1, -29], [0, -55], [1, -3], [0, -74], [1, -45], [1, -79], [1, -66], [1, -72], [0, -79], [1, -28]], [[24454, 63899], [-2, -8], [-4, -6], [-1, -4], [-3, -11], [-2, -13], [-2, -11], [0, -12], [-1, -6], [-1, -11], [-2, -9], [-2, -16], [-1, -9], [0, -10], [1, -6], [0, -6], [-1, -6], [-2, -9], [-1, -4], [-1, -8], [1, -5], [0, -9], [-1, -10], [0, -13], [1, -7], [0, -4], [-1, -5], [-1, -7], [0, -17], [1, -15], [-1, -9], [0, -27], [1, -9], [1, -17], [1, -9], [0, -6], [1, -15], [0, -8], [2, -16], [-1, -25], [2, -15], [1, -4], [2, -14], [0, -6], [2, -8], [0, -10], [1, -6], [1, -2], [2, -10], [3, -21], [6, -24], [1, -6], [0, -6], [-1, -9], [-2, -8], [-4, -17], [-1, -12], [0, -13], [2, -11], [1, -12], [0, -6], [1, -6], [1, -5], [6, -11], [2, -6], [2, -3], [3, -6], [2, -6], [2, -11], [2, -18], [-1, -6], [0, -25], [-1, -5], [-1, -9], [1, -10], [-1, -5], [1, -5], [3, -10], [1, -5], [1, -2], [1, -4], [4, -12], [4, -9], [4, -11], [0, -5], [6, -10], [2, -5], [3, -14], [1, -6], [3, -9], [2, -9], [1, -5], [3, -10], [1, -3], [7, -10], [4, -5], [1, -3], [2, -11], [1, -18], [0, -9], [1, -5], [1, -8], [3, -12], [1, -3], [6, -4], [4, -1], [3, -3], [3, -11], [1, -14], [2, -11], [1, -6], [4, -9], [0, -24], [2, -9], [2, -12], [3, -9], [4, -11], [6, -14], [2, -5], [3, -2], [2, -3], [1, -5], [1, -2], [3, -4], [3, -1], [2, -6], [3, -18], [2, -4], [4, -4], [2, -6], [1, -7], [2, -4], [4, -7], [5, -10], [3, -7], [2, -5], [6, -24], [5, -8], [2, -4], [1, -8], [2, -7], [2, -6], [2, -12], [5, -19], [2, -3], [2, -2], [2, -6], [0, -5], [2, -25], [0, -8], [1, -11], [0, -19], [1, -14], [1, -8], [0, -27], [2, -14], [1, -9], [1, -5], [1, -7], [2, -6], [0, -7], [1, -15], [0, -14], [-2, -8], [-3, -8], [0, -5], [-1, -7], [-3, -9], [0, -3], [1, -9], [1, -5], [4, -30], [1, -5], [0, -6], [3, -15], [1, -13], [0, -29], [2, -11], [0, -6], [1, -9], [0, -11], [1, -3], [4, -13], [1, -2], [2, -8], [2, -14], [1, -5], [4, -6], [7, -13], [0, -1], [2, -2], [5, 1], [2, 3], [2, 2], [2, 7], [3, 11], [2, 9], [1, 2], [3, 5], [2, 9], [3, 18], [1, 10], [0, 7], [1, 5], [1, 9], [1, 7], [3, 6], [3, 4], [2, -1], [1, 1], [3, -4], [3, 0], [4, -2], [4, -4], [2, -4], [10, -17], [3, -6], [3, -5], [2, -3], [3, -5], [1, -1], [3, 0], [3, 1], [4, -2], [2, -3], [1, 1], [2, -2], [6, -10], [2, -4], [2, -8], [5, -15], [2, -1], [14, -28], [2, -5], [5, -10], [2, -14], [-2, -26], [-1, -15], [-1, -5], [-4, -11], [-3, -7], [-4, -9], [-1, -2], [-2, -7], [-1, -8], [0, -6], [-2, -9], [-2, -5], [-4, -12], [-2, -7], [0, -17], [1, -10], [2, -11], [2, -7], [2, -15], [1, -11], [0, -7], [1, -19], [0, -16], [-1, -21], [-2, -14], [-6, -18], [-1, -6], [-2, -4], [-10, -50], [-2, -13], [0, -9], [-1, -7], [-1, -11], [-1, -13], [-1, -10], [0, -7], [-1, -13], [0, -4], [-1, -13], [-1, -15], [-1, -6], [-1, -4], [-4, -10], [-4, -17], [-2, -7], [-2, -8], [-2, -13], [-2, -11], [0, -8], [-3, -15], [-1, -17], [-1, -12], [0, -46], [1, -18], [1, -14], [0, -9], [1, -20], [1, -10], [5, -30], [2, -8], [2, -6], [3, -6], [1, -1], [3, -4], [3, -5], [4, -15], [7, -35], [0, -3], [1, -5], [1, -10], [4, -10], [0, -3], [3, -9], [3, -6], [1, -3], [7, -16], [2, -2], [2, 5], [2, 1], [5, -9], [1, -3], [2, -3], [0, -3], [1, -5], [0, -19], [2, -7], [2, -8], [3, -7], [2, -3], [2, -2], [1, 0], [3, 1], [2, 0], [2, -3], [1, -10], [4, -6], [2, -6], [2, -8], [5, -21], [1, -4], [2, -4], [2, -2], [2, 1], [3, 2], [2, 0], [6, 8], [2, -13], [0, -1], [3, 1], [0, -5], [-2, -8], [-2, -2], [-2, -8], [-4, 0], [-1, -7], [-1, -1], [-2, -6], [0, -10], [2, -15], [1, -5], [1, -6], [2, -14], [2, -6], [2, -5], [4, -5], [2, -1], [3, -1], [2, 2], [3, 5], [3, 9], [2, 8], [2, 9], [2, 1], [2, 6], [1, 2], [3, -4], [6, -17], [3, -5], [1, -2], [0, -23], [1, -5], [2, -7], [2, 4], [2, -3], [2, -1], [3, -6], [2, 1], [1, -1], [1, 1], [2, -9], [2, -7], [3, -9], [4, -10], [1, -3], [6, -11], [2, -6], [2, -10], [1, -6], [0, -6], [-1, -6], [-2, -18], [1, -9], [2, -5], [3, -3], [0, 1], [4, -1], [2, 4], [2, 1], [1, -2], [0, -6], [1, -3], [1, -1], [3, -6], [1, -4], [2, -18], [1, -3], [3, -4], [2, -3], [7, -7], [2, -1], [2, -2], [3, -6], [1, -9], [0, -5], [-1, -5], [0, -36], [-1, -5], [1, -6], [1, -5], [1, -8], [2, -6], [1, -4], [3, -8], [2, -12], [1, -4], [0, -6], [-1, -5], [-1, -4], [-2, -3], [-1, 0], [-5, 4], [-1, 1], [-1, -2], [-1, -7], [0, -23], [2, -25], [1, -9], [1, -2], [1, -10], [1, -6], [1, -9], [1, -8], [1, -9], [4, -23], [1, -4], [5, -18], [3, -11], [1, -5], [1, -12], [3, -21], [1, -18], [0, -15], [-1, -19], [-1, -10], [-1, -9], [-1, -4], [-2, -2], [-2, -4], [-7, -2], [-2, -2], [-2, -5], [-2, -8], [0, -2], [-4, -10], [0, -7], [-1, -15], [-1, -4], [0, -7], [1, -8], [4, -18], [1, -6], [2, -8], [3, 2], [2, 0], [3, -3], [1, -4], [0, -6], [-1, -7], [-2, -17], [0, -4], [2, -17], [0, -5], [1, -13], [3, -16], [2, -15], [1, -11], [3, -16], [3, -15], [2, -6], [5, -14], [1, -6], [2, -10], [1, -10], [0, -10], [-2, -13], [-1, -9], [0, -11], [1, -6], [5, -15], [5, -6], [4, -6], [4, -9], [7, -24], [4, -4], [1, 2], [2, 7], [1, 5], [2, 18], [-1, 9], [-2, 6], [-3, 8], [-4, 6], [-3, 5], [-1, 6], [-1, 9], [1, 13], [6, -3], [1, -2], [5, 0], [1, -1], [1, 9], [3, -16], [2, -15], [0, -5], [2, -6], [2, -5], [2, -6], [4, -9], [0, -3], [1, -5], [1, -13], [0, -17], [1, -7], [2, -7], [2, -3], [2, -1], [6, 9], [2, 1], [2, 4]], [[25090, 59952], [2, 1], [3, -3], [2, -5], [2, -11], [1, -5], [0, -8], [-1, -12], [0, -8], [-2, -21], [-1, -17], [-1, -20], [-1, -7], [-2, -9], [0, -7], [-1, -13], [-2, -12], [-4, 0], [-2, -5], [-2, 0], [-1, -1], [-2, -5], [0, -25], [-1, -4], [1, -5], [2, -13], [2, -7], [3, -3], [4, 0], [3, -1], [1, -4], [2, -10], [0, -12], [-1, -8], [-2, -8], [-2, 0], [-2, 4], [-1, 1], [-4, 0], [-2, 4], [-1, 0], [-3, -5], [-1, -2], [-2, -7], [-2, -9], [0, -8], [-1, -8], [1, -8], [1, -7], [3, -16], [2, -5], [2, -7], [1, -4], [0, -8], [-1, -5], [0, -3], [3, -6], [-1, -7], [-3, -12], [-4, -9], [-1, -5], [-2, -11], [0, -3], [-1, -11], [0, -18], [-1, -8], [-1, -9], [-1, -8], [-2, -5], [-2, -7], [-2, -3], [-4, -1], [-2, -1], [-1, 0], [-3, 5], [-7, 28], [-1, 11], [-2, 12], [-3, 13], [-1, 6], [-1, 3], [-2, 1], [-3, -1], [-2, -2], [-4, -6], [-2, -6], [-1, -7], [-1, -5], [-1, -21], [0, -9], [-2, -16], [-2, -10], [0, -11], [-1, -11], [-1, -16], [-2, -11], [-1, -13], [-1, -11]], [[25011, 59390], [-3, -16], [-2, -12], [-4, -11], [-1, -4], [-3, -5], [-2, 0], [-1, 1], [-3, 4], [-2, 7], [0, 18], [2, 17]], [[24992, 59389], [1, 4], [2, 10], [1, 8], [1, 12], [1, 8], [-1, 15], [-1, 14], [-1, 7], [-1, 5], [-3, 4], [-4, 4], [-3, 1], [-2, 2], [-1, 2], [-1, 1], [-4, -1], [-2, -3], [-2, -4], [-2, -8], [-1, -7], [-1, -5], [0, -10], [2, -16], [1, -12], [3, -15], [2, -6], [1, -10]], [[24977, 59389], [4, -16], [1, -6], [1, -4], [0, -10], [-1, -12], [-1, -6], [-5, -15], [0, -21], [4, -15], [1, -8], [3, -18], [1, -8], [0, -5], [-1, -16], [-1, -14], [-1, -4], [-4, -8], [-2, -1], [-5, 1], [-6, 5], [-5, 1], [-3, -3], [-1, -5], [-1, -8], [0, -7], [2, -16], [3, -8], [5, -11], [1, -6], [7, -12], [3, 3], [1, -3], [1, -6], [1, -13], [0, -10], [-2, -4], [-2, -2], [-2, 3], [-1, 1], [-2, -1], [-2, -7], [-1, -2], [-3, -3], [-4, -2], [-3, 1], [-4, 5], [-3, 6], [-1, 1], [-3, 2], [-1, -1], [-6, -2], [-3, 1], [-1, 3], [-1, 1], [-1, -2], [-2, -13], [0, -4], [2, -6], [2, -7], [3, -11], [4, -11], [3, -5], [5, -15], [4, -7], [1, -4], [3, -10], [3, -12], [1, -8], [0, -4], [1, -10], [-1, -14], [0, -4], [-2, -8], [-4, -6], [-3, -7], [-5, -5], [-4, -5], [-2, -4], [-2, -5], [-2, -11], [-1, -12], [0, -24], [-1, -20], [0, -6], [-1, -10], [-3, -10], [-1, -8], [0, -5], [-8, 0]], [[24923, 58811], [-15, 0], [-24, -1], [-13, -1], [-23, 0], [-18, -1], [-15, 0], [-21, -1], [-10, 0], [-12, -1], [-19, 0], [-9, -1], [3, 17], [3, 12], [1, 8], [-1, 4], [1, 1], [1, 4], [0, 8], [1, 2], [1, 4], [1, 0], [0, 9], [1, 3], [-1, 4], [1, 8], [1, 1], [2, 4], [0, -1], [1, 5], [0, 16], [1, 2], [1, 4], [2, 1], [1, 3], [1, 6], [0, 5], [1, 3], [0, 5], [3, 2], [2, 2], [1, -1], [0, 2], [2, 2], [1, 8], [2, 0], [2, 6], [1, 1], [0, 4], [2, 3], [0, 7], [1, 2], [1, 8], [-2, 7], [2, 9], [0, 6], [1, 5], [0, 2], [2, 7], [2, -2], [0, 3], [2, 1], [0, 3], [1, 3], [0, 5], [1, 0], [1, 5], [1, 2], [1, 4], [1, 0], [0, 3], [1, -1], [1, 4], [1, 0], [1, 3], [2, 3], [1, -3], [2, 3], [0, 7], [1, -1], [1, 7], [3, 0], [0, 2], [2, 1], [0, 7], [-1, 2], [0, 3], [-1, 1], [1, 3], [1, -1], [1, 5], [0, 3], [1, 5], [1, 9], [-1, 2], [2, 4], [1, -1], [1, 4], [1, 0], [1, 2], [3, 1], [1, 0], [1, 8], [1, 3], [-1, 10], [1, 1], [1, 5], [0, 2], [2, 7], [-1, 5], [0, 7], [-3, 7], [0, -1], [-1, 4], [1, 3], [-1, 2], [1, 2], [1, 8], [-1, 3], [1, 5], [0, 3], [-1, 6], [1, 1], [1, 7], [1, 3], [0, 8], [1, 2], [0, 12], [-1, 1], [1, 7], [-1, 1], [1, 3], [-1, 1], [-1, 6], [-1, -1], [-1, 4], [0, 3], [-1, 3], [-3, 2], [-2, 1], [0, -3], [-1, 4], [-2, -1], [0, 4], [-1, -2], [0, 4]], [[24817, 59286], [0, -1]], [[24817, 59285], [-1, 1], [0, 4], [-1, -2], [-2, 1], [1, 5], [-1, 1], [-2, -4], [-1, 1], [1, 4], [0, 5], [-1, 0], [-1, 4], [0, 7], [2, 1], [-1, 3], [1, 0], [1, 4], [-1, 5], [0, 9], [1, 4], [-2, 4], [0, 10], [-1, 2], [0, -6], [-1, 1], [-1, 2], [-1, -2], [0, 8], [3, -2], [0, 8], [-2, 1], [-2, 4], [0, 5], [-1, 4], [1, 0], [0, 3], [-1, 5], [2, -2], [0, 6], [-75, 0], [-13, 1], [-7, -1], [-3, 1], [-43, 0], [-9, -1], [-10, 1], [-22, 0], [-23, -1], [-10, 1], [-31, -1], [-25, 0], [-20, -1], [-10, 1], [-16, -1], [-36, 0], [-18, 2], [-15, 1], [-56, 0], [-22, -1], [-102, 0], [-21, -1], [-25, 0], [-6, -1], [-3, 1], [-10, 0], [-8, 1], [-28, 0], [-4, -1], [-194, 0], [-25, 1], [-40, 0], [-6, 1], [-8, 0], [-25, -1], [-26, 1], [-9, -1], [-129, 0], [-12, 1], [0, -1], [-23, 1], [-26, 0], [-16, -1], [-6, 1], [-27, 0]], [[23563, 59391], [0, 580]], [[23371, 63459], [-1, 5], [0, 6], [-2, 4], [-3, 3], [-2, 4], [-3, 11], [-3, 4], [-2, 0], [-5, -5], [-3, 0], [-3, 4], [-1, 3], [-2, 8], [-1, 12], [-1, 8], [0, 8], [1, 4], [2, 7], [1, 4], [0, 7], [-1, 9], [1, 7], [1, 5], [2, 4], [1, 4], [0, 15], [-1, 4], [-2, 6], [-4, 2], [-2, 4], [-2, 5], [0, 16], [-1, 7], [-1, 4], [-2, 3], [-3, 4], [-2, 3], [-1, 5], [-3, 10], [-1, 10], [0, 12], [1, 7], [2, 5], [1, 11], [0, 6], [-1, 10], [-2, 8], [-1, 5], [-3, 2], [-4, -1], [-2, 1], [-2, 2], [-3, 7], [-3, 4], [-2, 2], [-1, 6], [0, 4], [1, 12], [0, 5], [-1, 7], [-1, 5], [-1, 2], [-2, 2], [-4, 0], [-2, 5], [-2, 7], [-3, 5], [-2, 0], [-2, -2], [-4, -5], [-2, -3], [-3, 3], [-1, 6], [1, 7], [0, 4], [2, 3], [4, 5], [2, 4], [1, 6], [0, 13], [-4, 14], [-1, 6], [0, 14], [-1, 10], [-1, 11], [-3, 14], [-1, 8], [1, 7], [1, 10], [0, 7], [-1, 10], [-2, 9], [-2, 5], [-1, 4], [-2, 4], [-3, 7], [0, 32], [-1, 9], [2, 4], [7, 8], [1, 2], [2, 8], [1, 17], [-1, 9], [-2, 4], [-1, 8], [-2, 7], [-2, 0], [-2, -2], [-2, -4], [0, -8], [-1, -11], [0, -5], [1, -4], [-1, -6], [-3, -8], [0, 4], [-1, 3], [-3, 1], [-4, -5], [-3, 0], [-2, 3], [-2, 2], [-1, 4], [-1, 6], [1, 4], [1, 9], [0, 10], [-2, 11], [-1, 9], [0, 5], [2, 8]], [[23243, 64139], [22, -1], [11, 0], [10, -1], [14, -1], [21, -1], [31, -1], [32, -2], [14, 0], [22, -2], [12, 0], [14, -1], [10, 0], [3, -1], [7, 0], [18, -1], [25, -1], [4, -1], [36, -1], [21, -1], [29, 0], [0, -1], [32, 1], [10, 0], [12, 1], [3, -1], [30, 1], [16, 1], [13, 0], [19, 1], [52, 4], [25, 0], [9, 1], [19, 1], [22, 2], [17, 0], [5, -1], [20, 0], [3, 1], [35, 0], [5, 1], [16, 0], [27, 3], [21, 2], [14, 2], [20, 0], [4, 1], [26, 0], [34, 2], [20, 2], [8, 1], [13, 2], [8, 1], [13, 0], [14, 1], [25, 3], [17, 1], [31, 2], [4, 1], [4, 0], [8, 1], [17, 2], [16, 1], [3, 1], [20, 2], [12, 2], [7, 1], [4, 1], [10, 1], [5, 1], [3, -14], [2, -7], [5, -8], [2, -6], [1, -5], [-1, -2], [-1, -14], [0, -6], [1, -3], [2, -5], [3, -2], [4, -3], [5, -4], [3, -2], [1, -2], [1, -3], [0, -15], [-1, -11], [0, -8], [4, -12], [4, -6], [1, -4], [1, -5], [1, -9], [0, -5], [1, -4], [1, -7], [2, -4], [3, -3], [3, -1], [4, 1], [2, -1], [1, -2], [0, -10], [-3, -6], [0, -7], [1, -4], [3, 0], [0, -3], [-1, -5], [-1, -8], [0, -10], [2, -3], [1, 0], [2, -2], [1, -4], [2, -2], [3, 3], [-1, -11], [0, -6], [2, -8], [1, -1], [2, 1], [2, 3], [0, -11], [3, -1], [1, 2], [1, 3], [0, 4], [2, 4], [4, -4], [2, -5]], [[20937, 73919], [0, -848], [1, -97], [0, -281], [1, -43], [0, -52], [-1, -67], [0, -627], [-1, -5], [1, -7], [0, -357], [-1, -86], [0, -34], [1, -120], [0, -669], [-1, -104], [0, -89], [1, -64]], [[20934, 69267], [-15, 1], [-106, 0], [-28, 1], [-11, 0], [-47, 1], [-167, 0], [-28, 1], [-6, -1], [-40, 1], [-50, 0], [-19, -1], [-4, -7], [-45, 0], [-10, -1], [-24, 1], [-17, 0], [-39, 1], [-6, -1], [-6, 1], [-47, 0], [-17, 1], [-46, 0], [-31, 1], [-28, 0], [-3, 1], [-3, -1], [-12, 4], [-8, 0], [-11, 1], [-11, 0], [-26, 1], [-6, -1], [-37, 1], [-25, -1], [-183, 0], [-6, -1], [-73, 0], [-6, 1], [-8, 0], [-46, -1], [-98, 0], [-6, 7], [-30, 0], [-21, -1], [-34, 0], [-11, -1], [-22, -1], [-20, 0], [-18, -1], [-8, 0], [-19, -1], [-7, 0], [-11, 2], [-78, 0], [-22, -7], [-28, 0], [-11, 3], [-23, 0], [-11, -7], [-17, -1], [-17, 0], [-29, -1], [-9, 0], [-24, 10], [-73, 0], [0, -607]], [[18986, 68664], [-1, -2], [-2, 2], [-2, 4], [-6, 5], [-1, 0], [-1, 2], [-2, -1], [-2, 4], [0, 4], [-4, 4], [-1, 3], [-2, 20], [0, 2], [2, 16], [-2, 4], [-3, -1], [-1, 8], [-1, 5], [-5, 3], [-1, 7], [-1, 9], [1, 6], [-1, 2], [-3, 4], [-2, 3], [-2, -1], [-3, 1], [0, 1], [-3, 0], [-1, 10], [1, 3], [-1, 2], [0, 9], [-1, 5], [0, 5], [-1, 10], [4, 5], [2, 4], [-2, 3], [-1, 6], [-2, 9], [-2, 7], [-2, 1], [-1, 6], [1, 2], [-3, -2], [-3, -3], [-1, 3], [-1, 7], [1, 0], [1, 8], [1, 1], [1, 5], [-1, 1], [-2, 9], [0, 2], [-1, 4], [-2, 6], [-1, 0], [-2, 6], [0, 3], [1, 4], [-1, 5], [-1, 4], [-2, 3], [-3, 8], [-1, 4], [0, 13], [-2, 2], [-1, 0], [-1, 2], [-1, -4], [-2, -5], [-1, 1], [-2, 4], [-1, 6], [-1, 4], [0, 4], [-3, 7], [0, 4], [-2, 4], [-3, -3], [0, -1], [-1, -6], [1, -1], [0, -7], [-1, -6], [0, -14], [-2, -1], [-1, -5], [-1, -7], [-3, 4], [-2, 8], [-3, -1], [-2, -3], [-5, -5], [-1, -3], [-3, -5], [-1, 2], [-1, -3], [0, -7], [1, -8], [0, -6], [2, -7], [1, 0], [1, -3], [0, -4], [-2, -3], [0, -5], [1, -2], [0, -2], [-1, -3], [0, -3], [-2, -5], [-1, -2], [-1, -5], [0, -8], [-1, 2], [-2, 6], [0, -6], [-2, 1], [-2, -2], [0, -3], [1, -2], [1, -7], [2, -4], [0, -4], [-2, -2], [-1, -4], [-1, -1], [-1, -5], [-1, -2], [1, -3], [-1, -8], [1, -4], [-1, -4], [0, -9], [1, -2], [0, -6], [3, -7], [1, -1], [1, -5], [0, -4], [-1, 0], [-1, -4], [1, -4], [1, -1], [2, 0], [2, -1], [0, -3], [2, -2], [1, -3], [0, 4], [2, 1], [1, -3], [-1, -3], [1, -6], [0, -3], [1, -3], [-1, -2], [-4, 2], [-4, -2], [-1, 2], [-1, -2], [-1, -5], [-2, 1], [-1, 2], [-1, 6], [-1, 5], [-4, 4], [-2, 4], [-1, 3], [0, -2], [-2, -1], [-2, 0], [0, 3], [-1, 0], [-2, 2], [-2, 1], [-1, 3], [-2, -2], [0, -3], [-1, -1], [-1, -4], [-4, -6], [-5, 5], [-3, -1], [-1, 3], [-2, 0], [-1, -2], [-1, 0], [-1, 3], [-2, 1], [-3, 3], [0, 3], [-2, -6], [-4, 3], [-1, -8], [-2, -4], [0, -6], [-4, 0], [-1, -2], [-2, 1], [-1, -2], [-2, -2], [-1, -3], [-2, -4], [-1, -9], [-2, 6], [-2, -8], [-2, 0], [-3, 3], [-1, -1], [-1, -2], [-1, -5], [0, -4], [-1, -6], [-3, -2], [-3, 9], [1, 3], [-4, 8], [-2, 16], [-2, 7], [0, 3], [-2, 3], [0, 7], [-1, 2], [1, 4], [-1, 5], [-1, -5], [0, 1], [-2, -4], [-1, 0], [-2, 5], [-1, -3], [0, -3], [-3, -3], [-3, 0], [-1, 1], [-4, 0], [0, 1], [-2, -3], [-2, 1], [-1, -8], [-1, -1], [-2, 0], [0, -5], [-2, 0], [0, -6], [-2, -4], [-4, 2], [-1, -3], [-2, 3], [-1, 0], [-1, 5], [-1, 2], [-1, -2], [-2, 3], [-3, 2], [0, -21], [-1, 5], [-2, 0], [0, 2], [-2, 0], [-1, 3], [-3, -1], [-1, 1], [-2, -4], [-1, 0], [-4, -5], [0, -7], [-2, -3], [-1, 0], [-1, 4], [-1, 1], [-4, 5], [0, 4], [-1, 6], [-1, 0], [-1, 2], [-2, 0], [-1, -3], [-1, 2], [-3, 3], [-4, -7], [-1, -2], [-1, 0], [-3, 4], [-4, 4], [-2, 3], [-1, 0], [-3, 8], [1, 6], [0, 3], [-1, 2], [1, 6], [-2, 1], [-2, 3], [-3, 0], [-1, 4], [-1, -4], [-2, -2], [-2, 0], [-3, 3], [-1, -1], [-1, -4], [0, -3], [-1, 0], [-1, -3], [-1, 0], [-1, -2], [-1, -3], [-1, -2], [-1, -8], [1, -6], [-2, -3], [-2, -1], [-2, 1], [-2, -1], [-1, 1], [-2, -1], [0, -2], [-1, -7], [-1, -1], [1, -5], [0, -38], [-1, -8], [-1, -6], [0, -4], [-1, -9], [-3, -15], [0, -2], [-2, -8], [-1, 3], [-3, 4], [0, 3], [-2, 2], [-2, -6], [-2, 2], [-2, -1], [-1, 1], [0, 6], [-1, 3], [-2, 4], [0, 1], [-1, 2], [-2, -2], [-1, 6], [-1, 4], [-1, 0], [-1, 4], [-1, 1], [-2, -5], [-1, 0], [-1, -5], [-1, 0], [-3, -9], [-3, 4], [0, 8], [-1, 2], [-4, 2], [-1, 2], [-1, 0], [-1, 5], [-1, 1], [-1, 0], [-1, 1], [-2, -2], [-3, 0], [-1, -2], [-2, 0], [-1, 1], [0, -1], [-4, 8], [-1, 3], [-1, 0], [-3, -3], [-3, -5], [-1, -1], [0, 6], [-1, 4], [-2, -1], [-2, -3], [-4, -2], [-1, 0], [-1, 4], [-1, 3], [-3, 0], [-1, 2], [0, 5], [-2, 2], [-1, 0], [-2, 3], [-4, 2], [-4, -5], [-1, -8], [-1, -4], [-1, -2], [-1, 3], [-3, -3], [-4, -5], [-2, 1], [0, -3], [-1, -3], [-1, -5], [-1, -6], [-2, -4], [0, -6], [-1, -5], [-1, -1], [-1, -3], [-1, 2], [-1, -3], [0, -6], [-1, -3], [-1, 0], [-1, -5], [0, -10], [-2, -4], [-1, -5], [1, -3], [1, -6], [3, -11], [0, -8], [3, -1], [-1, -2], [-1, -4], [1, -1], [0, -19], [-1, -1], [0, -4], [-6, -12], [-1, 0], [-1, -5], [-3, 3], [-2, 11], [-2, 1], [-1, 2], [0, 2], [-1, 4], [-1, 2], [0, 7], [-1, 12], [0, 5], [-1, 4], [0, 3], [-1, -1], [-1, -5], [-2, -2], [-3, 4], [-1, 3], [0, 5], [-1, 2], [-2, -1], [-1, 4], [-2, -2], [-2, 3], [-1, 3], [-1, 7], [0, 2], [-1, -1], [-2, -1], [-1, 3], [-1, 2], [-2, 7], [-1, 0], [-2, 11], [-2, 5], [-2, 3], [-1, 6], [0, 18], [-2, 10], [-2, 5], [-2, 14], [2, 5], [1, 5], [1, 9], [-1, 5], [3, 4], [0, 8], [-1, 1], [-2, 5], [-2, 8], [-1, -2], [-3, 3], [-1, 4], [-1, 6], [0, 9], [3, 6], [-1, 7], [-5, 8], [-3, 6], [0, 3], [2, 5], [-2, 5], [-3, 8], [-3, 3], [2, 7], [2, 10], [1, 2], [3, 3], [1, 0], [1, 4], [1, 8], [-1, 9], [-3, 14], [0, 5], [-1, 6], [0, 24], [-2, 2], [-2, 4], [1, 4], [-1, 5], [-3, 4], [-1, 4], [0, 3], [-1, 6], [0, 14], [-1, 8], [1, 5], [-3, 4], [-2, 0], [0, 8], [-1, 7], [0, 3], [-2, 1], [-2, 4], [0, 11], [1, 3], [0, 10], [-3, 4], [-1, 0], [-1, 3], [-3, 1], [-1, -2], [-2, 7], [-2, 3], [-1, 8], [-3, 9], [-3, 2], [-1, 6], [-4, 2], [-3, 4], [-1, 0], [-1, 4], [-2, 7], [-2, -3], [-1, -1], [-2, -4], [-1, -3], [-1, 1], [-2, -3], [-1, -4], [-2, -2], [-2, -4], [0, -1], [-1, -4], [-5, -5], [-2, -7], [-4, -5], [-1, 4], [-2, 3], [-1, 6], [2, 3], [0, 7], [-2, 14], [-1, 5], [-2, 3], [-3, 8], [0, 5], [-2, 4], [-3, -1], [-4, 4], [-1, 0], [-3, -3], [0, 5], [-1, 6], [-1, 9], [-1, 0], [-2, 1], [-1, 7], [-2, 2], [-1, 2], [0, 11], [-2, 8], [1, 6], [-2, 4], [-2, 2], [-1, 4], [0, 3], [1, 8], [1, 5], [-2, 3], [-2, 9], [-1, 1], [-1, 5], [0, 6], [-1, 1], [0, 5], [-1, 8], [1, 6], [1, 1], [1, -2], [2, 4], [2, -2], [2, -1], [2, 6], [2, 0], [2, 4], [0, 5], [-1, 9], [0, 3], [1, 2], [0, 4], [-1, 11], [1, 8], [-1, 7], [3, 9], [0, 4], [-2, 11], [-1, 2], [0, 9], [1, 7], [-1, 1], [-2, 6], [2, 7], [-1, 3], [0, 12], [-2, 7], [-2, -3], [-3, -1], [-2, 2], [-1, 7], [0, 5], [-2, 7], [-2, 1], [-1, 3], [-2, 2], [-3, 8], [1, 2], [2, 6], [1, 7], [1, 4], [0, 3], [-1, 5], [-1, 2], [-2, -2], [-3, 1], [-2, -4], [-3, 0], [-1, 7], [-1, 1], [-3, 5], [-1, 1], [-2, 8], [1, 5], [2, 9], [0, 7], [-1, -2], [-3, 1], [-1, 6], [-2, 2], [0, 11], [-1, 5], [1, 3], [1, 6], [-1, 5], [0, 4], [-1, 1], [-1, 8], [-2, 0], [-1, 5], [-1, 1], [-1, 6], [-2, 4], [-2, 3], [0, 2], [-1, 2], [0, 5], [-2, 6], [-1, 5], [-1, 10], [-2, 6], [-3, 8], [-1, 2], [-2, 1], [-2, 5], [0, 4], [-2, 8], [1, 4], [-1, 6], [1, 1], [2, -1], [1, 4], [-1, 3], [-1, 9], [-4, 7], [-1, 3], [0, 5], [-2, 2], [-1, 4], [0, 3], [-1, 8], [0, 3], [-2, 2], [0, 2], [-1, 0], [-1, 4], [-1, 2], [-1, 5], [0, 19], [1, 3], [0, 6], [2, 3], [-1, 2], [0, 8], [-1, 0], [-1, 5], [2, 5], [-1, 8], [1, 5], [0, 6], [-1, 3], [-2, 5], [-2, 7], [-1, 0], [-2, 5], [-4, 0], [0, 6], [-1, 5], [2, 4], [2, 2], [1, 3], [0, 4], [-1, 4], [-3, 1], [0, 17], [-1, 4], [-1, 3], [0, 3], [2, 7], [0, 12], [2, 2], [2, 9], [0, 6], [-1, 6], [0, 9], [-2, 10], [0, 11], [2, 4], [-1, 2], [-3, 1], [-1, -1], [-4, 1], [-1, 0], [-3, -4], [-2, 4], [-2, -2], [-3, -1], [2, 12], [1, 3], [-1, 4], [1, 5], [0, 3], [1, 4], [1, 5], [0, 14], [-1, 3], [2, 4], [2, 10], [2, 4], [1, 0], [0, 6], [-2, 7], [-1, 10], [-1, 5], [-2, 3], [-1, 4], [-1, 2], [-2, -4], [-2, 1], [-1, 2], [-1, 5], [0, 4], [-2, 3], [-1, -2], [-1, 3], [-2, -2], [-1, -2], [-2, -2], [-1, 1], [-1, -2], [-2, 3], [-1, 2], [-2, 0], [0, 3], [1, 5], [0, 10], [1, 5], [1, 3], [-1, 3], [-1, 1], [-1, 4], [-1, 2], [-1, 1], [-1, 3], [-1, 2], [0, 7], [-1, 4], [-2, 2], [0, 10], [-1, 5], [0, 6], [-1, 2], [1, 4], [-2, 4], [-3, -3], [-1, -3], [-2, -1], [-2, 2], [-1, 11], [1, 2], [-3, 0], [-2, 2], [0, 2], [-2, -4], [0, -2], [-1, -5], [-1, -1], [-1, -2], [-2, 0], [-1, 2], [-1, -4], [1, -10], [-1, -2], [-1, -5], [-1, -3], [1, -5], [1, -2], [1, -7], [1, -6], [-1, -6], [-1, -4], [-1, -2], [-2, 1], [-1, -1], [-3, -9], [0, -4], [-2, -4], [-2, -2], [-2, -4], [-2, -8], [0, -7], [-2, -4], [-1, -5], [0, -9], [1, -3], [-2, -7], [-1, 1], [-2, -5], [-2, -3], [-1, 1], [-3, -2], [0, 1], [-2, -7], [-1, -3], [0, -13], [-1, -3], [0, -6], [-4, 0], [-1, -5], [-4, -1], [-1, -2], [-1, 0], [-2, 1], [-2, -8], [-1, -7], [-1, -3], [-3, 0], [0, 2], [-3, 5], [-1, 1], [-2, 4], [-3, 0], [-3, -1], [-1, -9], [1, -3], [0, -7], [1, -5], [-1, -5], [-1, -6], [-2, -5], [0, -19], [-1, -3], [-2, -1], [0, -8], [-1, -1], [-2, -4], [-2, -1], [-1, 1], [-2, -4], [0, -3], [-3, -5], [-1, 0], [-1, -4], [-2, 0], [-1, -5], [0, -3], [-2, 0], [0, 1], [-2, -1], [-2, 8], [0, 5], [-2, 3], [-1, 3], [0, 6], [-1, 3], [0, 7], [-1, 4], [-2, 1], [-1, 2], [-2, 5], [-1, 4], [-1, -1], [-4, 5], [-2, 3], [-1, 1], [-1, -1], [-1, 3], [-1, 7], [0, 4], [-1, 6], [1, 4], [-2, 1], [-1, 3], [0, 4], [-1, 3], [-2, 0], [0, 3], [-1, 3], [-2, -1], [-1, 2], [1, 7], [0, 3], [1, 8], [0, 1], [-2, -1], [-2, 5], [0, -2], [-3, -3], [-1, 1], [-1, -5], [-2, -2], [-2, 4], [-1, 0], [-3, 11], [-1, 0], [-1, 3], [-1, -2], [-1, -4], [-3, -2], [-2, -8], [-3, 2], [-1, -2], [0, 6], [1, 3], [1, 1], [0, 8], [1, 4], [0, 6], [-1, 4], [1, 4], [0, 3], [2, 5], [0, 5], [1, 3], [2, 5], [-2, 12], [-3, 2], [0, 4], [-1, 4], [0, 2], [-1, 5], [-1, 7], [1, 3], [4, 4], [2, -2], [0, 10], [2, 1], [1, 2], [2, -4], [2, 4], [0, 3], [2, 3], [0, 4], [2, 8], [0, 10], [1, 2], [-1, 4], [-4, 2], [0, 1], [2, 6], [2, 5], [0, 3], [1, 3], [1, 6], [-1, 8], [-2, 12], [-3, 7], [-1, -1], [-2, 1], [-1, 4], [-1, 6], [-1, 3], [-3, 5], [0, 10], [1, 9], [-2, 5], [-2, 0], [-1, 6], [-1, 4], [1, 9], [1, 4], [1, 3], [3, 4], [0, 9], [1, 2], [1, 4], [0, 3], [2, 5], [0, 4], [-1, 3], [1, 4], [1, 2], [1, 4], [2, 3], [1, 4], [-1, 2], [-1, 4], [1, 6], [1, 2], [1, 4], [1, 0], [2, 6], [1, -1], [2, 2], [3, -6], [1, 1], [0, 5], [2, 0], [1, 4], [1, -1], [1, 2], [2, 7], [3, 1], [2, -4], [1, -4], [2, -2], [2, -3], [1, 15], [1, 3], [-1, 4], [1, 2], [1, -2], [1, 1], [1, 9], [1, 1], [0, 4], [1, 7], [-1, 3], [-1, 0], [-1, 6], [0, 5], [-1, 1], [-1, 2], [-3, 9], [0, 12], [-1, 5], [-1, 1], [-1, 5], [-2, 5], [0, 2], [2, 4], [0, 3], [1, 1], [1, 3], [1, 1], [1, 6], [1, 1], [1, 5], [1, 6], [-2, 7], [-1, 6], [0, 4], [-2, 3], [-1, 1], [-1, 4], [-1, 2], [-2, 1], [-3, 0], [-2, 4], [-1, 8], [-2, 0], [-2, -6], [-1, -1], [-1, 1], [-2, 4], [0, 14], [1, 0], [3, 5], [0, 2], [-1, 9], [-1, 10], [-2, -1], [-1, -2], [-2, 0], [-2, 2], [-1, 2], [1, 3], [-1, 5], [1, 3], [2, 2], [1, 9], [0, 3], [3, 3], [1, 0], [2, 6], [1, 1], [0, 5], [-1, 4], [0, 9], [3, 2], [0, 23], [-2, 6], [-1, 2], [-1, 9], [-2, 1], [-2, -1], [-2, 5], [0, 2], [-2, -1], [-2, 3], [-1, 2], [-1, 1], [-1, 2], [1, 12], [-1, 1], [-1, 10], [1, 7], [2, 3], [0, 16], [2, -3], [2, 0], [1, 3], [2, 0], [2, -5], [1, -3], [1, 0], [2, 5], [1, 1], [0, 2], [2, 3], [1, -2], [2, 0], [1, 2], [-1, 5], [1, 8], [-1, 11], [1, 3], [0, 12], [-2, 9], [0, 5], [1, 5], [0, 12], [-1, 13], [-4, 6], [-1, 3], [1, 4], [-1, 5], [-1, 10], [1, 3], [1, 6], [3, -3], [3, 2], [2, 5], [2, 8], [1, 5], [-1, 4], [0, 9], [-1, 8], [0, 5], [1, 6], [2, 10], [0, 7], [1, 3], [1, 4], [0, 14], [1, 4], [0, 16], [-1, 10], [-2, 15], [2, 7], [1, 4], [1, 5], [2, 1], [0, 4], [2, 5], [2, 1], [0, 2], [1, 8], [-1, 10], [1, 6], [1, 3], [3, 2], [-1, 7], [-1, 0], [-3, 6], [1, 6], [1, 8], [-1, 3], [0, 4], [-3, 4], [-1, 4], [-1, 7], [0, 11], [-1, 5], [0, 9], [3, 4], [1, 0], [2, 1], [2, -3], [2, 3], [2, 0], [2, 4], [1, 3], [1, 5], [1, 4], [0, 5], [-1, 3], [-1, 5], [0, 5], [1, 4], [1, 5], [-1, 8], [0, 3], [1, 4], [1, 8], [0, 3], [3, 15], [-2, 2], [-1, 10], [-1, 3], [0, 3], [2, 2], [2, 12], [2, 7], [-1, 4], [-1, 7], [1, 2], [1, 5], [0, 24], [-1, 8], [-1, 2], [-1, 5], [-1, 3], [-3, 0], [-2, 2], [-1, 6], [0, 2], [-1, -3], [-3, 0], [-2, -1], [-1, -5], [-2, 2], [-1, 0], [-3, -6], [-2, 3], [0, -6], [-1, 0], [-3, 4], [-2, -4], [-2, -2], [0, -2], [-3, -5], [-1, -1], [0, -8], [-4, -11], [-4, 0], [-1, 1], [-2, 4], [-1, 1], [-1, 5], [-2, -3], [-4, 2], [-2, 3], [-1, 4], [-1, 1], [-1, 3], [-2, -6], [-3, -1], [-1, -4], [-2, 3], [-3, -8], [0, -2], [-1, -1], [-2, 1], [-1, -2], [-2, 4], [-1, 0], [-2, 2], [-1, 6], [1, 5], [0, 4], [-1, 2], [0, 3], [-2, 3], [-2, 2], [-1, 0], [-2, 7], [1, 2], [1, 3], [0, 3], [-2, 0], [0, 8], [3, 5], [2, 8], [0, 5], [-1, 2], [1, 7], [1, 5], [-2, 6], [-2, 4], [-2, 7], [-1, 2], [-1, 9], [-1, 3], [-2, 1], [-2, 5], [-2, -3], [-2, 3], [-2, -3], [-1, 1], [-2, 4], [-1, -7], [1, 0], [-1, -5], [-2, -3], [0, -11], [-2, -5], [-3, 1], [-4, -3], [-2, -12], [0, -4], [-1, -1], [-4, -1], [-1, 4], [0, 6], [-3, 3], [-2, 5], [0, 2], [2, 7], [-1, 3], [0, 5], [1, 2], [0, 3], [2, 1], [2, 8], [0, 23], [-2, 5], [0, 3], [-2, 4], [-1, 0], [-1, 11], [1, 2], [-1, 3], [0, -4], [-3, -4], [-1, 1], [-2, 7], [-3, -2], [-1, 2], [-1, -1], [-1, 2], [-2, 11], [-2, 1], [-1, 2], [0, 4], [-2, 3], [-1, 5], [0, 7], [-2, 3], [-2, -3], [-4, -3], [-1, -7], [-1, -1], [0, 5], [-1, 3], [1, 9], [-1, 6], [-2, 0], [-1, 3], [-3, 3], [-1, 7], [-1, 0], [0, 12], [1, 5], [-1, 8], [-3, 2], [-1, 0], [-2, 5], [1, 8], [2, 1], [1, 6], [1, 2], [0, 14], [-1, 1], [0, 18], [1, 0], [1, 7], [2, 3], [-1, 6], [-1, 2], [-2, 0], [-2, 5], [-1, 3], [-2, 0], [-2, 5], [0, 4], [-1, 5], [-2, 0], [-1, 4], [-2, 6], [-1, 4], [0, 4], [-2, 7], [0, 3], [-2, 6], [0, 5], [-3, 3], [-2, -1], [-3, 2], [-1, -4], [-4, -3], [-2, 6], [1, 1], [0, 7], [-2, 4], [-1, 8], [-2, 4], [1, 6], [-1, 3], [-1, 13], [1, 1], [0, 4], [-1, 6], [0, 3], [-1, 0], [-2, 5], [1, 4], [-1, 5], [-2, 3], [1, 6], [-3, 3], [-1, -1], [-2, 1], [0, 4], [-1, 2], [-2, 6], [-1, 5], [0, 3], [-1, 1], [-2, 3], [-1, 8], [-1, 4], [0, 8], [-1, 7], [1, 5], [-1, 6], [-1, 2], [-1, -2], [-2, 1], [-1, -1], [-3, 6], [0, 6], [-2, 6], [0, 4], [-1, 1], [-1, 4], [0, 5], [-2, 4], [-1, 5], [0, 3], [-2, 1], [-3, 3], [0, 3], [-2, 4], [-6, 2], [-1, 5], [0, 5], [-2, 4], [-1, 7], [1, 7], [-1, 5], [-1, 3], [-2, 0], [-1, 1], [-2, -1], [-2, 2], [-1, 4], [-2, 1], [-1, 1], [0, 6], [2, 14], [1, 6], [-1, 4], [0, 7], [-1, 6], [-1, 0], [-2, 5], [-1, 0], [-1, 3], [-1, 4], [0, 7], [-1, 4], [1, 7], [0, 6], [-1, -1], [-5, 8], [-1, -2], [-1, 0], [-2, 1], [-1, -3], [-2, 2], [-1, 5], [-2, -1], [-2, 4], [-2, -2], [-2, -1], [-2, 0], [-2, -1], [-1, 5], [-1, 3], [0, 7], [-2, 4], [-1, -1], [-2, 0], [-1, -2], [-1, -1], [-1, 1], [-1, -1], [-1, 1], [0, 4], [-1, 4], [-2, 3], [-1, -4], [-2, 0], [-1, -3], [-1, 1], [-1, 7], [-2, 1], [-3, 3], [-2, 5], [-4, 3], [0, 12], [-2, 6], [-1, 4], [-1, 9], [1, 4], [-1, 1], [-2, 4], [0, 16], [-1, 5], [-1, 3], [-1, -2], [-2, 0], [-1, 4], [-2, 2], [0, 4], [1, 6], [-3, 3], [0, 2], [-2, 0], [-1, 2], [-2, 6], [-1, 1], [-1, 3], [-2, 2], [-2, -1], [-2, -3], [-1, 1], [-2, -3], [-2, 6], [1, 6], [-1, 6], [-2, 1], [0, 8], [-2, 3], [-1, -2], [-2, 1], [-1, 0], [1, 8], [-3, 2], [-2, 5], [-1, 0], [-1, 2], [-1, -1], [-2, -1], [-2, 6], [-1, 1], [0, 5], [-3, -1], [-2, 2], [-1, -3], [-2, -2], [-2, 1], [-1, 1], [1, 7], [1, 3], [1, 5], [1, 7], [2, 0], [2, 3], [4, 9], [2, 1], [2, -1], [3, 2], [0, 3], [2, 0], [1, -1], [1, -3], [6, 1], [3, 3], [2, 3], [1, 9], [0, 4], [2, 10], [-2, 2], [-2, -2], [-1, -2], [-4, 0], [0, 6], [-2, 7], [-2, -3], [-2, -1], [0, -2], [-1, 1], [-1, 16], [0, 3], [-2, 1], [-3, 15], [-1, 2], [0, 8], [2, 3], [1, 0], [1, 2], [-2, 8], [-1, 0], [-1, -2], [-4, 1], [-1, 2], [-2, 5], [-1, -2], [-3, 5], [-1, 7], [0, 5], [1, 1], [2, 6], [1, 6], [3, 7], [1, 0], [1, 3], [0, 4], [3, 2], [1, 0], [1, 4], [0, 6], [2, 3], [1, 5], [1, 3], [-1, 1], [0, 6], [-1, 2], [-1, 10], [2, 6], [0, 8], [-2, 6], [-1, 1], [-1, 5], [-2, 1], [-4, 8], [-1, 5], [0, 3], [-1, 7], [1, 3], [0, 12], [2, 7], [-1, 9], [1, 6], [0, 7], [1, 2], [-3, 12], [-2, 4], [-1, 4], [-1, 0], [-2, 6], [-2, 2], [-1, -1], [-2, 0], [-2, 6], [-1, 8], [0, 8], [1, 6], [-1, 5], [-1, 3], [-2, 4], [-1, 6], [-2, 1], [-2, -3], [-1, 1], [-2, -5], [-2, 3], [-2, 8], [0, 15], [-1, 3], [0, 4], [-1, 3], [-1, 4], [0, 27], [1, 6], [-2, 7], [0, 8], [-1, 0], [-3, 6], [-2, 2], [-1, 9], [-2, 8], [-5, -7], [-2, 3], [0, 8], [-3, 1], [0, 4], [-2, 9], [0, 2], [-1, 2], [-1, 4], [-1, 3], [0, 8], [-2, 5], [-2, 4], [-1, 6], [-2, 4], [-2, 2], [1, 7], [0, 7], [-1, 3], [-2, 1], [-2, 2], [0, 7], [-2, 2], [-1, 3], [0, 9], [-1, 5], [-2, 5], [-1, 9], [-2, 9], [-1, 5], [-2, 6], [-1, 5], [-2, -1], [-1, 3], [-2, 3], [0, 1190]], [[17595, 73920], [150, 0], [28, -1], [135, 0], [46, 1], [111, 0], [48, -1], [33, -1], [46, 0], [30, -1], [28, -1], [32, 1], [144, 0], [21, 1], [18, -1], [46, 0], [46, 1], [28, 0], [15, -1], [13, 1], [103, 0], [16, -1], [34, 0], [39, -1], [36, -1], [46, 1], [95, 0], [53, 1], [14, 0], [33, 1], [162, 0], [42, 1], [110, 0], [45, 1], [48, -1], [71, 0], [44, -1], [124, 0], [43, 1], [181, 0], [24, -1], [23, 0], [15, 1], [235, 0], [43, -1], [87, 0], [29, 1], [136, 0], [32, -1], [269, 0], [46, 1], [46, 0]], [[23563, 59971], [-86, 0], [-10, 1], [-276, 0], [-13, -1], [-31, 1], [-8, -1], [-12, 1], [-5, -1], [-7, 1], [-52, 0], [-11, -1], [-48, 0], [-31, 1], [-4, -1], [-12, 1], [0, -1], [-10, 1], [-13, 0], [-16, -1], [-295, 0], [-25, -1], [-81, 0], [-19, 1], [-79, 0], [-20, 1], [-134, 0], [-30, 1], [-6, -1], [-62, 0], [-9, 1], [-16, 0], [-15, 1], [-61, 0], [-8, 1], [-79, 0], [-19, -1], [-35, 0], [-18, -1], [-31, -1], [-16, -1], [-9, 1], [-14, -1], [-25, 0], [-20, -1], [-39, 0], [-27, -1], [-11, 0], [-29, -1], [-25, 0], [-11, -1], [-32, 0], [-29, -1], [-21, 0], [-24, -1], [-30, 0], [-19, -1]], [[21493, 63463], [49, 0], [9, -1], [6, 1], [5, -1], [318, 0], [4, -1], [4, 1], [7, -1], [314, 0], [16, 1], [2, -1], [11, 1], [1, -1], [51, 0], [21, 1], [322, 0], [35, -1], [23, 1], [35, 0], [30, -1], [4, 1], [4, -1], [7, 1], [13, -1], [221, 0], [2, -1], [247, 0], [16, -1], [101, 0]], [[23371, 63459], [0, -14], [2, -5], [3, -7], [5, -8], [0, -2], [3, -10], [1, -6], [2, -7], [2, -5], [3, -1], [3, 1], [2, -2], [2, -4], [2, -6], [0, -10], [-2, -11], [0, -5], [1, -8], [1, -2], [3, -4], [3, 0], [2, 2], [3, 6], [2, 0], [2, -3], [0, -3], [1, -6], [0, -12], [1, -7], [1, -4], [4, -6], [3, -1], [3, -4], [2, -5], [2, -1], [3, -1], [4, 3], [2, 1], [4, 0], [1, 1], [2, 8], [1, 6], [-1, 11], [1, 5], [1, 7], [1, 2], [3, 2], [5, -5], [3, 1], [4, 4], [2, 0], [3, -3], [3, -5], [1, -5], [1, -4], [0, -7], [-1, -8], [-3, -9], [-1, -7], [1, -5], [0, -4], [5, -14], [2, -5], [3, -2], [4, 1], [2, -3], [1, -7], [1, -4], [0, -18], [-1, -11], [-1, -4], [-2, -3], [-2, -1], [-6, -1], [-2, 0], [-1, -2], [-1, -5], [-1, -6], [1, -7], [1, -5], [3, -6], [2, -5], [2, 1], [2, 2], [2, 4], [2, 6], [2, 3], [2, 0], [1, -3], [1, -8], [1, -11], [-1, -11], [-1, -7], [-3, -9], [-2, -4], [-2, -3], [-3, 0], [-2, 1], [-2, 3], [-6, 14], [-3, 6], [-2, 1], [-3, -8], [-2, -16], [1, -21], [0, -23], [-2, -6], [-1, -4], [-2, -2], [-5, -1], [-3, -2], [-2, -7], [-2, -8], [-2, -10], [0, -4], [-2, -6], [-2, -16], [-1, -11], [2, -18], [1, -5], [0, -5], [-2, -11], [-1, -8], [-2, -4], [-3, -1], [-1, 0], [-3, 5], [-1, 0], [-2, -1], [-1, -3], [-1, -4], [-2, -17], [0, -6], [1, -11], [0, -6], [2, -9], [3, -9], [2, -8], [2, -4], [5, -8], [1, -5], [1, -6], [1, -10], [0, -10], [1, -10], [1, -6], [2, -6], [2, -3], [3, -7], [4, -3], [3, -5], [3, -6], [1, -7], [0, -9], [1, -6], [2, -6], [3, -3], [2, -6], [1, -4], [0, -11], [1, -7], [1, -4], [2, -2], [3, 1], [5, 9], [1, 0], [2, -1], [2, -3], [1, -7], [0, -16], [-1, -4], [-2, -3], [-3, -3], [-3, -12], [0, -7], [1, -8], [0, -17], [1, -10], [0, -7], [2, -12], [1, -5], [3, -11], [1, -3], [6, -10], [3, -6], [3, -7], [1, -6], [2, -9], [0, -16], [-2, -14], [0, -9], [3, -7], [1, -2], [3, -2], [3, 0], [2, 2], [2, -1], [1, -5], [2, -7], [0, -6], [1, -8], [2, -6], [2, -7], [5, -5], [4, -1], [2, 2], [3, 4], [4, 11], [3, 1], [1, -1], [3, -4], [1, -7], [0, -19], [1, -2], [2, -2], [4, 0], [3, 3], [3, 4], [2, 1], [4, -5], [0, -2], [1, -4], [0, -10], [-1, -7], [-4, -16], [0, -404], [-1, -41], [0, -203], [-1, -76], [0, -722], [-1, -69], [0, -954]], [[25398, 60901], [0, 6], [-1, 4], [-1, 2], [-1, 1], [-2, -2], [-2, -6], [-2, -3], [-2, 0], [-3, 5], [-2, 10], [-2, 8], [1, 6], [1, 5], [1, 1], [2, -2], [3, -6], [2, -2], [4, -1], [3, 4], [1, 3], [1, 7], [-1, 6], [-1, 3], [-1, 2], [-4, 3], [-3, 4], [-1, 5], [-1, 6], [-1, 10], [-2, 14], [-2, 8], [-3, 9], [0, 14], [3, 0], [2, -6], [2, -5], [3, -3], [1, -3], [3, 0], [3, 2], [2, 0], [1, -4], [1, -1], [1, 1], [1, 7], [-1, 9], [-1, 8], [0, 6], [-3, -2], [-1, 2], [-2, 0], [-3, 1], [-2, 2], [-2, 6], [-1, 5], [1, 4], [1, 3], [2, 1], [1, -1], [1, -6], [2, -4], [1, 0], [1, 2], [1, 6], [-1, 13], [0, 18], [4, 2], [1, 2], [1, 6], [0, 12], [-3, 24], [0, 18], [1, 7], [1, 6], [2, 2], [1, 4], [-1, 3], [0, 2], [-2, 1], [-3, -3], [-2, 0], [-2, 8], [0, 9], [1, 2], [1, 3], [2, 1], [7, -1], [4, 5], [3, 5], [3, 9], [1, 8], [1, 9], [1, 5], [-1, 7], [0, 9], [-1, 0], [-1, -5], [-2, -2], [-8, -12], [-2, 1], [-1, 5], [-1, 8], [1, 7], [0, 2], [3, 4], [2, 2], [1, -1], [3, -1], [2, 4], [0, 14], [1, 6], [1, 5], [2, 0], [1, 1], [2, -4], [1, -3], [0, 1], [1, 4], [2, 10], [2, 1], [1, 4], [-1, 4], [0, 4], [3, 6], [2, 7], [0, 7], [-1, 4], [-1, 3], [-1, 0], [-1, -2], [-1, -7], [1, -6], [-2, -6], [-1, 1], [0, 17], [-2, 4], [-2, 5], [-3, 6], [-3, 9], [-1, 7], [-2, 10], [-1, 4], [0, 22], [1, 8], [1, 7], [-1, 9], [-2, 7], [1, 3], [1, -2], [3, -11], [0, -10], [1, -2], [2, 0], [1, 5], [-1, 6], [2, 8], [2, 3], [1, 5], [-2, 5], [-1, 7], [0, 4], [1, 4], [2, 2], [1, 3], [0, 13], [1, 3], [3, 4], [2, 1], [2, -2], [0, -8], [-2, -14], [-1, -4], [1, -6], [2, -3], [1, 2], [2, 12], [4, 8], [0, 7], [1, 4], [0, 9], [1, 5], [2, 5], [2, -2], [1, -3], [0, -6], [-1, -9], [-1, -6], [1, -12], [1, -4], [2, -2], [2, 2], [1, 4], [1, 7], [1, 5], [1, 11], [0, 7], [-1, 12], [0, 10], [2, 15], [1, 8], [0, 3], [3, 8], [0, 5], [2, 6], [3, 3], [3, 2], [1, 3], [3, 12], [1, 6], [4, 20], [2, 7], [0, 5], [1, 16], [0, 10], [1, 4], [2, 4], [0, 8], [-1, 3], [-2, 3], [-3, 0], [-1, 2], [0, 7], [1, 11], [3, 9], [2, 1], [4, -1], [2, 1], [4, 7], [3, 6], [4, 16], [1, 2], [1, -4], [2, -2], [2, 2], [2, 6], [0, 6], [-3, 9], [-1, 6], [-1, 7], [-2, 10], [0, 7], [2, 5], [3, 4], [0, 16], [1, 3], [2, 1], [0, 3], [1, 3], [-1, 5], [0, 9], [1, 4], [1, -1], [1, -5], [2, -2], [2, 2], [1, 2], [0, 6], [-2, 0], [-1, 1], [-1, 4], [0, 9], [2, 7], [-1, 5], [0, 2], [2, 4], [0, 7], [-1, 5], [-1, 6], [1, 5], [3, 2], [1, 3], [0, 12], [1, 7], [1, 3], [3, 5], [2, 3], [9, 6], [2, 2], [2, 3], [1, 6], [2, 7], [1, 5], [0, 22], [3, 11], [0, 10], [1, 2], [1, 1], [1, 4], [0, 3], [-2, 5], [0, 3], [1, 9], [1, 11], [-1, 2], [-1, 0], [-1, -1], [-1, 0], [-1, 2], [0, 3], [1, 2], [2, 0], [2, 6], [0, 8], [-1, 6], [-2, 5], [-3, 13], [0, 5], [-2, 8], [-1, 1], [2, 5], [0, 9], [-1, 9], [0, 12], [-1, 4], [-2, 2], [-4, 8], [-1, 4], [3, -1], [0, 6], [-1, 5], [0, 4], [3, 1], [0, 4], [-1, 6], [-1, 4], [0, 7], [1, 1], [1, -7], [0, -3], [1, 6], [-1, 4], [1, 7], [4, 1], [0, 4], [-2, -1], [-1, 4], [1, 5], [-1, 7], [1, 3], [2, 1], [0, 6], [1, 6], [-2, 8], [0, 3], [2, 6], [1, 5], [-1, 5], [-1, 2], [-2, 6], [0, 7], [-1, 3], [-4, 5], [-1, 3], [-3, 2], [-4, 6], [-2, 4], [1, 3], [1, 0], [2, -3], [1, 1], [0, 5], [-2, -1], [-2, 4], [0, 1], [-1, 5], [2, 8], [1, 13], [-1, 6], [-1, 11], [-1, 6], [0, 3], [2, 10], [0, 8], [-1, 3], [-2, 9], [-2, 6], [-2, 7], [-1, 2], [-3, 0], [-1, 2], [-1, 5], [0, 5], [1, 5], [0, 6], [-1, 4], [-2, 0], [-3, 2], [-2, -2], [-1, 1], [-2, 5], [0, 4], [1, 4], [3, -2], [2, 7], [-1, 2], [-1, 1], [-1, 6], [-3, 5], [-1, 4], [0, 3], [1, 6], [0, 5], [1, 3], [2, 5], [1, 2], [1, 0], [1, -4], [2, 3], [-1, 3], [-2, 1], [-1, 2], [0, 7], [1, 2], [4, 1], [1, 2], [-1, 9], [0, 6], [1, 2], [2, -2], [1, 0], [1, 2], [0, 6], [1, 3], [2, 1], [1, 4], [1, 3], [0, 5], [3, 7], [0, 33], [-1, 5], [2, 5], [0, 5], [-1, 3], [-1, 1], [-2, -3], [0, -4], [-2, -3], [0, 2], [-1, 6], [-2, 7], [0, 4], [1, 10], [0, 3], [-2, 2], [0, 12], [3, 12], [0, 3], [-2, 4], [-3, -2], [-1, 1], [-1, 4], [1, 2], [2, 2], [2, 3], [1, 8], [1, 4], [2, 14], [1, 4], [2, 4], [2, 1], [3, -3], [1, 0], [2, 3], [0, 7], [1, 5], [1, 1], [2, -1], [1, -5], [0, 924], [1, 57], [0, 255], [1, 110], [0, 1408], [1, 50], [76, 0], [11, 1]], [[25626, 65506], [24, 0], [0, -1], [34, 0], [19, 1], [16, -1], [36, 0], [16, -1], [68, 0], [13, 1], [113, 0], [21, -1], [13, 0], [33, -1], [36, 1], [65, 0], [5, 1], [17, 0], [34, -1], [58, 0], [35, 1], [13, 0], [0, -75]], [[26295, 65430], [0, -98], [1, -57], [0, -1540], [-1, -51], [0, -112], [-1, -48], [0, -156], [-1, -65], [0, -451], [-1, -105], [0, -136], [-1, -8], [0, -184]], [[26291, 62419], [-3, -5], [-3, -11], [-2, -5], [-3, -12], [-3, -5], [-3, -3], [-2, -5], [-2, -9], [0, -6], [1, -4], [2, -12], [0, -2], [2, -3], [0, -4], [2, -3], [4, -19], [2, -10], [1, -8], [2, -8], [2, -10], [0, -6], [1, -8], [-1, -11], [-3, -8], [-2, -5], [-2, -9], [-3, -9], [-3, -15], [0, -4], [1, -10], [2, -9], [2, -3], [6, 0], [4, -1], [2, -2], [1, 1], [6, -10], [2, -6], [0, -16], [-1, -8], [-1, -4], [-2, -4], [-2, -8], [-3, -5], [-2, -5], [-1, -5], [0, -10], [1, -10], [2, -14], [1, -6], [1, -10], [0, -6], [-1, -3], [-2, -1], [-2, 0], [-2, 1], [-3, 4], [-4, 4], [-4, 2], [-3, 2], [-2, -1], [-3, -4], [-4, -8], [-1, -1], [-3, -6], [-2, -2], [-2, 0], [-4, 3], [-6, 1], [-2, -1], [-3, -5], [-3, -9], [-4, -8], [-2, -1], [-2, -3], [-3, -9], [-2, -3], [-4, -5], [-5, -11], [-2, -6], [-1, 0], [-2, -6], [-2, -9], [-3, -7], [-1, -5], [-3, -7], [-2, -3], [-4, -5], [-3, -3], [-1, 1], [-3, -1], [-1, 2], [-1, 0], [-3, 3], [-2, 4], [-4, 12], [-2, 14], [-1, 4], [-2, 12], [-4, 7], [-5, 5], [-3, 1], [-4, -1], [-4, -3], [-5, -4], [0, -1], [-5, -4], [-3, -1], [-2, 0], [-4, 3], [-6, 4], [-2, 0], [-2, -2], [-1, -2], [-3, -4], [0, -3], [-4, -18], [-2, -18], [0, -9], [1, -9], [3, -15], [1, -10], [0, -62], [1, -8], [2, -15], [1, -4], [2, -15], [1, -7], [0, -22], [-2, -11], [-2, -9], [-2, -5], [-4, -7], [-2, -4], [-3, -5], [-2, -10], [-1, -7], [-1, -9], [-2, -11], [-2, -10], [-3, -5], [-3, -6], [-2, -3], [-2, -2], [-5, -2], [-6, -1], [-4, -3], [-3, -6], [-2, -5], [-1, -7], [-3, -10], [-1, -14], [-2, -14], [-1, -6], [-1, -17], [-1, -9], [0, -23], [-4, -36], [-3, -12], [-2, -7], [0, -6], [-2, -5], [-6, -12], [-3, -7], [-5, -9], [-2, -6], [-2, -2], [-1, 0], [-4, 6], [-1, 6], [0, 4], [-2, 6], [-1, 0], [-1, 3], [-2, 0], [-2, -1], [-1, -3], [-5, -2], [-2, -3], [-2, -5], [-1, -13], [-1, -8], [0, -22], [-2, -9], [-2, -11], [-1, -4], [-5, -13], [-3, -12], [-3, -14], [-2, -13], [-1, -10], [-1, -11], [0, -31], [1, -24], [0, -30], [-2, -13], [0, 1], [-1, -11], [0, -17], [-1, -8], [0, -11], [-2, -16], [-4, -13], [-2, -3], [-1, 0], [-3, -2], [-3, 0], [-1, 1], [-5, -4], [-4, -2], [-3, -3], [-1, -2], [-2, -5], [-1, -7], [0, -24], [-1, -5], [-1, -1], [-1, 1], [-1, 3], [-2, 7], [-2, 9], [-1, 7], [-1, 4], [-2, 16], [-2, 8], [-3, 4], [-3, 5], [-3, 3], [-2, 1], [-4, -1], [-3, -1], [-1, -3], [-3, -3], [-2, 0], [-2, 1], [-3, 6], [-7, 11], [-1, 3], [-2, 7], [-2, 4], [0, 3], [-4, 7], [-3, 5], [-3, 8], [-1, 6], [-2, 28], [0, 17], [1, 10], [1, 9], [0, 9], [1, 8], [-1, 6], [0, 4], [-4, 20], [-2, 7], [-3, 6], [-4, 6], [-3, 9], [0, 1], [-3, 8], [-2, 7], [-2, 3], [-3, 0], [-2, -5], [-1, -6], [-1, -10], [1, -8], [0, -4], [1, -6], [2, -4], [3, -2], [3, 0], [4, -4], [1, -2], [1, -4], [0, -15], [-1, -5], [-3, -6], [-3, -1], [-3, 2], [-5, 2], [-1, -2], [-2, -5], [-1, -9], [-1, -7], [-1, -5], [-1, -3], [-1, 1], [-1, 7], [-4, 12], [-3, 6], [-2, 1], [-2, 0], [-2, -3], [-3, -9], [0, -15], [1, -6], [1, -5], [3, -3], [3, -4], [2, -6], [0, -10], [-1, -11], [-1, -6], [-3, -9], [-2, -4], [-3, -3], [-5, -1], [-4, 0], [-3, -1], [-2, -3], [-1, -3], [-1, -13], [0, -12], [-1, -16], [1, -24], [0, -20], [1, -11], [0, -5], [2, -6], [1, -6], [1, -7], [0, -7], [-1, -5], [-3, -5], [-4, -6], [-2, 0], [-2, 1], [-1, 2], [-4, 3], [-1, 0], [-2, 1], [-2, -1], [-1, -1], [-2, -7], [-1, -5], [0, -50], [-2, -11], [-1, -3], [-5, -10], [-3, -5], [-3, -2], [-1, 1], [-1, 3], [-1, 7], [-1, 8], [1, 5], [1, 10], [2, 19], [1, 10], [0, 14], [-1, 4], [-3, 3], [-4, 2], [-2, 0], [-1, -2], [-1, -4], [-2, -4], [-4, -11], [-2, -4], [-1, -1], [-3, 2], [0, 1], [-3, 8], [-4, 22], [0, 3], [-4, 21], [-1, 7], [-1, 5], [0, 5], [-1, 5], [-1, 9], [-1, 13], [-2, 11], [-2, 4], [-2, 5], [-1, 2], [-2, 1], [-1, -1], [-2, -5], [-4, -4], [-2, -3], [-2, -5], [-2, -6], [0, -3], [-2, -7], [-1, -1], [-2, -6], [-1, -8], [-3, -12], [-2, -5], [-1, -1], [-4, -8], [-2, 0], [-4, -2], [-4, -1], [-2, 1], [-2, -2], [-7, -9], [-3, -6], [-5, -11], [-1, -4], [-3, -10], [-1, -8], [1, -6], [0, -23], [-1, -13], [-2, -31], [-2, -9], [1, 0], [-1, -9], [-2, -12], [-2, -8], [-4, -9], [-4, -4], [-2, -1], [-2, 0], [-2, 4], [-2, 8], [0, 11], [-1, 8], [-1, 7], [-4, 22], [-1, 6], [-2, 3], [-1, 0], [-2, -1], [-8, 4], [-4, 5], [-5, 11], [-4, 10], [-2, 3], [-2, 9], [-1, 2], [-3, 7], [-2, 6], [-3, 7], [-3, 6], [-3, 5], [-3, 3], [-2, 0], [-2, 3], [-2, 7], [-1, 4], [-1, 1], [-3, 9], [0, 3], [-4, 7], [-3, 3], [-3, 4], [-2, 2], [-3, -1], [-1, 1], [-3, -1], [-3, -3], [-4, -9], [-2, -5], [-2, -7], [-5, -15], [-3, -5], [-1, -1], [-3, 9], [-3, 3], [-4, 9], [-3, 5], [-2, 9], [-1, 7], [-1, 8], [0, 4], [-1, 0], [0, 16], [-1, 5], [-1, 4], [-1, 2], [-2, 0], [-2, -5], [-1, -5], [0, -20], [-2, -5], [-3, -10], [1, 2], [0, -5], [-1, -3], [-1, -1], [0, -18], [1, -4], [0, -2], [1, -5], [3, -6], [2, -5], [2, -8], [2, -5], [1, -8], [0, -7], [-1, 1], [-1, -11], [0, -6], [-1, -6], [-1, -5], [-5, -20], [-3, -3], [-4, -3], [-4, 0], [-4, 2], [-1, 2], [-2, 8], [-1, 12], [1, 11], [1, 5], [0, 4], [3, 18], [0, 19], [-2, 6], [-3, 3], [-3, -6], [-5, -6], [-3, -1], [-3, 2], [-1, 0], [-6, -3], [-3, -6], [-4, -10], [-3, -3], [-4, 0], [-6, 1], [-1, 1], [-1, 3], [-1, 5], [-1, 4], [0, 7], [-3, 8], [-2, 11], [-1, 7], [-2, 8], [-2, 4], [-3, 2], [-1, 0], [-2, -3], [-2, -4], [-4, -17], [0, -4], [-3, -9], [-1, -6], [0, -4], [-1, -9], [1, -11], [3, -15], [3, -8], [2, -9], [0, -3], [1, -3], [0, -14], [1, -10], [0, -5], [-1, -6], [-2, -4], [-5, -7], [-1, -3], [0, -6], [-1, -3], [0, -4], [-2, -12], [-1, -2], [-1, -1], [-2, 2], [-3, 9], [-1, 5], [-7, 16], [-1, 1], [-3, 2], [-1, 0], [-3, -3]], [[30976, 38089], [0, 10], [1, 6], [3, 15], [3, 7], [2, 5], [3, 3], [3, 0], [2, -1], [3, -4], [3, -7], [2, -8], [2, -11], [1, -9], [1, -11], [2, -3], [2, 3], [1, 3], [4, 2], [3, -1], [2, -3], [3, -4], [2, -7], [4, -16], [2, -9], [1, -10], [1, -6], [1, -8], [0, -10], [1, -10], [0, -28], [-2, -18], [-2, -10], [-3, -17], [-2, -11], [-2, -8], [-3, -7], [-6, -12], [-3, -3], [-1, 0], [-1, -1], [-2, 0], [-1, 1], [-3, -1], [-4, 4], [-2, 4], [-1, 3], [-1, 2], [-2, 2], [-2, 6], [-3, 6], [-2, 6], [-1, 5], [-3, 8], [-2, 8], [-1, 7], [-2, 12], [0, 11], [-1, 14], [0, 6], [1, 7], [1, 11], [1, 5], [0, 14], [-2, 9], [-1, 7], [0, 42]], [[31103, 38339], [0, 12], [1, 12], [4, 18], [2, 6], [3, 6], [4, 6], [3, 1], [2, 0], [3, -3], [3, -6], [3, -8], [5, -20], [1, -9], [0, -10], [1, -12], [0, -8], [-1, -8], [-2, -14], [-1, -8], [-2, -7], [-2, -6], [-3, -6], [-1, -3], [-4, -3], [-2, 0], [-4, 2], [-2, 4], [-3, 7], [-3, 9], [-1, 5], [-2, 11], [-2, 12], [0, 20]], [[31442, 37748], [-5, 0], [-2, -1], [-2, 0], [-3, -4], [1, 0], [-2, -4], [-3, -1], [-3, 1], [-4, 3], [-3, 6], [-2, 5], [-3, -10], [-2, -2], [-3, -2], [-2, 0], [-1, -7], [-2, -8], [-2, -6], [-3, -5], [-1, -1], [-1, -4], [-2, -5], [-3, -4], [-2, -3], [-2, -2], [-2, 1], [-3, 2], [-3, 3], [-2, 5], [-2, 6], [-1, 7], [-2, 12], [-1, 7], [0, 24], [1, 7], [1, 9], [2, 12], [-2, -3], [-2, -1], [-1, -1], [-2, 1], [-2, 2], [-3, 5], [-1, -2], [-5, -2], [-1, 0], [-1, -4], [-2, -5], [-4, -7], [-2, -1], [-3, 0], [-4, 6], [-3, 8], [-1, 4], [-3, -1], [-3, 3], [-1, 3], [-2, -2], [-1, 0], [-4, 3], [-1, -3], [-3, -1], [-2, 1], [-1, 1], [-3, -8], [-2, -3], [-2, -4], [-1, 0], [-2, -3], [-2, -1], [-3, -1], [-1, -2], [-3, -4], [-4, -3], [-3, 0], [-3, 3], [-1, -6], [-1, -4], [-2, -7], [-3, -4], [-2, -1], [-4, 4], [-1, -1], [-3, -1], [-3, 1], [-1, 2], [-3, -1], [-6, 7], [0, -1], [-2, 3], [-1, -1], [-2, -1], [-2, 1], [-2, 2], [-3, 0], [-2, 2], [-2, 4], [-2, 0], [-4, 1], [-2, 2], [-3, -1], [-2, 2], [-3, 0], [-6, 3], [-2, 3], [-1, -7], [-3, -6], [-1, -4], [-3, -4], [-4, -1], [-2, 0], [-2, 1], [-3, 3], [-2, 5], [-4, 12], [-1, 4], [-1, 8], [-1, 0], [-2, 5], [-1, 9], [-2, 7], [-1, 10], [0, 37], [-1, 12], [1, 13], [1, 18], [1, 9], [-1, 14], [0, 15], [1, 13], [1, 9], [-1, 11], [-1, 10], [0, 11], [1, 13], [1, 10], [1, 6], [1, 4], [3, 4], [0, 17], [-1, 8], [1, 11], [0, 36], [2, 13], [3, 20], [1, 5], [0, 2], [-2, 14], [-1, 8], [-1, 9], [0, 8], [-2, 1], [-3, 3], [-4, 7], [-2, 6], [-2, 7], [-2, 10], [-1, 7], [-2, 17], [-2, 16], [-1, 9], [-2, 11], [-1, 8], [-1, 10], [-1, 17], [0, 18], [2, 18], [2, 10], [2, 5], [3, 7], [3, 5], [8, 8], [4, 9], [4, 8], [4, 10], [-1, 11], [-2, 12], [-1, 17], [0, 25], [2, 0], [0, 7], [3, 15], [1, 8], [3, 9], [4, 14], [2, 6], [2, 5], [4, 4], [2, 3], [4, 3], [2, 3], [4, 3], [4, 1], [5, 0], [5, -2], [2, -1], [8, -3], [4, -3], [1, -2], [0, -2], [1, -2], [3, -5], [1, -3], [2, -2], [2, -3], [4, -3], [0, -1], [3, 0], [3, -1], [7, -7], [1, 2], [0, 4], [5, 4], [5, 1], [4, 0], [4, -3], [4, 4], [5, 0], [5, -1], [5, -3], [2, -2], [5, -10], [3, -4], [2, 3], [2, 0], [1, 2], [3, 2], [2, 4], [3, 3], [2, 1], [3, 0], [1, 1], [1, 0], [2, 2], [4, 2], [4, 1], [3, -2], [2, 1], [3, -1], [3, -3], [3, 2], [5, -2], [5, -3], [2, -2], [2, 0], [3, -2], [5, -6], [5, -5], [3, 9], [4, 8], [4, 2], [2, -1], [1, 2], [4, 2], [7, 0], [3, -3], [1, 0], [2, -1], [2, 1], [5, 0], [3, -3], [3, -5], [2, -4], [3, -3], [2, 0], [3, -1], [1, 2], [3, 1], [3, 0], [5, -4], [2, -3], [3, 0], [3, -2], [3, 4], [2, 1], [4, 0], [2, -1], [7, 0], [5, -1], [3, -3], [1, 0], [2, -3], [1, 0], [4, 1], [3, -2], [2, -1], [2, 1], [3, 0], [3, -1], [1, -1], [4, -5], [2, -1], [3, 4], [4, 2], [6, -5], [4, -5], [3, -6], [4, -2], [5, 5], [2, 0], [2, -1], [3, -2], [4, -4], [2, -7], [3, -7], [2, 1], [5, -3], [4, -3], [4, -6], [1, -1], [3, 0], [3, -1], [6, -4], [2, -4], [0, -6], [2, -1], [3, -4], [2, -7], [3, -8], [1, -10], [3, -4], [2, -5], [3, -10], [1, -4], [1, 4], [3, 7], [2, 1], [1, 8], [2, 7], [2, 4], [2, 5], [2, 2], [5, -4], [5, -5], [6, -9], [5, -8], [6, -11], [5, -10], [5, -8], [3, -3], [0, -3], [2, -1], [3, -5], [2, 1], [3, -1], [6, -3], [1, 12], [2, 6], [1, 5], [2, 5], [2, 4], [3, 3], [2, 0], [4, -2], [3, -5], [3, -7], [2, -1], [5, -10], [1, -5], [3, -9], [4, -1], [3, 4], [4, 2], [3, 5], [4, 2], [2, -1], [2, -2], [2, -3], [2, -4], [2, -8], [2, -6], [1, -8], [1, -7], [1, -8], [1, -11], [1, -9], [1, -8], [1, -23], [0, -12], [-1, -11], [-1, -8], [-3, -18], [-1, -15], [-1, -6], [-2, -6], [-3, -8], [-4, -7], [-5, 0], [-3, 3], [-2, -8], [-3, -3], [-4, -3], [-3, 2], [-3, 3], [-2, 5], [-1, 5], [-2, 7], [-2, -1], [-2, 1], [-2, 4], [-4, 6], [-1, 5], [-2, 8], [-1, 3], [-2, 2], [-6, 9], [-2, 7], [-1, 5], [-2, 5], [-1, -1], [-3, 0], [-3, 2], [-4, 1], [1, -11], [1, -10], [0, -8], [-1, -9], [0, -7], [-4, -24], [-4, -10], [-3, -3], [0, 2], [-4, -1], [-2, -4], [-4, -2], [-2, -9], [-1, -6], [-1, -9], [-2, -15], [5, 14], [1, 5], [3, 9], [4, 6], [5, 3], [1, 3], [3, 2], [4, 2], [4, -4], [3, -6], [2, -6], [2, 0], [5, 3], [3, 1], [11, -6], [2, -1], [2, -3], [3, -4], [3, 0], [1, -2], [2, 2], [3, -3], [3, 1], [2, -1], [2, -2], [2, -3], [4, -7], [2, -11], [2, -3], [1, -5], [2, -6], [1, -6], [2, -20], [0, -24], [-1, -7], [-1, -13], [-2, -8], [-2, -7], [-4, -10], [-1, -2], [-2, -2], [-3, 0], [-2, -4], [-2, -3], [-3, -3], [-2, -1], [-2, 0], [-2, -5], [-2, -2], [-2, -3], [-3, -2], [-2, 1], [-3, -4], [-3, -3], [-4, 0], [-1, 1], [-3, -9], [-3, -4], [-2, -2], [-2, -1], [-1, -4], [-5, -4], [-2, 0], [-2, 2], [-2, -1], [-2, 0], [-3, 2], [-2, 4], [-1, -1], [-1, -3], [-3, -7], [-5, -5], [-5, 0], [-2, 2], [-4, 6], [-1, 2], [-4, 5], [-6, 20], [-3, 14], [-1, 8], [-1, 7], [0, 7], [-1, 11], [0, 35], [1, 6], [1, 13], [1, 4], [1, 7], [-10, -25], [-4, -6], [-3, -2], [-3, 0], [-4, -16], [-4, -7], [0, -5], [-1, -13], [-3, -18], [-2, -5], [0, -10], [-1, -6], [-1, -8], [-1, -11], [-1, -6], [-2, -10], [-4, -7], [-2, -3], [0, -18], [-2, -16], [-2, -14], [-2, -7], [-2, -4], [-3, -5], [-2, -1], [-2, -10], [-3, -10], [-2, -5], [-4, -4], [-3, 0], [-3, -6], [-3, -5], [-3, -4], [-3, -3], [-6, -2], [-4, 1], [-4, 2], [-2, -11], [-6, -18], [-2, -3], [-3, -2], [-6, 2], [-2, 3], [-2, 2], [-2, 4], [-4, 9], [-4, -16], [-3, -9], [-3, -8], [-4, -5], [-6, 0], [-5, 1], [-4, 4], [-1, -4], [-3, -7], [-5, -10], [-2, -2], [-2, -1], [-4, 1], [-4, 3], [-4, 7], [-1, 2], [-2, 6], [-6, 4], [-4, -4], [-2, -1]], [[23021, 70357], [0, -18], [-1, -3], [-1, -6], [2, -1], [-1, -11], [0, -16], [-1, -2], [0, -18], [-1, -4], [0, -27], [-1, -7], [0, -14], [-1, -7], [-2, -5], [-2, -4], [-2, -7], [-3, -15], [-3, -6], [-1, -6], [0, -4], [-2, -2], [0, -4], [-1, -2], [0, -6], [-1, -9], [-3, -15], [-2, -9], [-3, -8], [-4, -7], [-4, -5], [-3, -5], [-11, -22], [-2, -11], [-1, -3], [-4, -7], [-5, -12], [-3, -4], [-5, -11], [-1, -5], [-2, -1], [-1, -5], [-2, -9], [-2, -17], [0, -12], [-1, -6], [-1, -5], [10, -35], [6, -23], [2, -6], [2, -11], [2, -6], [2, -8], [0, -3], [2, -7], [3, -21], [2, -16], [1, -9], [1, -7], [1, -9], [1, -12], [2, -6], [4, -17], [2, -10], [2, -8], [2, -7], [3, -6], [2, 0], [3, -1], [3, 1], [2, -2], [2, 2], [3, -2], [1, 0], [6, -6], [4, -9], [2, -4], [3, -4], [6, -9], [4, -3], [3, -3], [1, -4], [4, -8], [4, -10], [1, -7], [1, -6], [0, -6], [3, -18], [1, -7], [1, -6], [2, -8], [0, -4], [1, -3], [0, -2093]], [[23052, 67527], [-41, 0], [0, -5], [1, -3], [2, 2], [0, -4], [1, -2], [0, -7], [1, -1], [0, -3], [-1, -2], [1, -5], [-1, -3], [1, -6], [-2, -2], [-1, -3], [0, -4], [-2, -2], [0, -6], [-1, -3], [2, -8], [0, -2], [1, -5], [0, -4], [1, -2], [1, 1], [3, -1], [1, -5], [-1, -9], [2, -3], [1, -4], [1, -1], [0, -3], [2, -6], [1, -1], [1, -4], [0, -3], [1, -2], [1, 1], [0, -2], [2, 0], [1, 3], [1, -2], [0, -6], [1, -5], [-1, -5], [1, -2], [-1, -1], [1, -5], [0, -4], [-1, 1], [-1, -5], [-1, 0], [1, -7], [0, -8], [1, -3], [-1, -5], [1, -2], [-1, -5], [-1, -1], [0, -4], [-1, -2], [1, -5], [0, -4], [1, -5], [-1, -5], [2, -1], [-1, -6], [1, -2], [0, -3], [-1, -1], [0, -4], [-1, -1], [0, -6], [-2, -1], [-1, -4], [-3, -3], [0, 4], [-2, 0], [-1, -2], [-2, 2], [-1, 3], [-2, -1], [-2, -2], [0, -4], [3, 4], [0, -4], [-1, -4], [1, -6], [0, -7], [-1, -4], [-1, 2], [0, -10], [3, 0], [1, -6], [2, -3], [3, -2], [0, -8], [1, -4], [-1, -1], [-2, -4], [-1, 1], [-2, -6], [1, -3], [0, -6], [1, -2], [1, -8], [1, 4], [2, 1], [3, -2], [1, 2], [2, -3], [0, -1], [2, -4], [0, -2], [1, -1], [1, 1], [1, -2], [1, 6], [1, -2], [2, 4], [2, -1], [1, 1], [2, -2], [1, -5], [-1, -6], [2, -6], [0, -3], [-1, -2], [1, -8], [-1, -7], [1, -6], [0, 1], [2, -4], [0, -2], [-1, -8], [0, -14], [-1, -4], [2, -3], [0, -3], [-1, -2], [0, -5], [2, 2], [0, -6], [1, 0], [2, -2], [2, -10], [0, -9], [1, -4], [0, -10], [-2, -5], [0, -5], [-1, -2], [0, -3], [-1, 0], [0, -4], [-2, -2], [-1, -3], [0, -4], [2, -2], [1, -6], [-1, -2], [0, -6], [-1, -9], [0, -4], [-2, -3], [-2, 2], [-1, -1], [-3, -10], [0, -3], [-4, -4], [-2, 2], [-1, -7], [0, -4]], [[23035, 66993], [-2, -1], [0, -2], [2, 3]], [[23035, 66993], [1, -3], [0, -7], [-1, -2], [1, -7], [3, -6], [0, -3], [1, -1], [1, -6], [0, -6], [-1, -8], [-3, -2], [-2, -6], [1, -1], [-1, -6], [-1, -2], [0, -2], [-1, -3], [1, -8], [2, -1], [1, -1], [1, -3], [0, -8], [1, -4], [-1, -1], [-1, -3], [-1, -1], [1, -5], [-1, -5], [-1, 0], [-2, -7], [1, -4], [0, -3], [-1, -1], [0, 3], [-1, 1], [-1, -3], [-2, -7], [1, -3], [-1, -2], [-1, 3], [-1, -3], [0, -4], [1, -1], [0, -12], [1, -3], [-2, -2], [1, -5], [1, 2], [2, -4], [0, -5], [1, -1], [-1, -2], [-2, 0], [-1, -2], [0, -3], [-1, -3], [1, -6], [-1, -4], [-1, -1], [-1, -6], [1, -2], [0, -4], [-1, 0], [0, -3], [1, -1], [0, -4], [1, 3], [0, -2], [-1, -9], [-1, 1], [0, -4], [-1, 2], [-1, -1], [1, -6], [1, -3], [-1, -6], [-1, 1], [-1, 4], [-1, -4], [0, -10], [-2, 8], [1, 3], [-2, 1], [0, -3], [-1, -1], [0, 3], [-1, 0], [0, -4], [1, -7], [-1, -4], [-1, -1], [0, -5], [-1, -1], [0, -3], [-2, -1], [0, -5], [2, -3], [-1, -6], [0, -2], [-1, -5], [-1, 3], [0, -3], [1, -4], [0, -2], [-2, 0], [0, -10], [-1, 1], [-1, -2], [0, 2], [-1, -2], [-1, 3], [-1, -1], [0, -8], [-1, -2], [0, -4], [-1, 0], [-1, -3], [0, 2], [-1, -3], [1, 0], [0, -4], [-1, 0], [3, -13], [1, 5], [0, -6], [-1, 0], [-1, -3], [0, -3], [-1, -4], [1, -1], [-1, -1], [-1, -2], [1, -5], [0, -2], [-2, 3], [0, -4], [2, -2], [1, -3], [-2, -5], [1, -2], [1, 2], [1, 0], [0, -5], [-1, -4], [1, -3], [0, -5], [-1, -2], [0, -5], [1, -1], [0, 4], [2, -9], [1, -1], [1, 4], [1, 0], [1, -5], [-2, 0], [0, -3], [1, -1], [2, 5], [1, -5], [1, 0], [-1, -4], [1, -2]], [[23013, 66585], [-2, -1], [0, -2], [2, 0], [0, 4], [2, -1], [0, -8], [2, 1], [1, -3], [-1, -4], [2, 2], [-1, -6], [-1, -2], [2, -1], [0, 4], [1, 2], [1, -6], [1, -3], [1, -6], [-1, -1], [0, -6], [2, 1], [2, 3], [1, -1], [1, -5], [0, -11], [2, -5], [1, -1], [1, -8], [1, 0], [1, -4], [1, -3], [0, -4], [-1, -6], [-1, -2], [-2, 0], [-1, -3], [1, -6], [1, -1], [1, 8], [2, 0], [1, -4], [2, -9], [1, -13], [-1, -4], [1, -2], [2, -1], [0, -2], [-1, -3], [0, -4], [1, -4], [2, -1], [0, -3], [-4, -15], [1, -4], [1, -1], [2, 1], [2, -1], [0, -24], [-1, -7], [0, -6], [-3, -5], [0, -5], [1, -5], [1, -1], [2, 0], [1, -8], [-1, -7], [0, -9], [1, -1], [1, 3], [2, -1], [2, 2], [2, -2], [1, 0]], [[23054, 66354], [-4, -5], [-1, -3], [-3, -4], [-2, -1], [-2, 1], [-4, 3], [-2, 4], [-2, 9], [-1, 12], [-1, 6], [-2, 6], [-2, 4], [-3, 3], [-2, -1], [-3, -3], [-1, -2], [-4, -9], [-2, -3], [-3, -1], [-2, 2], [-4, 8], [-2, 13], [0, 18], [-1, 9], [-1, 5], [-1, 7], [-1, 3], [-3, 7], [-5, 6], [-2, 3], [-1, 6], [-4, 15], [-2, 8], [-1, 10], [0, 11], [1, 9], [4, 20], [1, 2], [1, 7], [0, 4], [-1, 3], [-2, 4], [-9, 9], [-2, 0], [-3, -1], [-1, -2], [-4, -3], [-3, 1], [-5, 4], [-2, 4], [0, 34], [-1, 6], [-4, 4], [-3, 1], [-4, 4], [-5, 10], [-3, 4], [-3, 1], [-2, 1], [-3, 7], [-2, 2], [-3, -2], [-3, -7], [-1, -2], [-1, -5], [-5, -1], [-2, 2], [-1, 5], [0, 5], [1, 9], [0, 6], [-2, 14], [-3, 7], [-1, 1], [-2, -2], [-7, 2], [-3, 2], [-2, 4], [-5, 5], [-4, 2], [-1, 0], [-4, -2], [-3, -1], [-6, 0], [-4, 2], [-1, 4], [-1, 5], [0, 5], [-2, 8], [-1, 6], [-4, 7], [-2, 2], [-2, 0], [-3, 2], [-3, 1], [-1, 1], [-2, 3], [-1, 3], [0, 12], [-1, 9], [0, 18], [-1, 2], [-3, 5], [-5, 5], [-1, 0], [-3, -3], [-2, 0], [-2, 1], [-3, 2], [-3, 10], [-2, 4], [-2, -5], [-2, -1], [-2, -2], [0, -3], [-3, -3], [-3, 0], [-2, -1], [-1, 0], [-2, 4], [-2, 6], [0, 2], [-5, -1], [-2, 1], [-2, 4], [-3, -3], [-1, -6], [-1, -5], [-2, -7], [-2, -4], [-3, -1], [-2, 1], [-1, 3], [-3, 1], [-3, 0], [-2, 1], [-2, 2], [-1, 5], [-1, 1], [-2, -4], [-3, -3], [-6, -4], [-5, -1], [-5, 3], [-3, 4], [-4, 5], [-2, 0], [-2, -2], [-4, -6], [-4, -5], [-3, -3], [-3, -2], [-5, -1], [-4, 2], [-5, 4], [-8, 3], [-4, -1], [-3, 1], [-4, 4], [-4, 6], [-4, 4], [-2, 7], [-2, 1], [-4, -1], [-6, -6], [-2, -4], [-1, -6], [1, -7], [-1, -5], [0, -8], [-2, -11], [-1, -12], [-1, -6], [-3, -15], [-2, -5], [-1, -5], [-2, -2], [-1, -5], [-3, -10], [-3, -6], [-2, -2], [-2, 0], [-4, 1], [-3, -2], [-1, -3], [-1, 0], [-2, -2], [-1, 1], [-3, -2], [-6, 2], [-2, 4], [-2, 1], [-2, 2], [-1, 3], [0, 9], [-2, 6], [-4, 10], [-2, 3], [-2, 4], [-1, 3], [-2, 9], [-6, 12], [-2, 13], [-3, 9], [-4, -4], [-3, 0], [-5, 6], [-4, 6], [-4, 7], [-3, 9], [-5, 9], [0, 4], [-3, 3], [-6, 0], [-5, 6], [-8, 8], [-2, 6], [0, 5], [-2, 6], [-5, 7], [-4, 7], [-4, 6], [-3, 5], [-2, 4], [-4, 7], [-3, -1], [-2, -4], [-2, 3], [0, 5], [-6, 15], [-3, 19], [-3, 16], [-2, 12], [-1, 12], [-222, 0], [-14, -1], [0, 1], [-10, -1], [-6, 1], [-19, -1], [-17, 1], [-28, -1], [-43, 0], [-17, 1], [-8, -1], [-3, 1], [-20, 0], [-1, -1], [-16, 1], [-72, 0], [-48, 1], [-17, 0], [-6, -1], [-82, 0], [-16, -1], [-16, 1], [-26, -1], [-94, 0], [-20, -1], [-9, 1], [-25, -1], [-18, -1], [-22, 1], [-13, 1], [-5, 0], [-24, 2], [-160, 0], [-12, 1], [-138, 0], [-30, 1], [-89, 0], [-13, -1], [-7, 0], [-8, 1], [-13, 0], [-14, -1], [-14, 1], [-83, 0], [-4, 1], [-7, 0], [-18, -2]], [[20935, 66946], [0, 2224], [-1, 95], [0, 2]], [[20934, 69267], [5, 1], [0, 709], [-1, 13], [0, 379]], [[20938, 70369], [408, 0], [8, -1], [14, 1], [48, 0], [12, -1], [9, 1], [19, -1], [19, 0], [5, 1], [15, -1], [126, 0], [19, -1], [6, 1], [12, -1], [11, 0], [13, 1], [2, -1], [22, 0], [10, 1], [2, -1], [232, 0], [9, -1], [19, 1], [4, -1], [13, 0], [24, -1], [6, 1], [4, -1], [45, 0], [19, -1], [86, 0], [27, -1], [123, 0], [24, -1], [26, 0], [31, -1], [27, 0], [17, -1], [20, 0], [21, -1], [11, 0], [28, -1], [162, 0], [23, -1], [55, 0], [6, 1], [40, 0], [17, -1], [16, 1], [54, 0], [8, -1], [14, 1], [50, 0], [22, -1], [20, 0]], [[19545, 59971], [0, 474], [1, 60], [0, 823], [-4, 101], [-1, 26], [0, 555], [1, 52], [1, 88], [0, 269], [1, 44], [0, 398], [-1, 38], [0, 81], [1, 74], [0, 1080], [1, 34], [-1, 35], [0, 419]], [[19544, 64622], [72, 0], [14, -1], [31, 1], [1, -1], [30, 0], [5, 1], [35, -1], [34, 1], [20, 0], [15, 1], [10, 0], [12, 1], [158, 0], [31, 1], [137, 0], [5, -1], [30, 1], [35, -1], [52, 0], [11, -1], [4, 0], [11, -2], [9, -1], [18, -1], [24, 0], [12, -1], [138, 0], [34, 1], [70, 0], [0, 1], [27, -1], [83, 0], [5, 1], [11, 1], [34, 1], [14, 1], [115, 0], [11, 1], [3, -1], [21, 0], [6, 1], [3, -1]], [[20935, 64623], [9, 1], [14, -1], [58, 0], [21, 1], [5, -1], [38, 0], [13, 1], [11, -1], [10, 1], [379, 0], [0, -1161]], [[21493, 63463], [0, -680], [1, 0], [-1, -50], [1, -1], [0, -582], [1, -19], [0, -1253], [1, -96], [0, -465], [-1, -82], [1, -5], [0, -104], [-1, -98], [1, -56], [-1, -8]], [[21495, 59964], [-23, 1], [-23, 0], [-16, 1], [-50, 0], [-15, 1], [-55, 0], [-15, 3], [-18, 2], [-17, 0], [-17, -1], [-14, 0], [-4, 2]], [[21228, 59973], [-28, 0], [-21, -1], [-86, 0], [-20, -1], [-18, 0], [-22, -1], [-24, 0], [-12, -1], [-24, 0], [-25, -1], [-9, 0], [-24, -1], [-25, -1], [-10, 0], [-19, -1], [-68, 0], [-3, 1], [-14, 0], [0, -1], [-104, 0], [-8, -1], [-7, 1], [-4, 0], [-15, 2], [-140, 0], [-1, 1], [-22, 0], [-12, -1], [-101, 0], [-15, -1], [-19, 0], [-26, -1], [-47, 0], [-34, -1], [-70, 0], [-2, 9], [-26, 0], [-34, -1], [-64, 0], [-20, 1], [-36, 0], [-31, -1], [-10, 0], [-31, 1], [-17, -1], [-197, 0], [-39, -1], [-99, 0]], [[28806, 63136], [-66, 0], [-21, -1], [-134, 0], [-3, -1], [-2, 1], [-52, 0], [-19, -1], [-10, 0], [-12, 1], [-15, -1], [-177, 0], [-12, 1], [-24, 0], [-14, 1], [-35, 0], [-26, 1], [-6, -1], [-4, 1], [-11, -1], [-7, 0], [-21, 1], [-258, 0], [-27, -1], [-43, 0], [-11, -1], [-17, 0]], [[27779, 63135], [-290, 0], [0, 827], [1, 34], [-1, 14], [0, 192]], [[27489, 64202], [0, 1962]], [[27489, 66164], [6, 3], [11, 8], [12, 7], [11, 8], [12, 7], [23, 15], [13, 7], [22, 15], [7, 5], [5, 3], [5, 7], [13, 20], [5, 8], [15, 25], [13, 20], [7, 11], [19, 32], [12, 18]], [[27700, 66383], [0, -601], [141, 0], [27, 1], [30, 0], [25, -1], [15, -1], [35, 0], [23, 1], [21, 2], [23, -1], [96, 0], [5, 1], [16, 0], [22, -1], [17, -1], [11, 0], [13, -1], [20, 1], [32, 0], [17, 1], [23, 0], [15, 1], [32, 0], [25, -1], [56, 0], [39, 2], [21, 1], [39, 0], [45, -2], [13, -1], [27, -1], [152, 0], [18, -1], [19, 0], [20, 1], [38, 0], [33, 1], [22, 0], [1, -2], [3, -4], [1, -2], [1, -6], [0, -4], [-1, -10], [0, -4], [3, -4], [1, -4], [2, -6], [1, -7], [2, -6], [2, -1], [0, 4], [1, 4], [2, -1], [0, -9], [1, -4], [1, -1], [2, -4], [0, -19], [3, -17], [0, -5], [-2, -8], [1, -10], [2, -4], [1, -8], [0, -3], [-1, -5], [0, -6], [1, -4], [3, 1], [1, 5], [1, 0], [3, -9], [1, -2], [1, 1], [1, 4], [1, 7], [3, 2], [2, 0], [1, -2], [2, -8], [0, -1], [2, 5], [0, 5], [1, 4], [2, -1], [0, -15], [1, -8], [2, -3], [2, 0], [1, 3], [2, 1], [3, -8], [2, 1], [2, -1], [1, -4], [0, -7], [-1, -10], [1, -6], [3, -4], [2, -5], [1, -3], [1, 0], [2, 4], [1, 0], [1, -1], [0, -10], [-1, -7], [-1, -3], [-1, -1], [-1, 1], [-2, -1], [-2, -8], [0, -4], [-1, -14], [0, -3], [1, -3], [2, -1], [4, 4], [1, 0], [1, -3], [2, -3], [3, -12], [0, -34], [1, -8], [0, -8], [-1, -2], [-3, 2], [-1, -1], [0, -3], [1, -5], [1, -6], [2, -6], [0, -8], [1, -9], [-2, -6], [0, -8], [1, 0], [1, -7], [0, -14], [1, -5], [-1, -5], [2, -22], [0, -6], [-1, -2], [-2, 3], [-2, -2], [0, -8], [-2, 0], [-2, -2], [0, -3], [2, -7], [2, -10], [2, -3], [2, -5], [1, -11], [1, -6], [2, -5], [1, 0], [3, -15], [1, -6], [-1, -4], [-2, -4], [0, -6], [1, -2], [1, -1], [3, -6], [1, -4], [1, -7], [-1, -7], [0, -4], [1, -1], [2, 2], [2, 0], [1, -5], [0, -7], [-1, -14], [0, -4], [1, -4], [4, -3], [3, -1], [3, 5], [1, 3], [3, -1], [2, -5], [1, -1], [1, 0], [1, -1], [1, -4], [1, -14], [3, -3], [2, -3], [0, -5], [-2, -6], [0, -8], [2, -1], [3, 1], [4, 6], [3, -2], [2, -4], [3, -10], [1, 0], [1, 1], [1, 6], [2, 4], [1, 3], [2, -1], [1, -4], [2, -18], [2, -2], [2, 2], [2, 4], [3, -4], [2, 2], [1, 4], [3, 3], [1, -1], [1, -5], [0, -4], [-1, -8], [-1, -7], [0, -4], [2, -9], [2, -3], [2, -1], [1, -2], [1, -5], [2, -12], [1, -4], [2, -6], [1, -5], [1, -4], [-2, -5]], [[29111, 65037], [-1, -3], [-3, -3], [-2, -4], [-3, -3], [-7, 0], [-1, -1], [-1, -7], [-1, -10], [-1, -3], [-2, -4], [-3, -1], [-2, -1], [-1, -4], [1, -7], [0, -3], [-8, -20], [-3, -8], [0, -4], [-2, -7], [0, -7], [-2, -11], [0, -9], [-1, -4], [-2, -1], [-1, -7], [-1, -8], [-1, -5], [0, -6], [2, -6], [0, -4], [-2, -15], [-2, -10], [-1, -8], [0, -5], [-1, -6], [-2, -9], [-3, -7], [0, -3], [-1, -6], [-1, -5], [-4, -16], [-1, -5], [-2, -4], [-3, -5], [-1, -4], [0, -4], [-3, -6], [-2, -3], [-3, -2], [-1, -3], [-2, -13], [-2, -11], [1, -2], [1, 0], [4, 8], [1, 0], [0, -10], [-1, -2], [-3, -7], [-2, -1], [-1, -2], [-2, -3], [-2, -7], [-1, 0], [-1, -2], [-1, -11], [-1, -6], [-2, -8], [1, -5], [-3, -5], [-2, -5], [-1, -2], [-7, -13], [-1, -2], [-2, -1], [-3, -8], [-4, -6], [-1, -2], [-3, -7], [-2, -6], [-1, -11], [-1, -5], [1, -6], [0, -3], [3, 1], [1, -2], [-1, -7], [1, -11], [2, -6], [2, -10], [0, -4], [2, -14], [5, -12], [1, -8], [0, -13], [3, -12], [2, -9], [1, -5], [1, -6], [0, -5], [-2, -4], [-2, -6], [0, -8], [-2, -1], [-1, 3], [-4, -1], [-2, -2], [0, -7], [1, -5], [2, -8], [1, -3], [0, -4], [-2, -10], [-1, -2], [-2, -7], [0, -9], [-2, -10], [-2, -3], [-2, -2], [-1, -4], [-2, -9], [0, -3], [-2, 0], [-3, 2], [-4, 4], [-2, -1], [-1, -6], [0, -10], [-2, -5], [-2, -4], [-2, -5], [1, -8], [2, -7], [1, -6], [0, -5], [-1, -4], [0, -8], [-2, -4], [-1, -12], [-2, -16], [1, -7], [1, -5], [2, -2], [3, 0], [1, -3], [0, -6], [-2, -7], [-2, -4], [-2, -8], [-1, -7], [0, -3], [2, -4], [1, -9], [1, -14], [-1, -4], [-2, -1], [-1, -3], [0, -3], [2, -9], [1, -4], [0, -18], [-1, -5], [0, -8], [2, -7], [2, -4], [2, -3], [3, 0], [1, 1], [3, 8], [2, 4], [2, 0], [5, -3], [4, -6], [7, -26], [2, -4], [0, -4], [1, -14], [0, -31], [1, -7], [0, -16], [-2, -7], [0, -18], [-1, -3], [2, -10], [0, -13], [1, -8], [0, -9], [1, -5], [3, -4], [1, -3], [3, -7], [3, -2], [4, 5], [1, 0], [1, 2], [1, 1], [2, -2], [2, -5], [1, -2], [3, -4], [1, -4], [1, -8], [1, -10], [2, -18], [1, -5], [0, -10], [2, -16], [2, -6], [2, -4], [2, -8], [3, -7], [1, -1], [2, -1], [3, -5], [1, -6], [4, -12], [2, -12], [1, -9], [1, -8], [1, -10], [2, -13], [2, -5], [3, -5], [1, -4], [4, -6], [3, -4], [4, -9], [3, -8], [1, -10], [2, -11], [1, -12], [1, -4], [4, -6], [1, -4], [3, -16], [1, -3], [0, -9], [-1, -5], [-2, -5], [-3, -8], [-1, -1], [-2, 1], [-3, -2], [-2, -5], [-3, -9], [-2, -1], [-3, 3], [-4, 6], [-2, -1], [-2, -4], [-1, -14], [-1, -10], [-2, -5], [-3, -6], [-1, -4], [-1, -6], [-1, -3], [-4, -3], [-2, -3], [-6, -8], [-2, 0], [-2, 1], [-2, -1], [-2, -3], [-6, -13], [-3, -5], [-2, -4], [-1, -3], [-6, -19], [-4, -12], [-2, -3], [-4, -2], [-2, -4], [-2, -6], [-2, -11], [-1, -11], [-2, -7], [-2, -4], [-2, -2], [-4, -3], [-2, -2], [-4, -8], [-2, -5], [-2, -3], [0, -5], [-1, -9], [0, -21], [2, -13], [0, -15], [-2, -15], [-1, -6], [-2, -3], [-12, -4], [-1, -3], [-4, -9], [-1, -3], [-3, -7], [-2, -3], [-4, -5], [-8, -6], [-6, -1], [-4, 2], [-4, 0], [-2, -1], [-3, -4], [-4, -7], [-4, -14], [-8, -20], [-3, -7], [-1, -3]], [[28911, 63229], [-3, 6], [-5, 9], [-3, 7], [-8, 10], [-5, 5], [-4, 2], [-4, 3], [-10, 2], [-8, -2], [-3, -2], [-4, -3], [-5, -4], [-5, -6], [-4, -6], [-3, -7], [-6, -12], [-2, -7], [-3, -9], [-4, -13], [-3, -10], [-3, -16], [-2, -10], [-1, -12], [-2, -18], [-5, 0]], [[15336, 70736], [-1, 8], [0, 4], [1, 17], [2, 10], [0, 9], [1, 5], [1, 12], [1, 6], [0, 7], [1, 14], [1, 10], [1, 20], [0, 130], [-1, 21], [1, 12], [-1, 29], [0, 13], [-1, 18], [0, 22], [-1, 10], [0, 53], [-1, 8], [-1, 11], [0, 16], [1, 11], [-1, 10], [-1, 6], [0, 7], [-1, 14], [-2, 19], [-1, 11], [-1, 7], [0, 47], [-1, 22], [-2, 0], [-2, 31], [-1, 14], [-1, 13], [-1, 12], [-2, 19], [-1, 5], [-4, 12], [-3, 7], [-1, 11], [-2, 20], [-1, 15], [0, 30], [1, 14], [0, 12], [1, 13], [0, 80], [-2, 14], [0, 30], [-3, 23], [-1, 13], [-3, 24], [0, 8], [1, 7], [-1, 5], [-1, 10], [-2, 22], [-3, 23], [-1, 24], [-2, 17], [0, 2], [-2, 2], [-6, 12], [-2, 8], [-2, 9], [-1, 9], [-1, 10], [-1, 12], [0, 7], [-8, 24], [-3, 13], [-2, 19], [-1, 13], [-2, 18], [-1, 11], [0, 15], [1, 9], [2, 11], [1, 5], [-3, 33], [-1, 14], [1, 8], [1, 4], [0, 3], [-2, 22], [-2, 38], [-1, 12], [-1, 10], [-1, 20], [-1, 6], [-2, 7], [-1, 10], [0, 21], [-1, 8], [-1, 13], [-4, -3], [-2, -1], [-4, 0], [-2, 1], [-3, 2], [-3, 3], [-4, 7], [-2, 7], [-1, 4], [-2, 9], [-1, 10], [-1, 6], [0, 23], [1, 9], [1, 5], [2, 12], [3, 12], [-2, 7], [-2, 6], [-2, 10], [0, 7], [-3, 10], [-1, 7], [-2, 5], [-2, 6], [-2, 5], [-1, 7], [-3, 15], [-3, 11], [-2, 6], [-1, 5], [-2, 13], [-3, 7], [-4, 10], [-4, 7], [-2, 4], [-2, 6], [-3, 11], [-1, 7], [-1, 10], [-1, 7], [1, 0], [-2, 11], [-1, 1], [-4, 10], [-1, 3], [-3, 12], [-1, 9], [-1, 10], [0, 8], [1, 12], [-3, 4], [-3, 5], [-4, 11], [-2, 13], [-1, 17], [0, 15], [1, 4], [0, 13], [1, 4], [-1, 6], [0, 17], [1, 13], [1, 7], [2, 7], [-1, 8], [0, 18], [1, 4], [-3, 12], [-1, 9], [-1, 11], [-4, 8], [-2, 9], [-1, 6], [-1, 10], [0, 6], [-2, 6], [-1, 6], [-1, 11], [-1, 7], [0, 17], [1, 7], [2, 11], [3, 11], [2, 5], [4, 8], [6, 4], [1, 1], [-2, 18], [-1, 6], [1, 12], [0, 7], [1, 7], [2, 13], [5, 15], [-2, 10], [-1, 13], [0, 9], [-4, 10], [-3, 14], [-1, 7], [-1, 8], [0, 7], [-2, 8], [-2, 18], [0, 15], [1, 14], [2, 8], [2, 7], [3, 10], [4, 8], [8, 8], [-2, 3], [-2, 8], [-1, 6], [-2, 7], [0, 23], [1, 11], [1, 5], [4, 0], [6, -8], [35, -39], [44, -51], [31, -35], [35, -40], [27, -32], [27, -31], [43, -31], [50, -35], [38, -18], [34, 29], [48, 40], [21, 93], [16, 68], [-12, 36], [-17, 111], [-6, 79], [-7, 90], [72, 84], [0, 75], [-32, 73], [-26, 59], [-30, 67], [341, 0], [29, -2], [66, -4], [5, 0], [35, 2], [24, 0], [34, 1], [20, 1], [36, 0], [31, -1], [40, 1], [41, -1], [37, 0], [31, 1], [55, 0], [28, -1], [26, 0], [36, -1], [10, 0], [50, 1], [497, 0], [40, 1], [151, 0], [39, -2], [50, 0]], [[17321, 73918], [0, -398], [-1, -33], [0, -361], [-1, -127], [0, -97], [-1, -64], [0, -455], [1, -74], [0, -1382], [1, -3], [0, -15], [-1, -5], [0, -6], [-1, -7], [0, -4], [-1, -11], [0, -5], [-1, -2], [-3, -7], [0, -24], [1, -4], [2, -3], [5, -2], [1, -3], [2, -5], [0, -23], [2, -5], [2, -6], [2, -1], [3, -6], [1, -7], [0, -5], [-1, -9], [0, -6], [1, -4], [3, -8], [2, -7], [1, -7], [0, -7], [2, -10], [0, -16], [-1, -9], [-2, -9], [1, -7], [1, -6], [3, -8], [3, -11], [0, -3], [1, -5], [1, -2], [1, 0], [2, -5], [0, -5], [-1, -6], [-3, -6], [0, -21], [-1, -4], [-1, -5], [-2, -3], [0, -18], [-2, -10], [-1, -3], [-4, -2], [-1, -2], [-1, -5], [0, -8], [1, -5], [2, -4], [4, -2], [4, -16], [0, -7], [1, -10], [2, -8], [1, -7], [-1, -6], [0, -6], [1, -4], [1, -1], [1, -4], [0, -11], [1, -4], [0, -9]], [[17353, 70427], [-4, 1], [-16, 1], [-20, 0], [-5, 1], [-13, 0], [-37, 1], [-4, -1], [-18, 1], [-5, -3], [-8, 2], [-6, 1], [-11, 0], [-10, -1], [-11, 1], [-26, 0], [-6, 1], [-26, 0], [-30, 1], [-149, 0], [-28, 1], [-23, 0], [-8, -1], [-8, 1], [-45, 0], [-12, -1], [-44, 0], [-3, -1], [-6, -24], [-6, -11], [-9, -13], [-9, -18], [-9, -12], [-12, -6], [-7, 1], [-9, 5], [-9, 9], [-8, -3], [-10, -5], [-3, -3], [-8, -11], [-24, -5], [-11, -12], [-10, 2], [-13, 20], [-8, -7], [-7, -16], [-13, -57], [-28, -13], [-8, 2], [-13, -8], [-17, -14], [-16, -5], [-14, -20], [-15, -25], [-20, -14], [-8, -13], [-11, -42], [-20, -6], [-12, -11], [-22, -14], [-22, -6], [-6, 7], [-5, 12], [-10, 32], [-9, 10], [-9, 0], [-3, -1], [-10, -18], [-5, -17], [-5, -5], [-6, -7], [-17, -22], [-19, -17], [-11, -33], [-5, -4], [-8, 19], [-3, 0], [-7, -8], [-1, -1], [-7, 5], [-7, -2], [-9, 2], [-6, -6], [-9, -29], [0, -5], [-1, -3], [-3, -7], [-2, 3], [-1, -5], [-7, -2], [-4, 0], [-4, 12], [1, 15], [-2, 24], [-4, 24], [-9, 8], [-11, 10], [-7, 16], [-7, 5], [-10, -2], [-8, -12], [-6, 2], [-11, 8], [-10, 23], [-9, 7], [-28, -26], [-10, 1], [-11, -12], [-8, -1], [-21, 15], [-15, -16], [-10, -26], [0, -10], [-2, -9], [-7, -12], [-5, 1], [-1, -2], [-2, -12], [-6, -12], [-5, -8], [-5, -1], [-7, -6], [-16, -31], [-3, -2], [-8, 3], [-11, -8], [-5, -14], [-12, -17], [-2, -2], [0, -1], [-5, -5], [-8, 0], [-10, 5], [-6, 25], [-7, 8], [-4, -2], [-5, -8], [-8, -5], [-4, 4], [-6, 14], [-4, 5], [-9, 7], [-6, 8], [-10, 9], [-8, 5], [-10, 2], [-8, 10], [-5, 7], [-6, 15], [-7, 8], [-7, 15], [-3, 27], [0, 22], [3, 34], [1, 7], [0, 29], [-3, 24], [-7, 35], [0, 17], [3, 22], [0, 28], [-4, 19], [-3, 33], [1, 23], [-2, 33], [-7, 23], [-5, 39], [-5, 18], [-1, 2], [-2, 33], [-5, 28], [-7, 11], [-9, 13], [-1, 1], [-12, 36], [-4, 3], [-3, 6], [-3, 4], [-2, 7], [-15, 28], [-1, 2], [-2, 7], [-14, 4], [-13, -19], [-3, -6], [-3, -4], [-2, -4], [-3, -5], [-2, -3], [-1, -2], [-5, -8], [-6, 0], [-5, 1], [-5, 0], [-2, -1], [-5, 1], [-2, 0], [-3, 6], [-3, 4], [-5, 16], [-6, 15], [1, 56], [-6, 24], [-3, 8], [-2, 9], [-2, 4], [-1, 1], [-6, 2], [-5, -5], [-6, -7], [-3, -2], [-10, -3], [-18, 3], [-11, -10], [-6, 10], [-8, 12], [-11, -17], [-4, -2], [-4, -3], [-2, 0], [-16, -17], [-16, 4], [-4, 13], [-4, 12], [-5, 11], [-2, 3], [-5, 2], [-2, 11], [-1, 11], [-3, 7], [-2, 0], [-1, -3], [-1, -15], [1, -7], [0, -15], [-9, -2], [-17, -1], [-9, -1]], [[24524, 55329], [-1, -15], [-1, -7], [-2, -8], [-2, -5], [-3, -11], [-1, -5], [0, -4], [1, -8], [-1, -1], [-1, -6], [-2, -10], [0, -16], [2, -9], [3, -9], [4, -6], [3, -2], [2, 0], [3, 3], [2, 4], [3, 12], [0, 4], [1, 9], [0, 3], [-1, 9], [0, 13], [-1, 5], [0, 5], [1, 2], [1, 4], [0, 3], [-2, 5], [0, 3], [1, 4], [0, 5], [2, 5], [3, 4], [3, 2], [2, -3], [2, -6], [1, -6], [2, -16], [0, -12], [-1, -5], [1, -5], [2, -7], [2, -13], [1, -4], [-1, -7], [1, -15], [-2, -14], [0, -4], [-5, -20], [-5, -15], [-3, -3], [-3, -1], [-3, -6], [-2, -6], [0, -5], [-1, -4], [-1, -12], [-2, -4], [-1, -12], [1, -13], [-1, -18], [1, -6], [1, -1], [-2, -19], [-1, -7], [0, -7], [1, -5], [1, -4], [3, -2], [5, 1], [2, 0], [3, -4], [6, -4], [4, -4], [1, -3], [4, -3], [1, -2], [0, -15], [-2, -12], [-4, -10], [-1, -3], [-5, -7], [-2, -4], [-3, -9], [-3, -8], [-1, -10], [-1, -3], [-1, -7], [-1, -1], [-2, -6], [-1, -4], [0, -29], [2, -13], [1, -6], [2, -9], [3, -7], [1, -1], [1, 2], [1, 5], [2, -1], [1, 3], [4, 5], [2, 5], [5, 5], [4, 2], [0, 8], [1, 8], [1, 6], [0, 9], [1, 5], [2, 3], [0, 4], [1, 3], [2, -3], [1, -4], [3, -11], [0, -7], [1, -9], [-1, -6], [-1, -9], [-1, -7], [-4, -9], [-1, -9], [-2, -4], [-2, -5], [-7, -14], [-3, -8], [1, -11], [4, -11], [1, -4], [4, -6], [7, -9], [7, -14], [1, -8], [1, -4], [0, -7], [-2, -10], [-2, -2], [-2, 0], [-2, 2], [-2, 1], [-4, 6], [-2, 5], [-1, 5], [-2, 6], [-1, 10], [-2, 8], [-1, 10], [-2, 8], [-5, 17], [-1, -5], [0, -9], [-1, -14], [-1, -12], [-3, -17], [0, -21], [1, -8], [3, -11], [2, -10], [4, -8], [4, -7], [5, -8], [1, -1], [4, -3], [1, 0], [6, 14], [2, 5], [1, 0], [3, -2], [2, -3], [3, -12], [0, -18], [-1, -4], [-2, -7], [-1, -3], [-4, -5], [0, -9], [-1, -10], [-1, -7], [-1, -17], [1, -6], [0, -5], [2, -4], [2, -3], [9, -7], [3, 0], [4, -2], [5, -5], [3, 12], [2, 12], [0, 12], [1, 3], [3, 2], [1, -2], [0, -7], [-3, -19], [-2, -11], [-2, -13], [0, -8], [-1, -9], [-3, -14], [-2, -5], [-3, -10], [-4, -8], [-1, 0], [-1, 3], [-1, 4], [-1, 3], [0, 5], [-3, 1], [-1, -1], [-1, -6], [-1, -13], [0, -11], [3, -15], [1, -7], [-2, -4], [-1, -7], [-1, -13], [0, -26], [-3, -18], [-1, -3], [-1, 9], [-1, 17], [1, 12], [-1, 1], [-2, 5], [-4, 12], [-2, 3], [-1, 1], [-3, -1], [-1, -4], [0, -12], [-1, -3], [-2, -8], [-2, 9], [-1, 1], [-3, 0], [-2, -3], [-2, -7], [-3, -12], [-1, -1], [-1, 0], [-2, 5], [-2, 3], [-1, -1], [-2, -4], [-5, -9], [-1, -7], [-2, -22], [-1, -15], [0, -20], [1, -7], [1, -8], [1, -1], [2, -1], [3, -2], [2, -4], [2, -1], [5, 0], [1, -2], [2, 8], [3, 3], [4, 0], [2, -3], [2, -5], [3, -3], [0, 23], [1, 7], [0, 8], [-2, 8], [-1, 8], [0, 12], [2, -3], [3, -5], [3, -8], [2, -6], [2, -2], [4, 2], [-1, -19], [0, -4], [-2, -12], [-2, -10], [-2, -3], [-1, 0], [0, -15], [-1, -8], [-1, -3], [-12, -23], [0, -36], [-2, 0], [-3, 1], [-2, 3], [-2, 8], [-3, 16], [-1, 5], [-3, 6], [-1, 0], [-2, -2], [-2, -6], [-1, -7], [-1, -8], [1, -3], [1, -7], [1, -4], [2, -4], [3, -1], [6, -5], [5, -5], [2, -3], [1, -3], [1, -7], [0, -8], [1, -2], [-4, -19], [-1, -7], [-2, -3], [-1, -3], [-3, -3], [-6, -2], [-7, -3], [-2, -3], [-2, -9], [-3, -12], [0, -18], [-1, -11], [0, -2], [1, -1], [1, 1], [0, -13], [1, -6], [0, -3], [-3, -3], [0, -4], [-2, -2], [-1, 1], [-1, -6], [-6, -22], [-2, -9], [-4, -9], [-5, -6], [0, -16], [3, -10], [2, -7], [1, -3], [0, -12], [-1, -6], [-1, -5], [-2, -5], [-3, 0], [-3, 4], [0, 3], [-2, 10], [0, 26], [-1, 10], [0, 5], [-1, 1], [-2, -3], [-2, -2], [-3, 0], [-2, -1], [-3, -5], [-1, -5], [-1, -4], [0, -12], [-2, -13], [0, -9], [-1, -12], [-1, -9], [0, -9], [-1, -5], [0, -27], [1, -2], [2, -1], [2, 0], [4, 3], [1, 0], [3, 4], [4, 2], [4, 7], [2, 1], [3, -2], [2, -4], [1, -5], [0, -5], [-2, -10], [-2, -5], [-1, -1], [-2, 1], [-2, -1], [-2, 1], [-2, 3], [-4, 2], [-9, 0], [-3, -2], [-1, -2], [-2, -7], [-2, -9], [-1, -11], [-3, -14], [-1, -17], [0, -11], [1, -32], [0, -39], [-1, -7], [-1, -1], [-4, -7], [-1, -2], [-2, 0], [-2, 1], [-3, 4], [-5, 5], [-3, 7], [-2, 6], [-1, 7], [-2, 8], [-1, 1], [-3, -7], [-1, -5], [-1, -9], [-1, -8], [0, -8], [2, -7], [1, -5], [1, -8], [3, -7], [2, -4], [2, -1], [2, 0], [3, 1], [2, 2], [5, 8], [1, 1], [3, 1], [2, -2], [3, -6], [0, -16], [-1, -8], [-2, -8], [-4, -11], [-2, -7], [-2, -5], [-2, -4], [-1, -1], [-6, -8], [-1, -1], [-1, 2], [-2, 2], [-3, -2], [-1, 1], [-2, -1], [-1, -2], [-2, -10], [0, -10], [2, -4], [0, -9], [-1, -5], [0, -25], [1, -19], [0, -18], [2, -14], [2, -15], [4, -11], [2, -7], [0, -7], [2, -1], [0, -31], [-2, -7], [-7, 0], [-4, 8], [-2, 9], [-1, 6], [-1, 7], [-1, 15], [-1, 12], [0, 5], [1, 7], [-1, 9], [-1, 1], [-1, 0], [-1, -2], [-1, -3], [-3, -6], [-1, -4], [-2, -11], [-1, -7], [0, -6], [2, -9], [1, -16], [2, 7], [2, 3], [2, -4], [-1, -9], [0, -17], [1, -6], [0, -11], [1, -5], [3, -5], [0, -5], [3, -7], [4, -16], [0, -25], [-1, -9], [-1, -6], [-1, -4], [-4, -7], [-4, -5], [-3, -3], [-5, -1], [-3, 1], [-6, 4], [-4, 2], [-3, 0], [-2, -1], [-2, -5], [-2, -7], [0, -7], [1, -9], [2, -9], [5, -10], [5, -15], [2, -5], [2, -8], [1, -10], [0, -24], [-3, -15], [-3, -14], [-3, -13], [0, -3], [-1, -10], [0, -11], [4, -14], [5, -15], [2, -8], [3, -7], [3, -13], [1, -7], [1, -8], [-2, -18], [-2, -10], [-2, -7], [-3, -8], [-4, -7], [-6, -7], [-3, -7], [108, 0], [1, 1], [10, -1], [59, 0], [32, 1], [4, -1], [7, 0], [21, 1], [10, -1], [7, 0], [15, 1], [8, -1], [13, 1], [54, 0], [4, 1], [76, 0], [24, 1], [38, 0], [4, 1], [7, 0], [23, -1], [0, -3], [1, 1], [1, 3], [1, 1], [1, -2], [2, 4], [1, -3], [-1, -3], [-1, 0], [0, -5], [2, -1], [0, -3], [-1, -7], [0, -8], [-2, -2], [0, -4], [2, -3], [1, -2], [0, -4], [-2, 0], [-2, -5], [-1, -2], [0, -5], [-1, -4], [-2, -10], [0, -6], [2, -4], [0, -6], [-1, -4], [0, -4], [2, -1], [0, -4], [-1, -7], [-2, 0], [-1, 3], [-1, -4], [0, -5], [1, -2], [1, -6], [0, -2], [-1, -3], [-2, 1], [-1, 2], [-1, -3], [1, -5], [-1, -7], [1, -5], [0, -3], [-2, 3], [0, -4], [-1, -4], [4, -11], [-1, -3], [-1, -4], [1, -6], [-1, -1], [-1, 3], [-2, 0], [0, -3], [1, -6], [0, -3], [-1, 0], [0, 4], [-1, 3], [-1, -2], [1, -6], [0, -2], [-1, -6], [0, -8], [1, -1], [1, 3], [1, -2], [-2, -8], [0, -4], [2, 0], [0, -2], [-1, -4], [-2, 5], [-1, -2], [0, 3], [-1, 0], [0, -10], [-1, -5], [-1, -6], [-1, -3], [-1, 1], [0, 3], [-1, -1], [1, -5], [1, -2], [0, -6], [2, 1], [-2, -6], [-1, 2], [0, 5], [-1, 3], [-1, -1], [0, -15], [-1, -3], [-1, 4], [-1, -1], [0, -3], [1, -7], [0, -6], [-1, -1], [-1, 4], [0, -7], [1, -5], [1, -2], [0, -4], [-2, 0], [0, -2], [1, -3], [1, 1], [1, 4], [0, -2], [-1, -8], [1, -7], [-1, -2], [0, -3]], [[24897, 52693], [1, 4], [2, 0], [0, -3], [-1, -1], [-4, 0], [-1, -3], [1, -2], [1, 1], [1, -2], [-1, -2], [-1, 0], [0, -3], [2, 2], [0, -2], [-1, -5], [0, -8], [-1, 0], [-1, 2], [0, 3], [-1, 0], [0, -13], [-1, -2], [0, -6], [2, 2], [1, -5], [-1, -5], [1, -3], [-1, -2], [-2, 1], [0, -5], [1, -1], [1, 2], [0, -4], [-1, -6], [1, 0], [0, -3], [-1, -1], [-2, -6], [1, -3], [1, 1], [1, 5], [0, -5], [-1, -4], [0, -3], [-1, 0], [-1, 2], [-1, -3], [1, -2], [1, -1], [1, 1], [0, -10], [1, 0], [0, 5], [1, 1], [1, -4], [0, -4], [2, -2], [0, -5], [1, 2], [0, -2], [-1, -1], [0, -5], [1, -1], [1, 1], [1, -3], [-2, -4], [0, -5], [-1, -8], [-1, -1], [-1, 1], [0, -5], [2, 1], [0, 1], [1, -2], [-1, -3], [0, -9], [1, -1], [1, 2], [1, -3], [-3, -1], [1, -4], [2, -4], [0, -2], [-2, 1], [0, -5], [1, -1], [1, 0], [0, -6], [2, 1], [-1, -3], [-1, -1], [-1, 1], [1, -4], [1, -2], [0, -2], [1, -7], [-1, -4], [1, -2], [1, 2], [2, 1], [0, -5], [1, 0], [0, 5], [1, 1], [0, -4], [-1, -5], [-1, -1], [-2, 2], [0, -6], [2, -2], [1, -7], [0, -3], [-1, 2], [-1, -2], [-1, 3], [0, -2], [1, -2], [4, -4], [1, 1], [1, -6], [1, -2], [-1, -5], [1, -3], [1, -1], [0, -10], [-1, -1], [1, -3], [1, -6], [1, 4], [1, -1]], [[24916, 52436], [0, 4]], [[24916, 52440], [0, -8], [1, -5], [-1, 0], [0, -3], [2, 2], [-1, -6], [0, -3], [1, 1], [1, 3], [0, -1], [1, -4], [1, 1], [0, -5]], [[24921, 52412], [-2, -1], [1, -2], [1, 3]], [[24921, 52412], [1, 1], [1, -1], [2, -5], [0, 3], [1, -5], [1, -2], [-1, -7], [1, 2], [1, -6], [1, 1], [1, -3], [0, -3], [1, -1], [0, -9], [1, 1], [2, -3], [1, -4], [0, -7], [1, 0], [1, -2], [0, -21], [1, 0], [0, -17], [1, -1], [-1, -3], [0, -5], [-1, 2], [0, -5], [1, -6], [0, -4], [1, -3], [0, -4], [1, -1], [0, -4], [1, -10], [1, -2], [0, -3], [2, -5], [-1, -1], [1, -2], [0, -3], [-1, -4], [2, -6], [-1, -3], [1, -2], [1, 2], [0, -3], [2, -2], [0, -4]], [[24948, 52242], [0, 1]], [[24948, 52243], [1, -3], [1, 0], [0, -3], [1, -5], [1, 0], [0, -8], [-1, -6], [1, -1], [0, -7], [-1, 1], [2, -9], [-1, -6], [-3, -2], [0, -16], [-2, -2], [0, -3], [1, -2], [1, 1], [1, -4], [2, -6], [0, -3], [-1, -7], [0, -3], [2, -3], [0, -4], [-1, 0], [-1, -3], [1, -3], [1, -6], [1, -3], [2, -3], [0, -30], [1, -3], [3, -3], [1, -5], [3, -14], [0, -9], [2, -6], [1, -4], [1, -3], [1, 0], [4, 6], [2, 7], [1, 3], [1, 2], [2, -2], [1, -7], [2, -11], [1, -17], [1, -3], [1, -1], [5, 0], [10, 6], [2, 1], [3, 4], [2, 2], [3, 6], [1, 0], [12, 1], [24, 0], [4, 2], [4, 3], [3, 4], [18, 31], [15, -33], [10, -21], [10, -6], [30, -15], [8, -5], [9, -4]], [[25158, 52000], [10, -5], [6, -53], [1, -3], [2, -10], [4, -16], [1, -9], [6, -36], [1, -15], [2, -16], [0, -9], [2, -24], [0, -8], [1, -23], [1, -31], [0, -15], [-1, -14], [0, -31], [-1, -17], [-3, -39], [-3, -33], [-1, -15], [-2, -20], [-1, -11], [-3, -18], [-3, -23], [-5, -23], [-8, -44], [-2, -5], [-1, -7], [-5, -21], [-4, -20], [-4, -12], [-5, -18], [-5, -11], [-7, -32], [-4, -19], [-4, -16], [-4, -22], [-2, -9], [-4, -14], [-3, -6], [-3, -5], [-2, -3], [-2, -1], [-9, -11], [0, -5], [-2, -7], [-2, -12], [-2, -9], [1, -56], [4, -12], [1, -5], [1, -12], [1, -8], [0, -12], [3, -6], [2, -6], [3, -12], [1, -12], [1, -8], [2, -8], [13, -23], [4, -1], [2, -3], [4, -5], [1, -4], [4, -1], [2, -2], [3, -5], [3, -3], [4, -12], [2, -9], [2, -18], [1, -12], [0, -12], [-1, -14], [-2, -10], [1, -16], [1, -13], [-2, -24], [-1, -10], [-1, -9], [-5, -15], [-3, -7], [-4, -4], [-2, -1], [-3, 0], [-3, -10], [-1, -18], [0, -24], [-1, -10], [-2, -15], [-4, -14], [-2, -5], [-3, -5], [-4, -16], [-8, -37], [-1, -9], [-1, -13], [-3, -11], [-3, -8], [-2, -4], [-3, -4], [-5, 0], [-5, 4], [-4, 9], [-3, 11], [-3, 15], [-1, 14], [0, 6], [-2, 4], [-2, 5], [-2, 4], [-1, 7], [-4, -3], [-8, -8], [-3, -11], [-1, -6], [-4, -8], [-4, -26], [-7, -28], [-2, -10], [-2, -6], [-7, -29], [-1, -5], [-3, -7], [-3, -4], [-4, -3], [-2, 0], [-3, 2], [-2, 2], [-2, 3], [-3, 7], [-2, 7], [-2, 9], [-1, 8], [-2, 24], [0, 13], [1, 10], [2, 16], [4, 17], [0, 15], [1, 6], [0, 126], [-1, 15], [0, 14], [-3, 13], [-1, 4], [0, 8], [-1, 9], [-2, 10], [-2, 15], [-6, 16], [-9, 16], [-12, 14], [-4, 1], [-26, -17], [-24, -15], [-10, -7], [-8, -5], [-4, -2], [-8, -5], [-37, -23], [-7, -15], [-3, -15], [-7, -20], [-9, -26], [-7, -16], [-3, -6], [-3, -4], [-3, -3], [-5, -10], [-3, -4], [-2, -2], [-4, 1], [-2, 1], [-3, -4], [-4, -4], [-4, -6], [-9, -12], [-9, -9], [-7, 1], [-2, -4], [-2, -3], [-3, -1], [-4, -2], [-7, 6], [-3, 2], [-1, 1], [-9, 7], [-3, 3], [-2, 4], [-15, 26], [-20, -24], [-18, -19], [-1, 0], [-4, -5], [-4, -4], [-1, 0], [-6, -4], [-3, -1], [-2, -1], [-3, 1], [-4, 0], [-4, -2], [-5, -1], [-3, 2], [-5, 2], [-4, 3], [-6, -1], [-6, 0], [-3, 2], [-4, 2], [-4, 7], [-2, 1], [-8, 10], [-3, 6], [-4, 14], [-1, 6], [-3, 24], [0, 17], [3, 27], [2, 6], [1, 5], [3, 7], [4, 5], [3, 1], [1, 0], [-1, 6], [-3, 6], [-3, 0], [-3, -2], [-2, 0], [-4, 2], [-2, 2], [-3, 4], [-6, 5], [-4, 1], [-2, 1], [-3, 5], [-3, 2], [-4, 5], [-5, 10], [-2, 6], [-1, 7], [-1, 3], [-3, 4], [-3, 2], [-5, -1], [-5, 2], [-5, 4], [-4, 3], [-10, 14], [-5, 8], [-4, 7], [-3, 7], [-5, 16], [-2, 6], [-3, 14], [-2, 10], [-3, 12], [-2, 5], [-1, 8], [-2, 8], [-1, 6], [-3, 8], [-2, 5], [-3, 12], [-16, 26], [-6, 9], [-8, 13], [-4, -2], [-2, 1], [-3, 2], [-2, 3], [-2, 6], [-2, 5], [-3, 3], [-2, 0], [-3, 1], [-2, 2], [-3, 4], [-3, 8], [-1, 3], [-2, -1], [-3, 0], [-2, -6], [-3, -6], [-2, -3], [-3, -2], [-4, 1], [-3, 3], [-2, 3], [-2, 4], [-1, 5], [-2, 8], [-4, 6], [-4, 12], [-4, -16], [-2, -2], [-3, -5], [-2, -7], [-2, -5], [-2, -4], [-3, -3], [-2, -1], [-3, 0], [-2, 2], [-2, 1], [-4, 9], [-3, 7], [-2, 14], [-1, 10], [-1, 11], [0, 17], [-4, 8], [-1, 3], [-4, 2], [-3, 5], [-2, 4], [-3, 12], [-2, 7], [-1, 6], [-2, 0], [-2, 1], [-2, 2], [-3, 4], [-1, 5], [-2, 6], [-2, 9], [-1, 8], [-1, 10], [-1, 8], [-1, 2], [-2, 8], [-3, 8], [-3, 12], [-4, -1], [-2, 1], [-4, 4], [-5, -2], [-4, -2], [-3, -5], [-3, -4], [-2, -4], [-2, -3], [-2, -6], [-5, -10], [-2, -7], [-2, -4], [-3, -4], [-9, -9], [-2, -1], [-6, -2], [-6, 2], [-4, 2], [-7, 5], [-12, 12], [-2, 1], [-6, 2], [-7, 6], [-12, 5], [-11, 5], [-4, 2], [-3, 1], [-5, 3], [-4, 3], [-4, 2], [-5, 4], [-2, 1], [-9, 10], [-11, 14], [-1, 2], [-6, 8], [-5, 7], [-1, 0], [-5, 7], [-2, 5], [-9, 13], [-4, 9], [-3, 4], [-5, 9], [-12, 21], [-6, 11], [-8, 15], [-6, 10], [-3, 6], [-7, 10], [-8, 11], [-6, 8], [-6, 6], [-6, 9], [-8, 11], [-3, 1], [-4, 3], [-2, 2], [-1, 2], [-2, 3], [-6, 5], [-4, 3], [-6, 4], [-5, 1], [-7, 0], [-3, -2], [-3, -1], [-1, -11], [-2, -6], [-1, -5], [-4, -8], [-3, -3], [-3, -1], [-3, 0], [-2, 1], [-2, 4], [-3, 5], [-1, 4], [-2, 7], [-8, 4], [-5, 2], [-15, -1], [-8, -3], [-8, -4], [-7, -4], [-5, -3], [-10, -4], [-6, -2], [-6, -3], [-6, -4], [-7, -5], [-3, -3], [-7, -9], [-3, -5], [-3, -6], [1, -20], [0, -22], [-1, -12], [-1, -7], [-2, -7], [-1, -7], [-2, -5], [-2, -4], [-2, -2], [-2, 0]], [[23787, 51368], [-2, 33], [-2, 38], [-1, 11], [-1, 16], [-1, 11], [-2, 11], [-5, 28], [-2, 14], [-1, 2], [-4, 5], [-1, 6], [0, 21], [-2, 7], [-6, 16], [-2, 5], [0, 24], [1, 6], [1, 4], [1, 8], [4, 11], [2, 6], [3, 7], [4, 7], [3, 9], [1, 5], [4, 15], [1, 7], [2, 13], [3, 19], [1, 9], [0, 5], [1, 15], [1, 14], [1, 12], [1, 8], [2, 9], [1, 8], [0, 8], [1, 5], [1, 3], [2, 3], [2, 0], [0, 2], [1, 5], [2, 13], [1, 3], [4, 5], [0, 5], [1, 10], [0, 7], [2, 5], [3, 12], [0, 12], [1, 3], [1, -1], [1, -13], [1, 0], [2, 3], [0, 4], [-1, 4], [0, 3], [-4, 3], [-1, 3], [-2, 8], [-2, 5], [0, 4], [1, 4], [1, -8], [1, -1], [0, 15], [1, 4], [2, 4], [0, 7], [3, 6], [0, 5], [-2, 3], [1, 2], [1, 1], [0, 18], [1, 1], [1, -4], [1, 0], [1, 7], [-2, 1], [-1, 13], [-1, -1], [-1, -6], [-1, 0], [1, 4], [0, 8], [1, 5], [0, 16], [-1, -2], [0, 7], [-1, 0], [0, 8], [-1, 0], [0, 7], [1, -2], [1, 1], [0, 3], [-1, 3], [-1, -4], [-1, -1], [0, 9], [1, 2], [0, 7], [-1, -2], [-1, 2], [0, 2], [1, 1], [0, 2], [-1, 3], [0, 6], [1, 0], [1, -2], [0, 9], [1, 1], [-1, 2], [1, 6], [1, -1], [0, 4], [-1, -1], [0, 3], [1, 1], [0, -1], [1, 2], [-2, 7], [1, 1], [-1, 1], [0, 4], [1, 3], [0, 3], [1, 5], [-1, 0], [-1, 5], [0, 10], [1, 0], [0, 8], [-1, 1], [0, 3], [1, 3], [0, 4], [-1, 3], [0, -6], [-1, 2], [0, 4], [-1, 4], [0, -4], [-1, 4], [-1, -1], [-1, 4], [-1, -2], [-1, 3], [-1, 0], [1, 3], [-2, 2], [0, -3], [-1, 5], [1, 1], [-1, 6], [-1, 1], [0, 8], [-1, 1], [-1, 8], [0, 5], [-1, 1], [0, -2], [-1, 0], [-1, 3], [2, 6], [-1, 2], [-1, 5], [2, -3], [0, 3], [-1, 2], [1, 5], [-1, 4], [1, 1], [0, 3]], [[23802, 52257], [0, -5]], [[23802, 52252], [1, -1], [0, 4], [1, 1], [-1, 4], [-1, 6], [1, -3], [0, 16], [-1, 4], [1, 2], [-1, 2], [1, 4], [1, 2], [0, 5], [2, 0], [0, 2], [1, 2], [0, 3], [1, 2], [1, 5], [0, 7], [2, -1], [0, 6], [1, 1], [0, 2], [-1, 2], [0, 9], [1, 1], [1, -6], [0, -5], [1, 1], [0, 6], [1, 1], [0, 5], [1, -4], [2, -1], [0, 2], [-1, 4], [2, 5], [0, 7], [-2, -2], [-1, 3], [2, 5], [-1, 6], [0, 3], [1, 0], [1, 2], [-1, 3], [-1, 6], [-2, 4], [1, 4], [-1, 6], [-1, 2], [0, 5], [1, -3], [1, 3], [-2, 11], [1, 3], [1, 0], [0, 3], [-1, 0], [-1, 2], [3, 9], [-1, 2], [-1, 0], [1, 3], [0, 10], [-1, -4], [-2, 2], [0, 5], [-2, 0], [-2, 6], [0, 2], [1, 5], [-2, 1], [-1, 3], [4, 8], [-1, 8], [2, 10], [-1, 5], [0, 10], [2, 7], [1, -4], [1, 3], [0, 9], [1, 2], [1, -2], [1, 1], [0, 4], [2, 3], [1, -2], [1, -3], [-1, -3], [0, -3], [2, 2], [0, 8], [2, 0], [0, 6], [-1, 5], [-1, 6], [-1, 3], [1, 6], [1, 3], [0, 3], [-1, 5], [0, 8], [1, 3], [-1, 7], [3, 8], [0, 4], [1, 1], [0, 7], [1, 4], [1, -1], [1, 4], [1, 7], [1, 0], [1, -3], [0, 1], [1, 6], [1, -1], [1, 4], [2, 2], [1, 7], [0, 4], [2, 8], [-1, 5], [0, 5], [1, 7], [1, 4], [0, 9], [1, -4], [1, 1], [0, -2], [1, 2], [-1, 3], [-1, 2], [1, 3], [0, 3], [-2, 0], [-1, 2], [1, 1], [1, -2], [1, 2], [-1, 5], [0, 3], [-2, 2], [0, 4], [2, 3], [1, 0], [0, 5], [-2, 9], [0, 4], [1, 0], [1, -3], [1, 1], [0, 7]], [[23845, 52725], [0, -5]], [[23845, 52720], [1, 3], [3, 2], [0, 4], [-1, 6], [1, 5], [0, 1], [2, -1], [0, 5], [-1, 2], [-1, 5], [2, 0], [1, 5], [-1, 7], [0, 6], [2, -2], [2, 2], [2, 4], [0, 4], [-1, 5], [0, 3], [1, 3], [1, 2], [1, 5], [-1, 4], [1, 4], [0, 4], [-1, 5], [-3, 4], [0, 2], [1, 2], [2, 6], [0, 3], [-1, 5], [0, 4], [1, 7], [0, 2], [-1, -2], [-1, 2], [1, 6], [-2, 0], [-1, 11], [0, 2], [2, 10], [2, 2], [3, 1], [0, 3], [-2, 1], [0, 2], [1, 6], [-2, 4], [0, 3], [2, 5], [0, 7], [2, 3], [1, -1], [-1, -5], [1, -1], [2, 4], [1, 3], [1, 2], [0, 2], [-1, 3], [1, 6], [0, 2], [-1, 3], [-1, 8], [1, 6], [-1, 5], [-2, -2], [-2, 1], [0, 8], [-1, 3], [-1, 0], [-1, 4], [-1, 0], [-2, -2], [-1, 3], [0, 3], [1, 2], [1, 4], [0, 13], [-2, 2], [-2, 9], [1, 3], [1, 8], [2, 5], [1, -5], [2, -7], [0, 2], [1, 5], [1, 1], [1, -2], [1, 0], [2, 12], [0, 2], [3, 0], [2, 6], [2, 4], [0, 4], [-3, 4], [-1, 0], [-1, 3], [1, 3], [1, 1], [0, 4], [-2, 3], [-2, 8], [1, 3], [2, 0], [1, 5], [0, 5], [-2, 0], [-1, 4], [1, 6], [-2, 0], [-2, 4], [-3, 1], [0, 8], [1, 3], [-1, 3], [-1, -5], [-1, 1], [0, 4], [-1, 3], [0, 4], [3, 3], [1, 2], [0, 11], [2, 3], [0, 2], [1, 13], [-2, 11], [-1, 9], [0, 15], [2, 0], [1, 2], [-1, 8], [0, 3], [-1, 5], [2, 1], [1, 2], [1, 6], [-1, 7], [-3, -3], [-1, 1], [0, 3], [-4, -5], [-2, -5], [-1, -4], [-1, -7], [-1, -1], [-3, -2], [-2, 11], [-1, 7], [0, 22], [-2, 6], [1, 7], [1, 6], [2, 4], [0, 1], [-1, 5], [0, 7], [-3, -4], [0, 1], [-1, 4], [-1, 0], [-1, 1], [1, 5], [0, 9], [-2, 5], [2, 3], [0, 11], [-1, 4], [0, 8], [-6, -3], [-1, 2], [0, 7], [-1, 9], [-1, -1], [-1, -2], [-1, 0], [-2, 12], [-1, 7], [-2, 3], [-2, 1], [-1, 3], [0, 7], [1, 5], [0, 4], [2, 4], [1, 3], [0, 3], [-1, 3], [2, 10], [0, 17], [6, 6], [1, 3], [0, 6], [1, 7], [-2, -1], [-3, -5], [-2, -1], [-1, 1], [-1, 5], [1, 0], [0, 19], [-1, 7], [0, 5], [-1, 2], [-1, -1], [-3, 10], [-1, 3], [-2, 0], [-1, 2], [0, 9], [4, 21], [-1, 4], [-4, 1], [0, 2], [1, 13], [0, 2], [-1, 1], [0, -4], [-1, 0], [-1, 4], [0, 1], [-2, -5], [-1, 2], [-1, 3], [-3, 10], [-2, 3], [0, 7], [1, 4], [0, 4], [-1, -3], [-1, 1], [0, 3], [1, 3], [1, 1], [1, -3], [1, 1], [1, 5], [1, -1], [2, 6], [0, 10], [1, -1], [1, 2], [-1, 4], [0, 2], [1, 1], [1, 3], [0, 3], [-1, 1], [-1, -1], [-5, 0], [-2, 3], [1, 2], [-1, 11], [-1, 1], [0, 3], [-1, -4], [-1, 3], [-1, 0], [0, -3], [1, -1], [0, -2], [-1, -1], [-2, 0], [-3, 2], [-2, 0], [-1, 2], [-1, 4], [-2, 5], [0, 4], [-1, 0], [1, 5], [-1, 1], [-2, 3], [0, 4], [-1, 1], [-1, 5], [-1, 7], [1, -1], [0, 5], [-1, -1], [-1, 3], [0, 3], [1, 0], [1, 3], [-3, 8], [-1, 2], [-1, 7], [0, 7], [-1, 3], [0, 14], [1, 3], [1, 2], [1, 7], [1, -1], [-1, -3], [2, 2], [0, 2], [-2, 4], [3, 2], [0, 4], [-1, 1], [0, 5], [1, 2], [0, 19], [1, -2], [1, 1], [-1, 4], [-1, 0], [-2, 8], [0, 4], [-1, 6], [1, 7], [1, 2], [1, -3], [0, -4], [1, 2], [-1, 5], [2, 6], [1, 2], [1, 4], [-1, 2], [1, 2], [2, 16], [0, 4], [-1, 0], [-2, -3], [-1, 1], [-1, 5], [-1, -1], [0, 2], [1, 6], [-1, 18], [-2, 6], [-2, 13], [-1, 2], [-1, 3], [1, 3], [1, 2], [0, 7], [1, -1], [0, 8], [1, 8], [-1, 5], [-1, -1], [0, 5], [-2, 0], [0, 3], [1, 2], [-1, 3], [1, 8], [-1, 6], [-2, 2], [-1, -2], [-1, 0], [0, 6], [-2, 5], [0, 3], [-2, 4], [-1, -2], [-1, 1], [1, 3], [0, 4], [-1, 2], [0, 9], [-1, 2], [0, 3], [1, 2], [-1, 6], [-1, 0], [0, 3], [1, 1], [-2, 3], [0, 2], [1, 4], [0, 3], [-2, 0], [0, 2], [2, 9], [0, 5], [-1, 1], [0, -5], [-1, 5], [-1, 2], [0, 5], [-1, 1], [-1, -3], [-1, 6], [1, 6], [1, 1], [0, 7], [-1, 6], [-1, -1], [0, -2], [-1, -4], [0, 2], [-3, 0], [0, -3], [-1, 0], [0, -4], [-2, 6], [1, 2], [0, 2], [-2, -4], [0, 3], [1, 5], [1, 6], [1, 1], [-2, 10], [-1, -3], [-2, -1], [-1, 1], [-3, 1], [-1, 1], [0, 5], [-1, 8], [-1, 1], [-1, -4], [-1, -1], [-1, 6], [-1, 4], [-1, 13], [-2, 6], [0, 5], [-1, 4], [-2, 10], [-2, 15], [-3, 8], [0, 14], [-1, -3], [-1, 1], [-1, 6], [-1, -1], [-2, -3], [-1, 1], [1, 3], [-1, 4], [0, 1185]], [[23723, 55346], [120, 0], [28, -1], [54, 0], [19, -1], [9, 1], [6, -1], [54, 0], [15, -1], [15, 0], [5, -1], [5, 1], [16, -2], [17, 0], [15, -1], [17, -1], [12, 0], [15, -1], [13, 0], [28, -2], [21, 0], [24, -2], [24, 0], [24, -1], [13, 0], [14, -1], [21, 1], [31, -1], [31, 0], [5, -1], [12, 0], [12, 1], [5, -1], [5, 1], [5, -1], [10, 0], [26, -1], [24, 0], [12, -1], [19, 0]], [[90308, 33387], [1, 15], [3, 24], [5, 12], [-1, 12], [1, 17], [3, 15], [3, 12], [3, 7], [1, 1], [4, 8], [4, 5], [6, 0], [2, 9], [4, 12], [5, 10], [5, 5], [4, 1], [4, -1], [2, -5], [1, -9], [3, 1], [5, 1], [4, -2], [3, -6], [6, -5], [4, -21], [3, -30], [-1, -27], [0, -9], [-6, -39], [0, -18], [-3, -15], [-4, -11], [-4, -5], [-3, -3], [-1, -8], [-3, -16], [-3, -8], [-4, -6], [-5, -4], [-3, -3], [-3, 2], [-1, 2], [-6, -16], [-5, -7], [-5, 8], [-2, -1], [-4, -4], [-2, 0], [-1, 6], [-9, 3], [-5, 16], [-3, 21], [-1, 5], [-1, 19], [0, 30]], [[90455, 34552], [17, 13], [0, 2], [6, 25], [2, 16], [0, 4], [2, 17], [1, 4], [0, 41], [1, 17], [1, 6], [4, 27], [7, 43], [5, 17], [3, 9], [5, 16], [3, 7], [3, 4], [4, -3], [4, 0], [6, -4], [6, -21], [4, -23], [2, -6], [1, -17], [2, -12], [1, -12], [-1, -19], [-1, -9], [-3, -35], [-3, -26], [-1, -5], [0, -30], [-1, -20], [1, -6], [-1, -11], [-3, -6], [-1, -7], [-4, -4], [-2, -1], [0, -4], [-1, -11], [0, -6], [-3, -11], [-4, -15], [-2, -4], [-2, -3], [-5, -4], [-4, -1], [-4, -3], [-1, -49], [-1, -3], [0, -25], [1, -10], [0, -12], [1, -12], [-5, -62], [-6, -29], [-4, -23], [-3, -10], [-4, -5], [-4, -2], [-1, -1], [-1, -9], [-2, -20], [-2, -16], [-2, -6], [-3, -15], [-7, -22], [-8, -9], [-8, -1], [-7, 7], [-2, 10], [-2, 3], [-3, 10], [-3, 24], [-1, 20], [0, 33], [2, 15], [4, 24], [3, 9], [7, 15], [7, 16], [3, 1], [-6, 18], [-5, 25], [-2, 24], [-1, 10], [0, 31], [2, 34], [4, 38], [11, 42], [4, 3]], [[90499, 37425], [1, 10], [3, 20], [3, 23], [4, 27], [4, 18], [8, 8], [8, 0], [10, -12], [5, -15], [2, -15], [1, -34], [1, -30], [-2, -37], [-2, -23], [-4, -17], [-6, -15], [-2, -3], [-6, -2], [-4, -4], [-4, 2], [-5, 7], [-6, 18], [-5, 19], [-3, 14], [0, 9], [-1, 6], [0, 26]], [[90471, 37958], [1, 18], [2, 20], [0, 8], [1, 13], [0, 12], [2, 21], [5, 19], [0, 20], [1, 10], [1, 11], [1, 7], [1, 6], [7, 20], [2, 8], [2, 7], [6, 13], [2, 1], [3, 0], [4, 1], [4, -4], [3, 0], [2, -2], [4, -5], [5, -12], [1, -9], [1, -7], [3, -18], [1, -9], [2, -11], [0, -10], [1, -15], [0, -20], [-1, -7], [0, -8], [-1, -19], [-2, -26], [-3, -21], [-6, -27], [-3, -5], [-3, -7], [-3, -6], [-2, -8], [-5, -15], [-2, -8], [-2, -4], [-7, -16], [-7, 0], [-7, 5], [-5, 11], [-2, 7], [-2, 4], [-2, 11], [0, 7], [-1, 6], [-1, 10], [-1, 9], [0, 14]], [[90448, 38796], [0, 15], [4, 33], [6, 42], [3, 11], [4, 10], [6, 6], [5, 1], [4, 0], [7, -7], [2, -3], [4, -14], [7, -38], [4, -37], [1, -20], [1, -21], [0, -12], [-2, -21], [-4, -25], [-4, -26], [-2, -7], [-8, -21], [-4, -7], [-1, 0], [-3, 1], [-3, 0], [-1, 2], [-5, 9], [-4, 5], [-4, 11], [-5, 24], [-4, 31], [-2, 24], [0, 2], [-2, 32]], [[90377, 39864], [2, 19], [4, 17], [3, 13], [3, 11], [3, 8], [2, 3], [5, 6], [3, 0], [4, -1], [4, -4], [3, -5], [3, -13], [7, -21], [2, -13], [3, -14], [1, -9], [0, -18], [-1, -11], [-1, -16], [-1, -10], [-2, -12], [-2, -13], [-4, -25], [-8, -17], [-7, -2], [-9, 9], [-3, 7], [-4, 6], [-4, 8], [0, 12], [-1, 3], [-1, 9], [-2, 21], [-1, 18], [-2, 18], [1, 16]], [[90328, 40261], [1, 19], [3, 24], [4, 11], [5, 12], [7, 6], [8, 1], [5, -4], [4, -4], [6, -16], [4, -19], [2, -20], [2, -18], [-1, -19], [-2, -15], [0, -4], [-3, -24], [-3, -12], [-3, -9], [-3, -7], [-3, -8], [-1, -1], [-4, 1], [-6, -1], [-3, 1], [-5, 4], [-3, 8], [-1, 10], [-3, 12], [-4, 10], [-1, 16], [-1, 17], [-1, 29]], [[90570, 35599], [4, 34], [4, 23], [6, 18], [12, 5], [9, -14], [3, -12], [4, -27], [1, -34], [-1, -19], [-1, -7], [-4, -22], [-2, -6], [-11, -27], [-12, -6], [-9, 27], [-2, 34], [-1, 33]], [[90504, 37128], [1, 10], [2, 8], [4, 18], [4, 14], [4, 6], [2, 1], [1, 4], [4, 5], [2, 0], [2, -1], [1, -4], [4, -6], [1, 1], [4, -3], [1, -1], [1, -6], [1, -10], [3, -3], [2, -7], [2, -10], [1, -9], [1, -11], [-3, -8], [1, -14], [-1, -21], [0, -7], [-1, -10], [-1, -11], [-2, -10], [-2, -12], [-2, -5], [-1, -7], [-1, -8], [-2, -5], [-1, -3], [-4, -7], [-2, -3], [-3, -3], [-5, 4], [-4, 10], [-2, 4], [-2, 6], [-2, 5], [0, 6], [-2, 5], [-1, 7], [-2, 8], [-1, 10], [-1, 11], [-1, 18], [0, 27], [-1, 8], [1, 9]], [[90487, 36408], [0, 13], [2, 17], [3, 10], [0, 6], [3, 7], [5, 10], [6, 10], [6, 5], [9, -11], [5, -19], [4, -17], [0, -1], [3, -10], [0, -59], [-2, -21], [-2, -15], [-3, -14], [-6, -13], [-5, -5], [-6, -2], [-5, 2], [-4, 8], [-3, 2], [-5, 12], [-2, 17], [-3, 26], [-1, 26], [1, 16]], [[90447, 36001], [3, 32], [8, 25], [7, 22], [9, 10], [6, 2], [12, -5], [8, -12], [4, -18], [2, -12], [3, -33], [0, -32], [-3, -26], [-1, -12], [-5, -18], [-5, -17], [-2, -6], [-6, -14], [-3, -3], [-12, 0], [-7, 8], [-6, 10], [-8, 19], [-4, 42], [0, 38]], [[90240, 40869], [1, 18], [4, 20], [3, 11], [5, 9], [4, 2], [6, 2], [7, -2], [5, -7], [5, -16], [3, -16], [2, -22], [1, -17], [-1, -25], [-2, -18], [-2, -12], [-3, -12], [-5, -17], [-2, -6], [-8, -7], [-3, -1], [-2, 0], [-1, 3], [-4, 2], [-2, 6], [-3, 2], [-2, 5], [-2, 7], [-1, 8], [0, 10], [-3, 27], [-1, 25], [1, 21]], [[90170, 32600], [0, 3], [1, 15], [0, 7], [2, 13], [4, 15], [1, 4], [2, 3], [1, 7], [2, 5], [2, 4], [2, 3], [3, 2], [2, 0], [4, -1], [2, -2], [1, 3], [4, 9], [3, 4], [3, 1], [1, -1], [2, 2], [3, 1], [3, 15], [2, 4], [2, 5], [1, 9], [1, 6], [0, 10], [2, 10], [1, 7], [1, 5], [1, 7], [1, 14], [0, 17], [1, 18], [1, 9], [2, 12], [2, 11], [1, 9], [3, 15], [3, 9], [3, 7], [2, 3], [3, 1], [1, 0], [5, -3], [5, -10], [3, -9], [2, -5], [1, -5], [2, -12], [4, -14], [1, -7], [4, 0], [3, -4], [3, -3], [1, -4], [2, -5], [3, -14], [1, -7], [2, -26], [0, -6], [-1, -12], [-1, -8], [-1, -5], [0, -7], [-1, -13], [-2, -6], [0, -12], [-1, -11], [-1, -9], [-1, -15], [-1, -8], [-2, -9], [-2, -11], [-1, -4], [-3, -7], [-2, -4], [-2, 0], [-1, -8], [-4, -16], [-2, -5], [-2, -2], [-3, -15], [-3, -12], [-2, -2], [-1, -6], [-2, -10], [-4, -8], [0, -4], [-1, -5], [-2, -5], [-2, -4], [0, -17], [-1, -16], [0, -15], [-1, -8], [1, -15], [-1, -9], [1, -8], [0, -8], [-1, -13], [0, -6], [-2, -18], [-1, -6], [-1, -2], [0, -6], [-1, -5], [-1, -3], [-2, -9], [-2, -6], [0, -5], [-2, -10], [-5, -20], [-1, -5], [-4, -7], [-3, -3], [-2, 0], [-1, 1], [-3, -3], [-2, -1], [-3, 1], [-3, -2], [-1, -2], [-2, 1], [-2, -3], [-3, -3], [-2, -1], [-3, 1], [-2, 1], [-3, 6], [-2, 8], [-2, 5], [-1, 9], [-1, 6], [0, 8], [-1, 10], [0, 12], [1, 13], [2, 13], [2, 11], [-1, 12], [0, 16], [-1, 2], [-2, 6], [-2, 13], [-1, 8], [-1, 10], [0, 30], [1, 7], [0, 11], [1, 6], [0, 5], [2, 9], [0, 6], [-3, 11], [-2, 11], [-2, 10], [0, 7], [-1, 15], [0, 11]], [[30258, 66849], [-2, 25], [-1, 13], [-2, 14], [-4, 17], [-1, 3], [-3, 4], [-3, 5], [-19, 68], [-1, 35], [-9, -2], [-1, 5], [-4, 3], [-1, 2], [-1, 10], [-2, 4], [-3, 3], [-1, 5], [-4, 11], [-2, 5], [-5, 12], [-1, 8], [-1, 7], [-1, 10], [1, 4], [1, 10], [0, 14], [1, 4], [0, 8], [-1, 7], [1, 4], [1, 2], [0, 10], [1, 17], [1, 3], [0, 3], [1, 6], [-1, 4], [-1, 1], [0, 10], [-1, 1], [-2, 5], [-3, -1], [0, 5], [-1, 1], [1, 4], [-1, 3], [-3, 3], [-1, -2], [-1, 3], [0, 6], [-1, 4], [-2, 0], [-1, 3], [0, 3], [-2, 2], [-1, 4], [1, 3], [-1, 1], [0, 4], [-1, -1], [-3, 6], [1, 6], [-2, -2], [-1, 1], [0, 2], [1, 4], [1, 0], [1, 2], [-2, 3], [0, 5], [-1, -1], [-2, 3], [1, 4], [-1, 5], [1, 1], [-1, 3], [1, 1], [-2, 0], [-1, 6], [-1, -1], [0, 4], [-2, 2], [0, 5], [-1, 3], [1, 2], [-2, 0], [0, -2], [-2, -1], [-1, 1], [-1, -3], [-1, 2], [0, 6], [-2, 4], [-1, 0], [0, 5], [-1, 3], [-1, 0], [1, 5], [-2, 5], [1, 5], [0, 5], [-2, 4], [0, 2], [-1, 7], [0, 8], [-1, 5], [1, 4], [1, 1], [0, 5], [-1, 3], [0, 16], [1, 7], [2, 2], [1, 5], [1, 3], [0, 6], [1, 2], [1, 3], [0, 5], [-2, 5], [0, 7], [1, 5], [1, 10], [0, 4], [-1, 4], [-2, 0], [-1, 6], [1, 0], [1, 3], [0, 10], [1, 4], [0, 5], [1, 2], [1, 10], [1, 2], [-1, 4], [1, 7], [0, 4], [-1, 3], [0, 7], [-2, 4], [0, 5], [1, 3], [0, -1], [1, 2], [1, -2], [0, 11], [1, 2], [-1, 3], [-1, 5], [0, 4], [-2, 2], [-1, 7], [-1, -1], [0, 2], [-1, 80], [-1, 24], [0, 11], [-1, 36], [0, 39], [-1, 25], [0, 18], [-1, 22], [0, 65], [-1, 47], [0, 50], [-1, 36], [0, 89], [-1, 30], [-1, 52], [0, 66], [-1, 46], [0, 26], [-1, 48], [0, 72], [-1, 32], [0, 32], [-1, 55], [-1, 61], [0, 18], [-1, 35], [0, 22], [-1, 34], [0, 49], [-1, 90], [-1, 62], [-1, 18], [-1, 70], [-1, 19], [-1, 62], [-2, 110], [-1, 27], [-1, 80], [-2, 95], [-1, 46], [0, 53], [-2, 64]], [[30117, 69625], [1, 2], [1, 0], [3, 5], [2, 3], [1, -3], [2, 2], [2, 0], [2, -3], [0, 2], [2, 4], [1, -1], [1, 1], [3, 4], [0, 3], [1, 7], [0, 4], [-2, 4], [0, 6], [-1, 5], [1, 4], [3, -4], [0, -2], [2, -5], [1, 0], [0, -4], [1, -2], [2, 0], [1, 1], [2, -2], [2, 6], [2, 2], [1, -2], [0, -8], [1, -1], [0, -4], [2, -3], [0, -4], [3, -1], [0, -5], [2, -1], [1, -2], [-1, -5], [0, -3], [2, -6], [1, -4], [-1, -6], [-1, -5], [-1, -10], [1, -1], [2, -9], [1, -5], [0, -5], [2, -4], [0, -4], [1, -3], [0, -4], [-1, -5], [1, -3], [2, -4], [1, -4], [2, -2], [1, 1], [4, -4], [1, -2], [1, 4], [2, 3], [1, -1], [1, 4], [-3, 8], [0, 3], [1, 7], [-1, 4], [0, 8], [2, 3], [1, 4], [1, 8], [1, 3], [0, 14], [-1, 3], [0, 2], [4, 5], [1, -1], [1, 4], [0, 7], [1, 4], [1, 12], [-1, 8], [-1, -1], [-1, 6], [0, 6], [-1, 3], [1, 5], [2, 4], [0, 4], [-1, 4], [0, 2], [1, 1], [0, 6], [2, 2], [-1, 15], [-2, 7], [0, 5], [-1, 3], [-2, 0], [0, 11], [1, 6], [1, 4], [1, 3], [1, 6], [2, 2], [1, 7], [0, 3], [2, 2], [1, -2], [2, 5], [2, -2], [2, -1], [1, -3], [1, 3], [1, 0], [1, -5], [2, -3], [0, -11], [3, -7], [1, -2], [0, -6], [5, -10], [2, 3], [2, 2], [1, -3], [2, 1], [1, 2], [2, -1], [3, -7], [1, -3], [0, -8], [3, -1], [4, 6], [1, 3], [-1, 4], [0, 7], [1, 4], [3, 2], [0, 7], [-2, 1], [-1, 5], [0, 4], [1, 2], [1, 7], [-1, 5], [-1, 1], [-3, 7], [1, 3], [-1, 2], [-2, 8], [-3, 2], [-1, 2], [-3, 4], [-1, 1], [0, 11], [-2, 2], [-1, 0], [0, 12], [-2, 5], [-3, 2], [-2, 8], [0, 4], [1, 8], [0, 5], [-1, 4], [-2, 2], [0, 8], [2, 6], [1, 1], [1, 6], [1, 4], [2, 3], [-1, 2], [1, 3], [1, 7], [1, 2], [2, 10], [1, -1], [1, 2], [-2, 6], [-1, 6], [1, 5], [-1, 2], [3, 2], [1, 7], [0, 3], [2, 4], [2, 6], [0, 3], [3, 9], [-1, 2], [2, 5], [0, 3], [3, 4], [1, -1], [2, 3], [1, 1], [0, 2], [1, 5], [2, 4], [0, 4], [2, 2], [1, 3], [2, 0], [0, 5], [1, 2], [1, 4], [0, 4], [1, 1], [1, 6], [1, 0], [2, 7], [0, 3], [1, 4], [-1, 2], [2, 5], [2, 1], [1, -2], [1, 1], [3, 5], [2, -5], [2, 3], [0, 6], [2, 4], [0, 2], [3, 3], [0, 2], [1, 2], [1, 4], [2, 3], [0, 2], [2, 2], [1, 4], [2, 4], [0, 2], [1, 3], [1, -1], [2, 2], [1, -4], [2, 0], [1, 2], [0, -2], [3, 5], [0, 3], [3, 3], [2, 4], [1, 0], [2, 5], [1, 3], [0, 7], [2, -1], [1, 6], [0, 2], [-1, 1], [-1, 4], [0, 5], [1, 3], [0, 4], [-2, 8], [-1, 0], [-2, 7], [1, 8], [-1, 4], [1, 4], [-2, 9], [-1, 1], [0, 6], [-1, 6], [3, 2], [2, -2], [1, 3], [0, 13], [2, 6], [0, 5], [4, 10], [1, 0], [1, 4], [-1, 4], [1, 2], [1, -2], [1, 1], [1, 5], [1, 2], [0, 1], [1, 6], [2, 3], [0, 3], [3, 1], [1, 2], [2, 1], [2, 2], [2, 1], [1, 5], [2, 2], [2, 7], [1, 1], [1, 5], [2, 5], [1, 5], [3, 4], [0, 4], [-1, 3], [1, 6], [2, 4], [0, 6], [-2, 2], [0, 7], [1, 3], [-2, 2], [0, 5], [2, 6], [1, 4], [4, 9], [0, 4], [-2, 1], [1, 2], [-2, 4], [0, 3], [-1, 4], [-1, -4], [-1, 0], [0, 6], [1, 2], [-1, 1], [-1, 5], [-2, -4], [-1, 1], [0, 3], [-1, 3], [-1, -3], [-1, 0], [-4, -2], [-1, 3], [-3, -4], [0, 3], [1, 2], [0, 13], [1, 1], [-1, 3], [3, 6], [1, 0], [1, 5], [2, 3], [0, 3], [-1, -1], [-1, 3], [-3, 2], [-1, 6], [1, 3], [-1, 5], [-1, 1], [0, 4], [-2, 5], [1, 3], [2, 4], [2, 3], [0, 3], [-1, 1], [2, 11], [1, 0], [1, 7], [3, 6], [0, 10], [-1, -1], [-1, 3], [-1, 0], [-1, -2], [-3, 0], [0, 2], [-1, -1], [-1, 3], [1, 5], [1, 2], [0, 7], [1, 3], [-1, 2], [1, 4], [2, 2], [0, 2], [1, 8], [1, 4], [0, 2], [2, 0], [1, 3], [5, -3], [1, 1], [0, 8], [-1, 2], [1, 7], [0, 5], [1, 4], [1, 3], [1, 4], [0, 3], [1, 6], [0, 8], [1, 2], [-2, 7], [-2, 1], [0, 4], [-3, 7], [0, 2], [-1, 2], [-1, 5], [-3, 6], [-1, 5], [-1, 7], [-1, 1], [0, 4], [-1, 3], [2, 5], [0, 4], [2, 5], [1, 5], [1, 2], [-1, 8], [1, 1], [1, 8], [0, 1], [2, 6], [1, 18], [2, 3], [-1, 4], [0, 10], [1, 6], [0, 2], [2, 7], [1, 7], [2, 6], [0, 8], [4, 4], [1, 4], [2, 2], [0, 12], [1, 4], [-1, 7], [0, 5], [-1, 6], [4, 13], [0, 3], [1, 6], [0, 3], [1, -1], [2, 3], [0, 2], [1, 2], [1, 3], [1, 1], [1, -2], [1, 4], [2, -2], [0, 3], [2, -3], [1, 3], [1, 2], [1, 7], [2, 0], [1, 1], [0, 13], [3, 4], [0, 3], [1, -3], [1, 2], [0, 4], [1, 1], [1, 7], [1, 6], [-1, 4], [1, 0], [1, 3], [2, 3], [0, -2], [2, 2], [1, -2], [4, 6], [2, 1], [0, 2], [6, 123], [5, 99], [5, 102], [12, 49], [20, 85], [23, 96], [17, 68], [13, 57], [17, 70], [20, 80], [14, 59], [26, 106], [18, 74], [18, 75], [17, 69], [2, -4], [4, -3], [1, -2], [1, 4], [2, -2], [1, 2], [3, 2], [1, -2], [0, -2], [1, -1], [2, -3], [-1, -2], [1, -1], [1, 5], [2, -4], [1, 0], [2, -5], [0, 3], [2, -3], [2, -1], [1, -3], [0, 2], [1, -4], [2, -2], [0, -1], [1, -1], [0, -9], [1, 0], [0, 3], [1, 1], [1, -5], [1, 0], [1, -3], [0, 1], [2, -2], [2, 4], [2, 0], [0, 3], [1, 2], [0, 2], [2, -1], [2, -7], [1, -2], [0, 4], [1, 0], [0, -5], [1, -1], [0, -5], [-1, -3], [2, -1], [0, -9], [1, 2], [0, -7], [-2, 1], [0, -2], [1, -1], [-1, -1], [-1, 2], [0, -3], [1, -5], [-1, 3], [-1, -9], [2, -5], [0, -3], [-2, 0], [-1, -3], [0, -2], [-1, 0], [0, -74], [1, -11], [0, -7], [-1, -1], [0, -7], [1, -4], [0, -13], [1, -8], [0, -9], [-1, -4], [0, -4], [3, -14], [2, -5], [1, -1], [2, -3], [9, -15], [2, -5], [1, -2], [4, -6], [1, -7], [0, -2], [2, 2], [0, -5], [1, 0], [2, 4], [3, -7], [1, -1], [0, -3], [1, 2], [1, -4], [0, -6], [2, -4], [1, 0], [1, -7], [2, -3], [0, 3], [2, 3], [1, -1], [2, 1], [1, 5], [2, 2], [3, 0], [1, 2], [2, 7], [2, 4], [3, 5], [1, 3], [3, 5], [1, 5], [2, 0], [7, 7], [3, 0], [2, 1], [3, 5], [5, 11], [1, 0], [2, 2], [2, 4], [3, -4], [1, 1], [2, 5], [2, 2], [1, -2], [2, -1], [4, -7], [1, 0], [1, 3], [2, 1], [4, 3], [2, 0], [3, 1], [2, 5], [2, 8], [1, 2], [1, 6], [-1, 7], [0, 4], [1, 4], [1, 8], [3, 7], [2, 0], [4, -4], [2, -1], [3, 3], [3, 8], [2, 3], [2, 2], [3, 0], [2, -3], [2, 0], [4, 4], [1, 0], [2, -4], [2, -11], [1, -2], [2, 0], [2, 1], [3, -3], [1, 1], [3, 7], [1, 0], [2, -1], [4, -1], [2, 0], [1, 2], [1, 4], [0, 5], [-2, 7], [-1, 3], [1, 5], [-1, 18], [2, 18], [0, 5], [2, 7], [2, 6], [3, 3], [3, 1], [2, 2], [2, 0], [2, -1], [4, -4], [2, 0], [3, 5], [2, 0], [3, -6], [2, -3], [4, 0], [4, 4], [2, -3], [1, -3], [0, -7], [1, -3], [3, -3], [2, 0], [7, -12], [5, -2], [1, -2], [1, -4], [0, -14], [2, -5], [1, -7], [2, -5], [2, -2], [2, -7], [8, -13], [3, -6], [1, -6], [0, -4], [1, -4], [2, -2], [2, -3], [6, -10], [3, -7], [2, -2], [1, -4], [3, -9], [2, -12], [2, -8], [5, -4], [4, -8], [2, -6], [0, -13], [1, -2], [2, -13], [1, -5], [2, -12], [2, -5], [3, -3], [1, -6], [1, -9], [3, -7], [1, -4], [0, -15], [1, -5], [1, -6], [2, -4], [2, -1], [6, -8], [2, -6], [3, -4], [2, -1], [3, -9], [2, -4], [3, -4], [1, -2], [0, -542], [1, -111], [1, -102], [0, -551], [1, -5], [0, -6], [2, 1], [0, -4], [1, 0], [1, -4], [2, -3], [0, -3], [1, -2], [1, -5], [-1, -6], [-1, 0], [-1, -3], [-1, 2], [-1, -9], [0, -5], [-3, -5], [-1, 1], [-2, -3], [0, -2], [-2, -4], [-1, -4], [-1, -2], [0, -16], [2, -4], [0, -6], [1, -3], [2, -9], [2, -8], [2, -2], [2, -8], [0, -7], [3, -6], [-3, -4], [0, -1], [-2, 1], [-2, -1], [-1, -4], [-5, -14], [-2, -10], [1, -16], [0, -13], [-1, -3], [0, -14], [4, -6], [3, -22], [-8, -2], [2, -39], [-4, -2], [4, -19], [10, 0], [4, -12], [3, 6], [1, -6], [1, -1], [1, -4], [1, -1], [1, 2], [1, -2], [1, 3], [0, 3], [-2, 3], [0, 3], [-1, 5], [-1, 8], [-1, 6], [2, 0], [1, -4], [2, -7], [2, 2], [0, -2], [1, -7], [2, -5], [1, -11], [1, -7], [0, -4], [4, -14], [1, -9], [2, -7], [1, 1], [5, -14], [2, 3], [-1, 8], [1, 3], [2, -5], [7, -17], [5, 0], [2, -5], [6, -9], [1, 1], [0, 2], [2, 1], [4, -3], [4, -9], [6, -1], [2, 5], [1, 7], [-2, 2], [1, 3], [2, 0], [2, 3], [1, -4], [1, 0], [1, 4], [3, 1], [2, -3], [0, -6], [1, -4], [4, -11], [1, -6], [1, -8], [-2, -4], [1, -9], [1, -5], [0, -3], [1, -5], [-1, -3], [0, -8], [-2, 0], [-1, -5], [0, -9], [1, -5], [-1, -5], [2, -3], [0, -2], [2, -4], [1, -9], [0, -3], [-2, 5], [-1, -6], [-1, 3], [-2, 2], [-1, 0], [-2, 6], [-1, -1], [1, -5], [0, -7], [-1, 2], [-3, 9], [-2, -5], [0, -5], [2, -2], [0, -1], [-1, -2], [-1, 2], [-1, -1], [-1, 1], [-1, -4], [-1, 2], [-1, -3], [0, -4], [-2, -1], [-1, 3], [-1, -2], [0, -12], [2, -7], [2, -6], [1, -4], [1, -6], [-1, -3], [0, -9], [2, -3], [0, -4], [-1, -2], [1, -5], [0, -7], [1, -2], [0, -7], [3, -1], [1, -8], [2, -7], [2, -3], [2, -9], [2, -5], [1, -6], [0, -5], [1, -7], [1, -2], [0, -5], [-2, 0], [-1, -2], [-1, -8], [0, -4], [2, -4], [0, -7], [-1, -2], [0, -10], [-3, -6], [-1, -6], [-2, -2], [-1, -5], [1, -8], [0, -5], [-2, -5], [0, -11], [-2, 0], [-1, -3], [1, -1], [0, -3], [-2, -3], [-1, -4], [-1, 4], [-1, 0], [0, -5], [-1, -6], [0, -2], [1, -1], [1, -5], [1, 0], [0, -7], [1, -7], [1, -2], [-1, -3], [1, -6], [2, -10], [1, -4], [2, 0], [1, -6], [0, -4], [2, -6], [1, -6], [0, -3], [2, -13], [0, -3], [1, -5], [-1, -10], [1, -2], [3, -2], [1, -9], [2, -4], [1, -1], [1, -5], [0, -5], [-2, -3], [0, -8], [3, -5], [1, -1], [2, -3], [1, 0], [3, -12], [4, -10], [-1, -1], [2, -4], [1, 1], [1, -4], [1, -1], [3, 7], [3, 0], [0, 13], [3, 1], [3, 5], [1, 7], [-2, 4], [0, 4], [1, 10], [2, 2], [0, 4], [-1, 3], [1, 5], [0, 7], [2, 5], [3, -1], [3, -3], [2, -6], [2, -3], [1, -3], [0, -6], [1, -2], [2, -3], [2, -6], [1, 0], [1, 4], [4, 5], [3, -6], [1, 0], [6, -1], [3, -4], [4, -18], [4, -16], [5, -23], [5, -44], [20, -140], [3, -11], [4, -19], [8, -21], [-1, -18], [-3, -20], [0, -20], [2, -11], [0, -11], [3, -15], [9, -4], [13, -36], [-5, -20], [-2, -3], [-2, -4], [-4, -3], [-3, -3], [-3, -6], [-3, -12], [-4, -22], [-5, -10], [-4, -6], [-1, -4], [-3, -10], [-3, -8], [-1, -2], [-1, -10], [-3, -13], [-6, -17], [-2, -7], [-2, -4], [-1, -12], [-1, -4], [-2, -7], [-2, -5], [-4, -8], [-1, -1], [-1, -9], [-2, -6], [-5, -9], [-2, -4], [-3, -3], [-1, -6], [-2, -9], [-1, -2], [-4, -9], [-2, -1], [-3, -9], [-4, -6], [-3, -4], [-5, -1], [-1, -2], [-3, -2], [-4, -2], [-2, 1], [-1, -6], [-2, -9], [-2, -6], [-4, -9], [-2, -3], [-4, -4], [-3, 0], [-4, 1], [-2, 2], [-1, -3], [-6, -10], [-2, -1], [-6, -4], [-1, 0], [1, -5], [0, -12], [-1, -11], [-1, -10], [-2, -9], [-2, -5], [-1, -4], [-4, -20], [-3, -9], [-2, -5], [-4, -8], [-4, -6], [-4, -8], [-2, -2], [-1, -4], [-2, -3], [-2, -4], [-4, -5], [-2, -1], [-6, -8], [-5, -2], [-2, 0], [-5, 3], [-5, 6], [-1, 4], [-1, -4], [-5, -4], [-3, -2], [-2, 0], [-4, 2], [-4, 3], [-4, 9], [-2, 4], [-3, 11], [-1, -3], [-3, -8], [-3, -4], [-1, -9], [2, -8], [0, -26], [-1, -16], [-3, -13], [-3, -11], [-6, -8], [-4, -3], [-5, -1], [-6, 6], [-2, 6], [-3, 8], [-2, 5], [-1, 4], [-2, -11], [-2, -7], [-6, -8], [-1, -15], [-2, -13], [-3, -8], [-2, -6], [-5, -7], [-3, -2], [-2, -1], [-3, 0], [-5, 3], [-2, 1], [-3, -3], [-3, -2], [-4, -4], [-8, -7], [0, -3], [1, -8], [0, -5], [1, 0], [0, -18], [-2, -20], [-3, -13], [-5, -14], [-4, -5], [1, -20], [-1, -9], [0, -25], [-1, -15], [-2, -14], [-1, -8], [-3, -8], [-2, -6], [-3, -4], [-3, -5], [-2, -2], [-4, -1], [-5, 1], [-3, -20], [-1, -4], [-4, -10], [-3, -6], [-2, -3], [-4, -3], [-3, 0], [-6, -6], [-3, 0], [-2, 1], [-2, 0], [-5, 5], [-10, 3], [-3, -12], [-2, -6], [-2, -7], [-5, -4], [-2, 0], [0, -7], [-1, -9], [-1, -5], [-5, -14], [-2, -7], [-3, -7], [-1, -6], [-3, -10], [-1, -4], [-4, -9], [-2, -4], [-4, -4], [-5, -1], [-3, 1], [-2, 2], [-3, -5], [-3, -3], [-3, -1], [-2, 0], [-6, 3], [-3, 4], [-3, 6], [-2, 5], [-3, -2], [-6, -22], [2, 1], [2, -1], [3, -1], [3, -4], [3, -5], [2, -6], [2, -7], [2, -8], [2, -18], [1, -8], [-1, -16], [-1, -13], [-2, -7], [-2, -10], [-6, -14], [-2, -5], [-3, -4], [-4, -2], [-3, -1], [-2, -7], [-2, -8], [-5, -15], [-1, -2], [1, -14], [0, -17], [-1, -11], [-4, -18], [-3, -12], [-5, -8], [-2, -3], [-4, -1], [-3, 0], [-4, 2], [-3, 3], [-1, 3], [-5, 3], [-2, 3], [-3, 6], [-4, 12], [-2, 9], [-1, 8], [0, 7], [-2, 0], [-4, 1], [-3, 3], [-2, 3], [-3, 6], [-3, 8], [-2, 11], [-2, 14], [0, 16], [1, 10], [-4, 4], [-2, 6], [-4, 9], [0, -7], [-2, -13], [-2, -7], [-3, -12], [-3, -7], [-3, -6], [-4, -4], [-1, -3], [-5, -11], [-6, -6], [-7, 0], [-3, 3], [-3, 4], [-3, 8], [-2, 7], [-2, 8], [-1, 7], [-4, -7], [-3, -4], [1, -4], [4, -15], [2, -12], [1, -10], [0, -21], [-1, -15], [-2, -10], [-2, -9], [-3, -9], [-6, -14], [-4, -7], [-3, -3], [-4, -1], [-3, 1], [-3, 3], [-3, 4], [-4, 9], [-4, 15], [-1, 5], [-1, 8], [-1, 13], [-1, 11], [0, 11], [2, 17], [1, 13], [-4, 7], [-2, 7], [-14, -17], [-3, -3], [-3, -6], [-6, -10], [-1, -1], [0, -4], [-2, -13], [-1, -4], [1, -13], [-3, -30], [-3, -11], [-4, -8], [-5, -5], [-5, -1], [-3, 1], [-3, -3], [-3, -1], [-4, 1], [-3, 3], [-4, 5], [-2, 5], [-2, -9], [-3, -4], [-1, -3], [-1, -8], [-1, -9], [-4, -18], [-3, -7], [-3, -5], [-2, -2], [-4, -2], [-4, 0], [-3, 2], [-3, 3], [-2, -6], [-4, -7], [-5, -3], [-4, 0], [-4, 3], [-6, -9], [-9, -17], [-25, -43], [-35, -59], [-4, -4], [-5, -11], [-2, -7], [-5, -21], [-5, -18], [-3, -8], [-3, -13], [-6, -21], [-3, -10], [-2, -9], [-2, -7], [-2, -13], [-2, -7], [-2, -6], [-4, -9], [-2, -5], [-2, -2], [-1, -6], [-3, -12], [-1, -7], [-2, -9], [-1, -3], [0, -10], [-1, -12], [-5, -20], [-5, -8], [-3, -3], [-1, -5], [-4, -9], [-2, -3], [-9, -9], [-3, -1], [-2, 2], [-3, -3], [-3, -2], [0, -8], [-1, -6], [-1, -8], [-4, -14], [-2, -4], [2, -6], [1, -5], [2, -21], [0, -7], [-2, -20], [-2, -12], [0, -12], [-1, -2], [0, -5], [1, -15], [-1, -8], [4, 10], [4, 6], [2, 2], [6, 0], [5, -3], [2, -2], [2, -6], [4, -10], [1, -5], [2, -11], [1, -8], [0, -19], [-1, -15], [-1, -7], [-3, -12], [-2, -7], [-3, -4], [-2, -4], [-3, -2], [-3, -1], [-2, 0], [-5, 3], [-2, 2], [-3, 6], [-4, 10], [-2, 12], [-1, 8], [-1, 16], [0, 13], [-4, -11], [-1, -8], [-2, -9], [-3, -10], [-2, -3], [0, -8], [-1, -17], [-1, -8], [-3, -12], [5, -2], [3, -3], [4, -6], [3, -11], [2, -5], [2, -16], [1, -7], [0, -9], [-1, -14], [0, -17], [-1, -10], [0, -23], [-2, -16], [-2, -9], [-4, -10], [-3, -5]]]}